state,type,portal,project_id,project_name,bid_due_date,document_url,file_name,file_size,spec_format,divisions,gcs_path,retrieved_date,status,doc_type
Maine,Vertical,maine_vertical,3843,3843,,https://www.maine.gov/dafs/bgs/sites/maine.gov.dafs.bgs/files/inline-files/3843_Project_Manual_DAFS.pdf,3843_Project_Manual_DAFS.pdf,3991753,CSI,00;01;03;04;05;06;07;08;09;10;11;12;22;23;26,gs://specindex-ai-raw-documents/specs/MAINE/3843/specbook_3843_Project_Manual_DAFS.pdf,2026-08-07,downloaded,specbook
Maine,Vertical,maine_vertical,3843,3843,,https://www.maine.gov/dafs/bgs/sites/maine.gov.dafs.bgs/files/inline-files/3843_Addendum_1_DAFS.pdf,3843_Addendum_1_DAFS.pdf,2891837,,,gs://specindex-ai-raw-documents/specs/MAINE/3843/addendum_3843_Addendum_1_DAFS.pdf,2026-08-07,downloaded,addendum
Maine,Vertical,maine_vertical,3843,3843,,https://www.maine.gov/dafs/bgs/sites/maine.gov.dafs.bgs/files/inline-files/3843_Addendum_2_DAFS.pdf,3843_Addendum_2_DAFS.pdf,3856490,CSI,00;01,gs://specindex-ai-raw-documents/specs/MAINE/3843/addendum_3843_Addendum_2_DAFS.pdf,2026-08-07,downloaded,addendum
Maine,Vertical,maine_vertical,3843,3843,,https://www.maine.gov/dafs/bgs/sites/maine.gov.dafs.bgs/files/inline-files/3843_Addendum_3_DAFS.pdf,3843_Addendum_3_DAFS.pdf,439960,CSI,00;01,gs://specindex-ai-raw-documents/specs/MAINE/3843/addendum_3843_Addendum_3_DAFS.pdf,2026-08-07,downloaded,addendum
Maine,Vertical,maine_vertical,3843,3843,,https://www.maine.gov/dafs/bgs/sites/maine.gov.dafs.bgs/files/inline-files/3843_Drawings_DAFS.pdf,3843_Drawings_DAFS.pdf,17158865,,,gs://specindex-ai-raw-documents/specs/MAINE/3843/drawings_3843_Drawings_DAFS.pdf,2026-08-07,downloaded,drawings
Maine,Vertical,maine_vertical,3843,3843,,https://www.maine.gov/dafs/bgs/sites/maine.gov.dafs.bgs/files/inline-files/3843_Legal_Ad_DAFS.pdf,3843_Legal_Ad_DAFS.pdf,114911,,,gs://specindex-ai-raw-documents/specs/MAINE/3843/advertisement_3843_Legal_Ad_DAFS.pdf,2026-08-07,downloaded,advertisement
Maine,Vertical,maine_vertical,3843,3843,,https://www.maine.gov/dafs/bgs/sites/maine.gov.dafs.bgs/files/inline-files/3843_Notice_to_Contractors_DAFS_.pdf,3843_Notice_to_Contractors_DAFS_.pdf,208685,,,gs://specindex-ai-raw-documents/specs/MAINE/3843/notice_3843_Notice_to_Contractors_DAFS_.pdf,2026-08-07,downloaded,notice
Maine,Vertical,maine_vertical,3337,3337,,https://www.maine.gov/dafs/bgs/sites/maine.gov.dafs.bgs/files/inline-files/3337_Project_Manual_DACF.pdf,3337_Project_Manual_DACF.pdf,3858872,CSI,00;01;31;32;33,gs://specindex-ai-raw-documents/specs/MAINE/3337/specbook_3337_Project_Manual_DACF.pdf,2026-08-07,downloaded,specbook
Maine,Vertical,maine_vertical,3337,3337,,https://www.maine.gov/dafs/bgs/sites/maine.gov.dafs.bgs/files/inline-files/3337_Drawings_DACF.pdf,3337_Drawings_DACF.pdf,3766968,,,gs://specindex-ai-raw-documents/specs/MAINE/3337/drawings_3337_Drawings_DACF.pdf,2026-08-07,downloaded,drawings
Maine,Vertical,maine_vertical,3337,3337,,https://www.maine.gov/dafs/bgs/sites/maine.gov.dafs.bgs/files/inline-files/3337_Legal_Ad_DACF.pdf,3337_Legal_Ad_DACF.pdf,109794,,,gs://specindex-ai-raw-documents/specs/MAINE/3337/advertisement_3337_Legal_Ad_DACF.pdf,2026-08-07,downloaded,advertisement
Maine,Vertical,maine_vertical,3337,3337,,https://www.maine.gov/dafs/bgs/sites/maine.gov.dafs.bgs/files/inline-files/3337_Notice_to_COntractors_DACF.pdf,3337_Notice_to_COntractors_DACF.pdf,229646,,,gs://specindex-ai-raw-documents/specs/MAINE/3337/notice_3337_Notice_to_COntractors_DACF.pdf,2026-08-07,downloaded,notice
Maine,Vertical,maine_vertical,3337,3337,,https://www.maine.gov/dafs/bgs/sites/maine.gov.dafs.bgs/files/inline-files/3337_Bid_Tabulation_DACF.pdf,3337_Bid_Tabulation_DACF.pdf,212118,,,gs://specindex-ai-raw-documents/specs/MAINE/3337/bid_tab_3337_Bid_Tabulation_DACF.pdf,2026-08-07,downloaded,bid_tab
Maine,Vertical,maine_vertical,3548,3548,,https://www.maine.gov/dafs/bgs/sites/maine.gov.dafs.bgs/files/inline-files/3548_Project_Manual_DVEM.pdf,3548_Project_Manual_DVEM.pdf,3369370,CSI,00;01,gs://specindex-ai-raw-documents/specs/MAINE/3548/specbook_3548_Project_Manual_DVEM.pdf,2026-08-07,downloaded,specbook
Maine,Vertical,maine_vertical,3548,3548,,https://www.maine.gov/dafs/bgs/sites/maine.gov.dafs.bgs/files/inline-files/3548_Addendum_1_DVEM.pdf,3548_Addendum_1_DVEM.pdf,660553,,,gs://specindex-ai-raw-documents/specs/MAINE/3548/addendum_3548_Addendum_1_DVEM.pdf,2026-08-07,downloaded,addendum
Maine,Vertical,maine_vertical,3548,3548,,https://www.maine.gov/dafs/bgs/sites/maine.gov.dafs.bgs/files/inline-files/3548_Drawings_DVEM.pdf,3548_Drawings_DVEM.pdf,7137215,,,gs://specindex-ai-raw-documents/specs/MAINE/3548/drawings_3548_Drawings_DVEM.pdf,2026-08-07,downloaded,drawings
Maine,Vertical,maine_vertical,3548,3548,,https://www.maine.gov/dafs/bgs/sites/maine.gov.dafs.bgs/files/inline-files/3548_Legal_Ad_DVEM.pdf,3548_Legal_Ad_DVEM.pdf,124415,,,gs://specindex-ai-raw-documents/specs/MAINE/3548/advertisement_3548_Legal_Ad_DVEM.pdf,2026-08-07,downloaded,advertisement
Maine,Vertical,maine_vertical,3548,3548,,https://www.maine.gov/dafs/bgs/sites/maine.gov.dafs.bgs/files/inline-files/3548_Notice_to_Contractors_DVEM.pdf,3548_Notice_to_Contractors_DVEM.pdf,242244,,,gs://specindex-ai-raw-documents/specs/MAINE/3548/notice_3548_Notice_to_Contractors_DVEM.pdf,2026-08-07,downloaded,notice
Maine,Vertical,maine_vertical,3548,3548,,https://www.maine.gov/dafs/bgs/sites/maine.gov.dafs.bgs/files/inline-files/3548_Bid_Tabulation_DVEM.pdf,3548_Bid_Tabulation_DVEM.pdf,127376,,,gs://specindex-ai-raw-documents/specs/MAINE/3548/bid_tab_3548_Bid_Tabulation_DVEM.pdf,2026-08-07,downloaded,bid_tab
Maine,Vertical,maine_vertical,3831,3831,,https://www.maine.gov/dafs/bgs/sites/maine.gov.dafs.bgs/files/inline-files/3831_Project_Manual.pdf,3831_Project_Manual.pdf,25680487,CSI,00;01;02;03;04;05;06;07;08;09;10;11;12;13;14;21;22;23;26;27;28;31;32;33,gs://specindex-ai-raw-documents/specs/MAINE/3831/specbook_3831_Project_Manual.pdf,2026-08-07,downloaded,specbook
Maine,Vertical,maine_vertical,3831,3831,,https://www.maine.gov/dafs/bgs/sites/maine.gov.dafs.bgs/files/inline-files/3831_Addendum_1_CMCC.pdf,3831_Addendum_1_CMCC.pdf,12332214,CSI,21;23;26;27,gs://specindex-ai-raw-documents/specs/MAINE/3831/addendum_3831_Addendum_1_CMCC.pdf,2026-08-07,downloaded,addendum
Maine,Vertical,maine_vertical,3831,3831,,https://www.maine.gov/dafs/bgs/sites/maine.gov.dafs.bgs/files/inline-files/3831_Drawings_MCCS.pdf,3831_Drawings_MCCS.pdf,37607976,,,gs://specindex-ai-raw-documents/specs/MAINE/3831/drawings_3831_Drawings_MCCS.pdf,2026-08-07,downloaded,drawings
Maine,Vertical,maine_vertical,3831,3831,,https://www.maine.gov/dafs/bgs/sites/maine.gov.dafs.bgs/files/inline-files/3831_Legal_Ad_MCCS.pdf,3831_Legal_Ad_MCCS.pdf,73965,,,gs://specindex-ai-raw-documents/specs/MAINE/3831/advertisement_3831_Legal_Ad_MCCS.pdf,2026-08-07,downloaded,advertisement
Maine,Vertical,maine_vertical,3831,3831,,https://www.maine.gov/dafs/bgs/sites/maine.gov.dafs.bgs/files/inline-files/3831_Notice_to_Contractors_MCCS.pdf,3831_Notice_to_Contractors_MCCS.pdf,123331,,,gs://specindex-ai-raw-documents/specs/MAINE/3831/notice_3831_Notice_to_Contractors_MCCS.pdf,2026-08-07,downloaded,notice
Maine,Vertical,maine_vertical,3831,3831,,https://www.maine.gov/dafs/bgs/sites/maine.gov.dafs.bgs/files/inline-files/3831_Pre_Bid_Sign_In-Sheet.pdf,3831_Pre_Bid_Sign_In-Sheet.pdf,750311,unreadable,,,2026-08-07,unreadable format,drawings
Maine,Vertical,maine_vertical,3831,3831,,https://www.maine.gov/dafs/bgs/sites/maine.gov.dafs.bgs/files/inline-files/3831_Bid_Tabulation_CMCC%202026_0.pdf,3831_Bid_Tabulation_CMCC%202026_0.pdf,168156,,,gs://specindex-ai-raw-documents/specs/MAINE/3831/bid_tab_3831_Bid_Tabulation_CMCC-202026_0.pdf,2026-08-07,downloaded,bid_tab
Maine,Vertical,maine_vertical,3845,3845,,https://www.maine.gov/dafs/bgs/sites/maine.gov.dafs.bgs/files/inline-files/3845_Project_Manual_DIFW.pdf,3845_Project_Manual_DIFW.pdf,2632837,CSI,00;01;23,gs://specindex-ai-raw-documents/specs/MAINE/3845/specbook_3845_Project_Manual_DIFW.pdf,2026-08-07,downloaded,specbook
Maine,Vertical,maine_vertical,3845,3845,,https://www.maine.gov/dafs/bgs/sites/maine.gov.dafs.bgs/files/inline-files/3845_Addendum_1_DIFW_0.pdf,3845_Addendum_1_DIFW_0.pdf,579568,,,gs://specindex-ai-raw-documents/specs/MAINE/3845/addendum_3845_Addendum_1_DIFW_0.pdf,2026-08-07,downloaded,addendum
Maine,Vertical,maine_vertical,3845,3845,,https://www.maine.gov/dafs/bgs/sites/maine.gov.dafs.bgs/files/inline-files/3845_Drawings_DIFW.pdf,3845_Drawings_DIFW.pdf,21562412,CSI,07,gs://specindex-ai-raw-documents/specs/MAINE/3845/drawings_3845_Drawings_DIFW.pdf,2026-08-07,downloaded,drawings
Maine,Vertical,maine_vertical,3845,3845,,https://www.maine.gov/dafs/bgs/sites/maine.gov.dafs.bgs/files/inline-files/3845_Legal_Ad_DIFW.pdf,3845_Legal_Ad_DIFW.pdf,100475,,,gs://specindex-ai-raw-documents/specs/MAINE/3845/advertisement_3845_Legal_Ad_DIFW.pdf,2026-08-07,downloaded,advertisement
Maine,Vertical,maine_vertical,3845,3845,,https://www.maine.gov/dafs/bgs/sites/maine.gov.dafs.bgs/files/inline-files/3845_Notice%20_to_Contractors_DIFW.pdf,3845_Notice%20_to_Contractors_DIFW.pdf,334731,,,gs://specindex-ai-raw-documents/specs/MAINE/3845/notice_3845_Notice-20_to_Contractors_DIFW.pdf,2026-08-07,downloaded,notice
Maine,Vertical,maine_vertical,3845,3845,,https://www.maine.gov/dafs/bgs/sites/maine.gov.dafs.bgs/files/inline-files/3845_Bid_Tabulation_Form.pdf,3845_Bid_Tabulation_Form.pdf,162323,,,gs://specindex-ai-raw-documents/specs/MAINE/3845/bid_tab_3845_Bid_Tabulation_Form.pdf,2026-08-07,downloaded,bid_tab
Maine,Vertical,maine_vertical,3809,3809,,https://www.maine.gov/dafs/bgs/sites/maine.gov.dafs.bgs/files/inline-files/3809_Project%20Manual_MCCS.pdf,3809_Project%20Manual_MCCS.pdf,8882846,CSI,00;01;02;03;04;05;06;07;08;09;10;11;12;13;14;21;22;23;26;27;28;31;32,gs://specindex-ai-raw-documents/specs/MAINE/3809/specbook_3809_Project-20Manual_MCCS.pdf,2026-08-07,downloaded,specbook
Maine,Vertical,maine_vertical,3809,3809,,https://www.maine.gov/dafs/bgs/sites/maine.gov.dafs.bgs/files/inline-files/3809_Addendum_1_SMCC_%231_Responses.pdf,3809_Addendum_1_SMCC_%231_Responses.pdf,1396150,,,gs://specindex-ai-raw-documents/specs/MAINE/3809/addendum_3809_Addendum_1_SMCC_-231_Responses.pdf,2026-08-07,downloaded,addendum
Maine,Vertical,maine_vertical,3809,3809,,https://www.maine.gov/dafs/bgs/sites/maine.gov.dafs.bgs/files/inline-files/3809_Addendum_2_SMCC.pdf,3809_Addendum_2_SMCC.pdf,2671880,CSI,01;13;23;26,gs://specindex-ai-raw-documents/specs/MAINE/3809/addendum_3809_Addendum_2_SMCC.pdf,2026-08-07,downloaded,addendum
Maine,Vertical,maine_vertical,3809,3809,,https://www.maine.gov/dafs/bgs/sites/maine.gov.dafs.bgs/files/inline-files/3809_Addendum_3_SMCC.pdf,3809_Addendum_3_SMCC.pdf,453336,,,gs://specindex-ai-raw-documents/specs/MAINE/3809/addendum_3809_Addendum_3_SMCC.pdf,2026-08-07,downloaded,addendum
Maine,Vertical,maine_vertical,3809,3809,,https://www.maine.gov/dafs/bgs/sites/maine.gov.dafs.bgs/files/inline-files/3809_Addendum_4_SMCC.pdf,3809_Addendum_4_SMCC.pdf,10358974,CSI,00;01;02;03;05;06;07;08;09;10;11;12;21;22;23;26;27;28;31;32;33,gs://specindex-ai-raw-documents/specs/MAINE/3809/addendum_3809_Addendum_4_SMCC.pdf,2026-08-07,downloaded,addendum
Maine,Vertical,maine_vertical,3809,3809,,https://www.maine.gov/dafs/bgs/sites/maine.gov.dafs.bgs/files/inline-files/3809_Addendum_5_SMCC.pdf,3809_Addendum_5_SMCC.pdf,859935,,,gs://specindex-ai-raw-documents/specs/MAINE/3809/addendum_3809_Addendum_5_SMCC.pdf,2026-08-07,downloaded,addendum
Maine,Vertical,maine_vertical,3809,3809,,https://www.maine.gov/dafs/bgs/sites/maine.gov.dafs.bgs/files/inline-files/3809_Addendum_6_SMCC.pdf,3809_Addendum_6_SMCC.pdf,441484,,,gs://specindex-ai-raw-documents/specs/MAINE/3809/addendum_3809_Addendum_6_SMCC.pdf,2026-08-07,downloaded,addendum
Maine,Vertical,maine_vertical,3809,3809,,https://www.maine.gov/dafs/bgs/sites/maine.gov.dafs.bgs/files/inline-files/3809_Drawings_MCCS.pdf,3809_Drawings_MCCS.pdf,17653350,CSI,03;04;08;21;23;26;27,gs://specindex-ai-raw-documents/specs/MAINE/3809/drawings_3809_Drawings_MCCS.pdf,2026-08-07,downloaded,drawings
Maine,Vertical,maine_vertical,3809,3809,,https://www.maine.gov/dafs/bgs/sites/maine.gov.dafs.bgs/files/inline-files/3809_Legal_Ad_MCCS.pdf,3809_Legal_Ad_MCCS.pdf,128756,,,gs://specindex-ai-raw-documents/specs/MAINE/3809/advertisement_3809_Legal_Ad_MCCS.pdf,2026-08-07,downloaded,advertisement
Maine,Vertical,maine_vertical,3809,3809,,https://www.maine.gov/dafs/bgs/sites/maine.gov.dafs.bgs/files/inline-files/3809_Notice_to_Contractors_MCCS.pdf,3809_Notice_to_Contractors_MCCS.pdf,134317,,,gs://specindex-ai-raw-documents/specs/MAINE/3809/notice_3809_Notice_to_Contractors_MCCS.pdf,2026-08-07,downloaded,notice
Maine,Vertical,maine_vertical,3809,3809,,https://www.maine.gov/dafs/bgs/sites/maine.gov.dafs.bgs/files/inline-files/3809_Pre_Bid_Sign_in_sheet.pdf,3809_Pre_Bid_Sign_in_sheet.pdf,187671,,,gs://specindex-ai-raw-documents/specs/MAINE/3809/drawings_3809_Pre_Bid_Sign_in_sheet.pdf,2026-08-07,downloaded,drawings
Maine,Vertical,maine_vertical,3809,3809,,https://www.maine.gov/dafs/bgs/sites/maine.gov.dafs.bgs/files/inline-files/3809_Bid_Tabulation_SMCC.pdf,3809_Bid_Tabulation_SMCC.pdf,150783,,,gs://specindex-ai-raw-documents/specs/MAINE/3809/bid_tab_3809_Bid_Tabulation_SMCC.pdf,2026-08-07,downloaded,bid_tab
Maine,Vertical,maine_vertical,3786,3786,,https://www.maine.gov/dafs/bgs/sites/maine.gov.dafs.bgs/files/inline-files/3786%20Project%20Manual%20KVCC.pdf,3786%20Project%20Manual%20KVCC.pdf,7124341,CSI,00;01;02;03;04;05;06;07;08;09;10;11;12;13;21;22;23;26,gs://specindex-ai-raw-documents/specs/MAINE/3786/specbook_3786-20Project-20Manual-20KVCC.pdf,2026-08-07,downloaded,specbook
Maine,Vertical,maine_vertical,3786,3786,,https://www.maine.gov/dafs/bgs/sites/maine.gov.dafs.bgs/files/inline-files/3786%20Addendum%201%20KVCC_0.pdf,3786%20Addendum%201%20KVCC_0.pdf,3134760,CSI,01,gs://specindex-ai-raw-documents/specs/MAINE/3786/addendum_3786-20Addendum-201-20KVCC_0.pdf,2026-08-07,downloaded,addendum
Maine,Vertical,maine_vertical,3786,3786,,https://www.maine.gov/dafs/bgs/sites/maine.gov.dafs.bgs/files/inline-files/3786%20Drawings%20KVCC.pdf,3786%20Drawings%20KVCC.pdf,5624560,DOT SS/SP,,gs://specindex-ai-raw-documents/specs/MAINE/3786/drawings_3786-20Drawings-20KVCC.pdf,2026-08-07,downloaded,drawings
Maine,Vertical,maine_vertical,3786,3786,,https://www.maine.gov/dafs/bgs/sites/maine.gov.dafs.bgs/files/inline-files/3786%20Legal%20Ad%20MCCS%20KVCC.pdf,3786%20Legal%20Ad%20MCCS%20KVCC.pdf,102390,,,gs://specindex-ai-raw-documents/specs/MAINE/3786/advertisement_3786-20Legal-20Ad-20MCCS-20KVCC.pdf,2026-08-07,downloaded,advertisement
Maine,Vertical,maine_vertical,3786,3786,,https://www.maine.gov/dafs/bgs/sites/maine.gov.dafs.bgs/files/inline-files/3786%20Notification%20to%20Contractors%20MCCS%20KVCC.pdf,3786%20Notification%20to%20Contractors%20MCCS%20KVCC.pdf,272095,,,gs://specindex-ai-raw-documents/specs/MAINE/3786/other_3786-20Notification-20to-20Contractors-20MCCS-20KVCC.pdf,2026-08-07,downloaded,other
Maine,Vertical,maine_vertical,3786,3786,,https://www.maine.gov/dafs/bgs/sites/maine.gov.dafs.bgs/files/inline-files/3786_Bid_Tabulation_KVCC.pdf,3786_Bid_Tabulation_KVCC.pdf,156765,,,gs://specindex-ai-raw-documents/specs/MAINE/3786/bid_tab_3786_Bid_Tabulation_KVCC.pdf,2026-08-07,downloaded,bid_tab
Maine,Vertical,maine_vertical,3560,3560,,https://www.maine.gov/dafs/bgs/sites/maine.gov.dafs.bgs/files/inline-files/3560%20Project%20Manual.pdf,3560%20Project%20Manual.pdf,20833052,CSI,00;01;02;03;04;05;06;07;08;09;10;11;12;13;14;21;22;23;24;26;31;32;33,gs://specindex-ai-raw-documents/specs/MAINE/3560/specbook_3560-20Project-20Manual.pdf,2026-08-07,downloaded,specbook
Maine,Vertical,maine_vertical,3560,3560,,https://www.maine.gov/dafs/bgs/sites/maine.gov.dafs.bgs/files/inline-files/3560%20Addendum%201%20DAFS%20Rev..pdf,3560%20Addendum%201%20DAFS%20Rev..pdf,2951027,,,gs://specindex-ai-raw-documents/specs/MAINE/3560/addendum_3560-20Addendum-201-20DAFS-20Rev..pdf,2026-08-07,downloaded,addendum
Maine,Vertical,maine_vertical,3560,3560,,https://www.maine.gov/dafs/bgs/sites/maine.gov.dafs.bgs/files/inline-files/3560%20Drawings%20DAFS.pdf,3560%20Drawings%20DAFS.pdf,30240149,,,gs://specindex-ai-raw-documents/specs/MAINE/3560/drawings_3560-20Drawings-20DAFS.pdf,2026-08-07,downloaded,drawings
Maine,Vertical,maine_vertical,3560,3560,,https://www.maine.gov/dafs/bgs/sites/maine.gov.dafs.bgs/files/inline-files/3560%20Legal%20Ad%20DAFS.pdf,3560%20Legal%20Ad%20DAFS.pdf,120776,,,gs://specindex-ai-raw-documents/specs/MAINE/3560/advertisement_3560-20Legal-20Ad-20DAFS.pdf,2026-08-07,downloaded,advertisement
Maine,Vertical,maine_vertical,3560,3560,,https://www.maine.gov/dafs/bgs/sites/maine.gov.dafs.bgs/files/inline-files/3560%20Notice%20to%20Contractors%20DAFS.pdf,3560%20Notice%20to%20Contractors%20DAFS.pdf,276434,,,gs://specindex-ai-raw-documents/specs/MAINE/3560/notice_3560-20Notice-20to-20Contractors-20DAFS.pdf,2026-08-07,downloaded,notice
Maine,Vertical,maine_vertical,3560,3560,,https://www.maine.gov/dafs/bgs/sites/maine.gov.dafs.bgs/files/inline-files/3560%20Bids%20Results%20DAFS_0.pdf,3560%20Bids%20Results%20DAFS_0.pdf,271922,,,gs://specindex-ai-raw-documents/specs/MAINE/3560/other_3560-20Bids-20Results-20DAFS_0.pdf,2026-08-07,downloaded,other
Maine,Vertical,maine_vertical,3779,3779,,https://www.maine.gov/dafs/bgs/sites/maine.gov.dafs.bgs/files/inline-files/3779%20Project%20Manual%20DACF_0.pdf,3779%20Project%20Manual%20DACF_0.pdf,5874145,CSI,00;01;02;03;04;05;06;07;08;09;21;31;32;33,gs://specindex-ai-raw-documents/specs/MAINE/3779/specbook_3779-20Project-20Manual-20DACF_0.pdf,2026-08-07,downloaded,specbook
Maine,Vertical,maine_vertical,3779,3779,,https://www.maine.gov/dafs/bgs/sites/maine.gov.dafs.bgs/files/inline-files/3779%20Addendum%201%20DACF.pdf,3779%20Addendum%201%20DACF.pdf,1312066,CSI,01,gs://specindex-ai-raw-documents/specs/MAINE/3779/addendum_3779-20Addendum-201-20DACF.pdf,2026-08-07,downloaded,addendum
Maine,Vertical,maine_vertical,3779,3779,,https://www.maine.gov/dafs/bgs/sites/maine.gov.dafs.bgs/files/inline-files/3779%20Addendum%201%20Assessment%20DACF.pdf,3779%20Addendum%201%20Assessment%20DACF.pdf,21032539,,,gs://specindex-ai-raw-documents/specs/MAINE/3779/addendum_3779-20Addendum-201-20Assessment-20DACF.pdf,2026-08-07,downloaded,addendum
Maine,Vertical,maine_vertical,3779,3779,,https://www.maine.gov/dafs/bgs/sites/maine.gov.dafs.bgs/files/inline-files/3779%20Addendum%202%20DACF.pdf,3779%20Addendum%202%20DACF.pdf,241186,,,gs://specindex-ai-raw-documents/specs/MAINE/3779/addendum_3779-20Addendum-202-20DACF.pdf,2026-08-07,downloaded,addendum
Maine,Vertical,maine_vertical,3779,3779,,https://www.maine.gov/dafs/bgs/sites/maine.gov.dafs.bgs/files/inline-files/3779%20Addendum%203%20DACF.pdf,3779%20Addendum%203%20DACF.pdf,567531,,,gs://specindex-ai-raw-documents/specs/MAINE/3779/addendum_3779-20Addendum-203-20DACF.pdf,2026-08-07,downloaded,addendum
Maine,Vertical,maine_vertical,3779,3779,,https://www.maine.gov/dafs/bgs/sites/maine.gov.dafs.bgs/files/inline-files/3779%20Addendum%203%20%20TFC%20DACF.pdf,3779%20Addendum%203%20%20TFC%20DACF.pdf,465043,CSI,,gs://specindex-ai-raw-documents/specs/MAINE/3779/addendum_3779-20Addendum-203-20-20TFC-20DACF.pdf,2026-08-07,downloaded,addendum
Maine,Vertical,maine_vertical,3779,3779,,https://www.maine.gov/dafs/bgs/sites/maine.gov.dafs.bgs/files/inline-files/3779%20Drawings%20DACF.pdf,3779%20Drawings%20DACF.pdf,9514166,,,gs://specindex-ai-raw-documents/specs/MAINE/3779/drawings_3779-20Drawings-20DACF.pdf,2026-08-07,downloaded,drawings
Maine,Vertical,maine_vertical,3779,3779,,https://www.maine.gov/dafs/bgs/sites/maine.gov.dafs.bgs/files/inline-files/3779%20Legal%20Ad%20DACF.pdf,3779%20Legal%20Ad%20DACF.pdf,86339,,,gs://specindex-ai-raw-documents/specs/MAINE/3779/advertisement_3779-20Legal-20Ad-20DACF.pdf,2026-08-07,downloaded,advertisement
Maine,Vertical,maine_vertical,3779,3779,,https://www.maine.gov/dafs/bgs/sites/maine.gov.dafs.bgs/files/inline-files/3779%20Notice%20to%20Contractors%20DACF.pdf,3779%20Notice%20to%20Contractors%20DACF.pdf,259352,,,gs://specindex-ai-raw-documents/specs/MAINE/3779/notice_3779-20Notice-20to-20Contractors-20DACF.pdf,2026-08-07,downloaded,notice
Maine,Vertical,maine_vertical,3779,3779,,https://www.maine.gov/dafs/bgs/sites/maine.gov.dafs.bgs/files/inline-files/3779%20Bid%20Tabulation.pdf,3779%20Bid%20Tabulation.pdf,153103,,,gs://specindex-ai-raw-documents/specs/MAINE/3779/bid_tab_3779-20Bid-20Tabulation.pdf,2026-08-07,downloaded,bid_tab
Maine,Vertical,maine_vertical,3674,3674,,https://www.maine.gov/dafs/bgs/sites/maine.gov.dafs.bgs/files/inline-files/3674%20Project%20Manual%20SMCC%20MCCS.pdf,3674%20Project%20Manual%20SMCC%20MCCS.pdf,3349414,CSI,00;01;02;03;04;05;06;07;08;09;10;11;12;21;22;23;24;26;27;28;29;31;32;33,gs://specindex-ai-raw-documents/specs/MAINE/3674/specbook_3674-20Project-20Manual-20SMCC-20MCCS.pdf,2026-08-07,downloaded,specbook
Maine,Vertical,maine_vertical,3674,3674,,https://www.maine.gov/dafs/bgs/sites/maine.gov.dafs.bgs/files/inline-files/3674%20Addendum%201%202025-08.pdf,3674%20Addendum%201%202025-08.pdf,10386510,,,gs://specindex-ai-raw-documents/specs/MAINE/3674/addendum_3674-20Addendum-201-202025-08.pdf,2026-08-07,downloaded,addendum
Maine,Vertical,maine_vertical,3674,3674,,https://www.maine.gov/dafs/bgs/sites/maine.gov.dafs.bgs/files/inline-files/3674%20Legal%20Ad%20SMCC%20MCCS.pdf,3674%20Legal%20Ad%20SMCC%20MCCS.pdf,34276,,,gs://specindex-ai-raw-documents/specs/MAINE/3674/advertisement_3674-20Legal-20Ad-20SMCC-20MCCS.pdf,2026-08-07,downloaded,advertisement
Maine,Vertical,maine_vertical,3674,3674,,https://www.maine.gov/dafs/bgs/sites/maine.gov.dafs.bgs/files/inline-files/3674%20Notice%20to%20Contractors%20SMCC%20MCCS.pdf,3674%20Notice%20to%20Contractors%20SMCC%20MCCS.pdf,33207,,,gs://specindex-ai-raw-documents/specs/MAINE/3674/notice_3674-20Notice-20to-20Contractors-20SMCC-20MCCS.pdf,2026-08-07,downloaded,notice
Maine,Vertical,maine_vertical,3674,3674,,https://www.maine.gov/dafs/bgs/sites/maine.gov.dafs.bgs/files/inline-files/3674%20Drawing%20SMCC%20MCCS.pdf,3674%20Drawing%20SMCC%20MCCS.pdf,12527400,,,gs://specindex-ai-raw-documents/specs/MAINE/3674/drawings_3674-20Drawing-20SMCC-20MCCS.pdf,2026-08-07,downloaded,drawings
Maine,Vertical,maine_vertical,3674,3674,,https://www.maine.gov/dafs/bgs/sites/maine.gov.dafs.bgs/files/inline-files/3674%20Bid%20Tabulation%20Form.pdf,3674%20Bid%20Tabulation%20Form.pdf,151626,,,gs://specindex-ai-raw-documents/specs/MAINE/3674/bid_tab_3674-20Bid-20Tabulation-20Form.pdf,2026-08-07,downloaded,bid_tab
Maine,Vertical,maine_vertical,3852,3852,,https://www.maine.gov/dafs/bgs/sites/maine.gov.dafs.bgs/files/inline-files/3852%20Project%20Manual%20DACF.pdf,3852%20Project%20Manual%20DACF.pdf,1353622,CSI,00;01;02;03;07;08,gs://specindex-ai-raw-documents/specs/MAINE/3852/specbook_3852-20Project-20Manual-20DACF.pdf,2026-08-07,downloaded,specbook
Maine,Vertical,maine_vertical,3852,3852,,https://www.maine.gov/dafs/bgs/sites/maine.gov.dafs.bgs/files/inline-files/3852%20Addendum%201%20DACF.pdf,3852%20Addendum%201%20DACF.pdf,13894144,,,gs://specindex-ai-raw-documents/specs/MAINE/3852/addendum_3852-20Addendum-201-20DACF.pdf,2026-08-07,downloaded,addendum
Maine,Vertical,maine_vertical,3852,3852,,https://www.maine.gov/dafs/bgs/sites/maine.gov.dafs.bgs/files/inline-files/3852%20Drawings%20DACF.pdf,3852%20Drawings%20DACF.pdf,2787839,,,gs://specindex-ai-raw-documents/specs/MAINE/3852/drawings_3852-20Drawings-20DACF.pdf,2026-08-07,downloaded,drawings
Maine,Vertical,maine_vertical,3852,3852,,https://www.maine.gov/dafs/bgs/sites/maine.gov.dafs.bgs/files/inline-files/3852%20Legal%20Ad%20MFS.pdf,3852%20Legal%20Ad%20MFS.pdf,81298,,,gs://specindex-ai-raw-documents/specs/MAINE/3852/advertisement_3852-20Legal-20Ad-20MFS.pdf,2026-08-07,downloaded,advertisement
Maine,Vertical,maine_vertical,3852,3852,,https://www.maine.gov/dafs/bgs/sites/maine.gov.dafs.bgs/files/inline-files/3852%20Notice%20to%20Contractors%20MFS.pdf,3852%20Notice%20to%20Contractors%20MFS.pdf,267289,,,gs://specindex-ai-raw-documents/specs/MAINE/3852/notice_3852-20Notice-20to-20Contractors-20MFS.pdf,2026-08-07,downloaded,notice
Maine,Vertical,maine_vertical,3852,3852,,https://www.maine.gov/dafs/bgs/sites/maine.gov.dafs.bgs/files/inline-files/3852%20Bid%20Results.pdf,3852%20Bid%20Results.pdf,208218,,,gs://specindex-ai-raw-documents/specs/MAINE/3852/other_3852-20Bid-20Results.pdf,2026-08-07,downloaded,other
Maine,Vertical,maine_vertical,3403,3403,,https://www.maine.gov/dafs/bgs/sites/maine.gov.dafs.bgs/files/inline-files/3403%20Project%20Manual%20DOE%20rebid.pdf,3403%20Project%20Manual%20DOE%20rebid.pdf,7964066,CSI,01,gs://specindex-ai-raw-documents/specs/MAINE/3403/specbook_3403-20Project-20Manual-20DOE-20rebid.pdf,2026-08-07,downloaded,specbook
Maine,Vertical,maine_vertical,3403,3403,,https://www.maine.gov/dafs/bgs/sites/maine.gov.dafs.bgs/files/inline-files/3403%20Addendum%201%20DOE%20rebid.pdf,3403%20Addendum%201%20DOE%20rebid.pdf,1634492,,,gs://specindex-ai-raw-documents/specs/MAINE/3403/addendum_3403-20Addendum-201-20DOE-20rebid.pdf,2026-08-07,downloaded,addendum
Maine,Vertical,maine_vertical,3403,3403,,https://www.maine.gov/dafs/bgs/sites/maine.gov.dafs.bgs/files/inline-files/3403%20Addendum%202%20Rebid%20Connor%202025-06-26%2010377.028_2.pdf,3403%20Addendum%202%20Rebid%20Connor%202025-06-26%2010377.028_2.pdf,525204,,,gs://specindex-ai-raw-documents/specs/MAINE/3403/addendum_3403-20Addendum-202-20Rebid-20Connor-202025-06-26-2010377.028_2.pdf,2026-08-07,downloaded,addendum
Maine,Vertical,maine_vertical,3403,3403,,https://www.maine.gov/dafs/bgs/sites/maine.gov.dafs.bgs/files/inline-files/3403%20Drawings%20DOE%20Rebid.pdf,3403%20Drawings%20DOE%20Rebid.pdf,9019560,CSI,07,gs://specindex-ai-raw-documents/specs/MAINE/3403/drawings_3403-20Drawings-20DOE-20Rebid.pdf,2026-08-07,downloaded,drawings
Maine,Vertical,maine_vertical,3403,3403,,https://www.maine.gov/dafs/bgs/sites/maine.gov.dafs.bgs/files/inline-files/3403%20Legal%20Ad%20DOE%20rebid.pdf,3403%20Legal%20Ad%20DOE%20rebid.pdf,531214,,,gs://specindex-ai-raw-documents/specs/MAINE/3403/advertisement_3403-20Legal-20Ad-20DOE-20rebid.pdf,2026-08-07,downloaded,advertisement
Maine,Vertical,maine_vertical,3403,3403,,https://www.maine.gov/dafs/bgs/sites/maine.gov.dafs.bgs/files/inline-files/3403%20Notice%20to%20Contractors%20DOE%20rebid.pdf,3403%20Notice%20to%20Contractors%20DOE%20rebid.pdf,274471,,,gs://specindex-ai-raw-documents/specs/MAINE/3403/notice_3403-20Notice-20to-20Contractors-20DOE-20rebid.pdf,2026-08-07,downloaded,notice
Maine,Vertical,maine_vertical,3403,3403,,https://www.maine.gov/dafs/bgs/sites/maine.gov.dafs.bgs/files/inline-files/3403%20Bid%20Tabulation%20Form.pdf,3403%20Bid%20Tabulation%20Form.pdf,171367,,,gs://specindex-ai-raw-documents/specs/MAINE/3403/bid_tab_3403-20Bid-20Tabulation-20Form.pdf,2026-08-07,downloaded,bid_tab
Maine,Vertical,maine_vertical,,Project,,https://www.maine.gov/dafs/bgs/sites/maine.gov.dafs.bgs/files/inline-files/Project%20Manual%20Boothbay%20Sprinkler.pdf,Project%20Manual%20Boothbay%20Sprinkler.pdf,24933828,CSI,00;01;02;21;22,gs://specindex-ai-raw-documents/specs/MAINE/unknown/specbook_Project-20Manual-20Boothbay-20Sprinkler.pdf,2026-08-07,downloaded,specbook
Maine,Vertical,maine_vertical,,Project,,https://www.maine.gov/dafs/bgs/sites/maine.gov.dafs.bgs/files/inline-files/Project%20Manual%20YHS%20Science%20Classroom.pdf,Project%20Manual%20YHS%20Science%20Classroom.pdf,5409684,CSI,00;01;02;03;06;07;08;09;10;11;12;21;22;23;24;26;27;28;31,gs://specindex-ai-raw-documents/specs/MAINE/unknown/specbook_Project-20Manual-20YHS-20Science-20Classroom.pdf,2026-08-07,downloaded,specbook
Maine,Vertical,maine_vertical,3600,3600,,https://www.maine.gov/dafs/bgs/sites/maine.gov.dafs.bgs/files/inline-files/3600%20Project%20Manual%20IFW.pdf,3600%20Project%20Manual%20IFW.pdf,5295472,CSI,00;01,gs://specindex-ai-raw-documents/specs/MAINE/3600/specbook_3600-20Project-20Manual-20IFW.pdf,2026-08-07,downloaded,specbook
Maine,Vertical,maine_vertical,3600,3600,,https://www.maine.gov/dafs/bgs/sites/maine.gov.dafs.bgs/files/inline-files/3600%20Addendum%201.pdf,3600%20Addendum%201.pdf,103424,,,gs://specindex-ai-raw-documents/specs/MAINE/3600/addendum_3600-20Addendum-201.pdf,2026-08-07,downloaded,addendum
Maine,Vertical,maine_vertical,3600,3600,,https://www.maine.gov/dafs/bgs/sites/maine.gov.dafs.bgs/files/inline-files/3600%20Drawings%20IFW.pdf,3600%20Drawings%20IFW.pdf,1143142,,,gs://specindex-ai-raw-documents/specs/MAINE/3600/drawings_3600-20Drawings-20IFW.pdf,2026-08-07,downloaded,drawings
Maine,Vertical,maine_vertical,3600,3600,,https://www.maine.gov/dafs/bgs/sites/maine.gov.dafs.bgs/files/inline-files/3600%20Notice%20to%20Contractors%20IFW.pdf,3600%20Notice%20to%20Contractors%20IFW.pdf,267878,,,gs://specindex-ai-raw-documents/specs/MAINE/3600/notice_3600-20Notice-20to-20Contractors-20IFW.pdf,2026-08-07,downloaded,notice
Maine,Vertical,maine_vertical,3600,3600,,https://www.maine.gov/dafs/bgs/sites/maine.gov.dafs.bgs/files/inline-files/3600%20Bid%20Tabulation%20Form%20.pdf,3600%20Bid%20Tabulation%20Form%20.pdf,33879,,,gs://specindex-ai-raw-documents/specs/MAINE/3600/bid_tab_3600-20Bid-20Tabulation-20Form-20.pdf,2026-08-07,downloaded,bid_tab
Maine,Vertical,maine_vertical,3766,3766,,https://www.maine.gov/dafs/bgs/sites/maine.gov.dafs.bgs/files/inline-files/3766%20Drawings%20and%20Project%20Manual.pdf,3766%20Drawings%20and%20Project%20Manual.pdf,28452806,CSI,00;01;26;27;31;32,gs://specindex-ai-raw-documents/specs/MAINE/3766/drawings_3766-20Drawings-20and-20Project-20Manual.pdf,2026-08-07,downloaded,drawings
Maine,Vertical,maine_vertical,3766,3766,,https://www.maine.gov/dafs/bgs/sites/maine.gov.dafs.bgs/files/inline-files/3766%20Addendum%201%20IFW.pdf,3766%20Addendum%201%20IFW.pdf,191793,,,gs://specindex-ai-raw-documents/specs/MAINE/3766/addendum_3766-20Addendum-201-20IFW.pdf,2026-08-07,downloaded,addendum
Maine,Vertical,maine_vertical,3766,3766,,https://www.maine.gov/dafs/bgs/sites/maine.gov.dafs.bgs/files/inline-files/3766%20Notice%20to%20Contractors%20IFW%20Greenville%20Generator.pdf,3766%20Notice%20to%20Contractors%20IFW%20Greenville%20Generator.pdf,312422,,,gs://specindex-ai-raw-documents/specs/MAINE/3766/notice_3766-20Notice-20to-20Contractors-20IFW-20Greenville-20Generator.pdf,2026-08-07,downloaded,notice
Maine,Vertical,maine_vertical,3466,3466,,https://www.maine.gov/dafs/bgs/sites/maine.gov.dafs.bgs/files/inline-files/3466%20Project%20Manual%20ACF%20Mt%20Battie.pdf,3466%20Project%20Manual%20ACF%20Mt%20Battie.pdf,3962898,CSI,00;01,gs://specindex-ai-raw-documents/specs/MAINE/3466/specbook_3466-20Project-20Manual-20ACF-20Mt-20Battie.pdf,2026-08-07,downloaded,specbook
Maine,Vertical,maine_vertical,3466,3466,,https://www.maine.gov/dafs/bgs/sites/maine.gov.dafs.bgs/files/inline-files/3466%20Addendum%20%231%20ACF%20Mt%20Battie.pdf,3466%20Addendum%20%231%20ACF%20Mt%20Battie.pdf,65495,,,gs://specindex-ai-raw-documents/specs/MAINE/3466/addendum_3466-20Addendum-20-231-20ACF-20Mt-20Battie.pdf,2026-08-07,downloaded,addendum
Maine,Vertical,maine_vertical,3466,3466,,https://www.maine.gov/dafs/bgs/sites/maine.gov.dafs.bgs/files/inline-files/3466%20Addendum%20%231%20Drawings%20ACF%20Mt%20Battie.pdf,3466%20Addendum%20%231%20Drawings%20ACF%20Mt%20Battie.pdf,5582978,,,gs://specindex-ai-raw-documents/specs/MAINE/3466/drawings_3466-20Addendum-20-231-20Drawings-20ACF-20Mt-20Battie.pdf,2026-08-07,downloaded,drawings
Maine,Vertical,maine_vertical,3466,3466,,https://www.maine.gov/dafs/bgs/sites/maine.gov.dafs.bgs/files/inline-files/3466%20IFB%20Drawings%20ACF%20Mt%20Battie.pdf,3466%20IFB%20Drawings%20ACF%20Mt%20Battie.pdf,2975421,,,gs://specindex-ai-raw-documents/specs/MAINE/3466/drawings_3466-20IFB-20Drawings-20ACF-20Mt-20Battie.pdf,2026-08-07,downloaded,drawings
Maine,Vertical,maine_vertical,3466,3466,,https://www.maine.gov/dafs/bgs/sites/maine.gov.dafs.bgs/files/inline-files/3466%20Legal%20Ad%20ACF%20Mt%20Battie.pdf,3466%20Legal%20Ad%20ACF%20Mt%20Battie.pdf,15932,,,gs://specindex-ai-raw-documents/specs/MAINE/3466/advertisement_3466-20Legal-20Ad-20ACF-20Mt-20Battie.pdf,2026-08-07,downloaded,advertisement
Maine,Vertical,maine_vertical,3466,3466,,https://www.maine.gov/dafs/bgs/sites/maine.gov.dafs.bgs/files/inline-files/3466%20Bid%20Tab%20ACF%20Mt%20Battie.pdf,3466%20Bid%20Tab%20ACF%20Mt%20Battie.pdf,38719,,,gs://specindex-ai-raw-documents/specs/MAINE/3466/bid_tab_3466-20Bid-20Tab-20ACF-20Mt-20Battie.pdf,2026-08-07,downloaded,bid_tab
Maine,Vertical,maine_vertical,3799,3799,,https://www.maine.gov/dafs/bgs/sites/maine.gov.dafs.bgs/files/inline-files/3799_Specifications_MJB.pdf,3799_Specifications_MJB.pdf,13946302,CSI,00;01;03;04;05;06;07;08;09;10;12;14;21;22;23;26;31;32;33,gs://specindex-ai-raw-documents/specs/MAINE/3799/specbook_3799_Specifications_MJB.pdf,2026-08-07,downloaded,specbook
Maine,Vertical,maine_vertical,3799,3799,,https://www.maine.gov/dafs/bgs/sites/maine.gov.dafs.bgs/files/inline-files/3799_Addendum_1_MJB.pdf,3799_Addendum_1_MJB.pdf,447164,CSI,23;26,gs://specindex-ai-raw-documents/specs/MAINE/3799/addendum_3799_Addendum_1_MJB.pdf,2026-08-07,downloaded,addendum
Maine,Vertical,maine_vertical,3799,3799,,https://www.maine.gov/dafs/bgs/sites/maine.gov.dafs.bgs/files/inline-files/3799_Addendum_2_MJB.pdf,3799_Addendum_2_MJB.pdf,105052,,,gs://specindex-ai-raw-documents/specs/MAINE/3799/addendum_3799_Addendum_2_MJB.pdf,2026-08-07,downloaded,addendum
Maine,Vertical,maine_vertical,3799,3799,,https://www.maine.gov/dafs/bgs/sites/maine.gov.dafs.bgs/files/inline-files/3799_Addendum_3.pdf,3799_Addendum_3.pdf,2084270,CSI,23;26;32,gs://specindex-ai-raw-documents/specs/MAINE/3799/addendum_3799_Addendum_3.pdf,2026-08-07,downloaded,addendum
Maine,Vertical,maine_vertical,3799,3799,,https://www.maine.gov/dafs/bgs/sites/maine.gov.dafs.bgs/files/inline-files/3799_Drawings_MJB.pdf,3799_Drawings_MJB.pdf,33592289,,,gs://specindex-ai-raw-documents/specs/MAINE/3799/drawings_3799_Drawings_MJB.pdf,2026-08-07,downloaded,drawings
Maine,Vertical,maine_vertical,3799,3799,,https://www.maine.gov/dafs/bgs/sites/maine.gov.dafs.bgs/files/inline-files/3799%20Legal%20AD.pdf,3799%20Legal%20AD.pdf,61258,,,gs://specindex-ai-raw-documents/specs/MAINE/3799/advertisement_3799-20Legal-20AD.pdf,2026-08-07,downloaded,advertisement
Maine,Vertical,maine_vertical,3799,3799,,https://www.maine.gov/dafs/bgs/sites/maine.gov.dafs.bgs/files/inline-files/3799%20Notice%20to%20General%20Contractor%20DAFS%20HJCC.pdf,3799%20Notice%20to%20General%20Contractor%20DAFS%20HJCC.pdf,131977,,,gs://specindex-ai-raw-documents/specs/MAINE/3799/notice_3799-20Notice-20to-20General-20Contractor-20DAFS-20HJCC.pdf,2026-08-07,downloaded,notice
Maine,Vertical,maine_vertical,3799,3799,,https://www.maine.gov/dafs/bgs/sites/maine.gov.dafs.bgs/files/inline-files/3799_Notice_to_Contractors_MJB.pdf,3799_Notice_to_Contractors_MJB.pdf,238474,CSI,26,gs://specindex-ai-raw-documents/specs/MAINE/3799/notice_3799_Notice_to_Contractors_MJB.pdf,2026-08-07,downloaded,notice
Maine,Vertical,maine_vertical,3799,3799,,https://www.maine.gov/dafs/bgs/sites/maine.gov.dafs.bgs/files/inline-files/3799_Bid_Tabulation_.pdf,3799_Bid_Tabulation_.pdf,130873,,,gs://specindex-ai-raw-documents/specs/MAINE/3799/bid_tab_3799_Bid_Tabulation_.pdf,2026-08-07,downloaded,bid_tab
Maine,Vertical,maine_vertical,3799,3799,,https://www.maine.gov/dafs/bgs/sites/maine.gov.dafs.bgs/files/inline-files/3799%20Legal%20Ad%20Ellsworth%20Court%20House%202026.pdf,3799%20Legal%20Ad%20Ellsworth%20Court%20House%202026.pdf,126439,,,gs://specindex-ai-raw-documents/specs/MAINE/3799/advertisement_3799-20Legal-20Ad-20Ellsworth-20Court-20House-202026.pdf,2026-08-07,downloaded,advertisement
Maine,Vertical,maine_vertical,3799,3799,,https://www.maine.gov/dafs/bgs/sites/maine.gov.dafs.bgs/files/inline-files/3799%20RFQ%20Information%20Sheet%20Ellsworth%20Court%20House%202026.pdf,3799%20RFQ%20Information%20Sheet%20Ellsworth%20Court%20House%202026.pdf,240992,,,gs://specindex-ai-raw-documents/specs/MAINE/3799/drawings_3799-20RFQ-20Information-20Sheet-20Ellsworth-20Court-20House-202026.pdf,2026-08-07,downloaded,drawings
Maine,Vertical,maine_vertical,3971,3971,,https://www.maine.gov/dafs/bgs/sites/maine.gov.dafs.bgs/files/inline-files/3971_Specifications_and_Drawings_DVEM.pdf,3971_Specifications_and_Drawings_DVEM.pdf,31616838,unreadable,,,2026-08-07,unreadable format,drawings
Maine,Vertical,maine_vertical,3971,3971,,https://www.maine.gov/dafs/bgs/sites/maine.gov.dafs.bgs/files/inline-files/3971_Manual_DVEM.pdf,3971_Manual_DVEM.pdf,36656986,unreadable,,,2026-08-07,unreadable format,other
Maine,Vertical,maine_vertical,3971,3971,,https://www.maine.gov/dafs/bgs/sites/maine.gov.dafs.bgs/files/inline-files/3971_Legal_Ad_DVEM.pdf,3971_Legal_Ad_DVEM.pdf,130280,,,gs://specindex-ai-raw-documents/specs/MAINE/3971/advertisement_3971_Legal_Ad_DVEM.pdf,2026-08-07,downloaded,advertisement
Maine,Vertical,maine_vertical,3971,3971,,https://www.maine.gov/dafs/bgs/sites/maine.gov.dafs.bgs/files/inline-files/3971_Notice_to_Contractors_DVEM_0.pdf,3971_Notice_to_Contractors_DVEM_0.pdf,218469,,,gs://specindex-ai-raw-documents/specs/MAINE/3971/notice_3971_Notice_to_Contractors_DVEM_0.pdf,2026-08-07,downloaded,notice
Maine,Vertical,maine_vertical,,Specifications,,https://www.maine.gov/dafs/bgs/sites/maine.gov.dafs.bgs/files/inline-files/Specifications_Yarmouth_Rowe.pdf,Specifications_Yarmouth_Rowe.pdf,1529156,,,gs://specindex-ai-raw-documents/specs/MAINE/unknown/other_Specifications_Yarmouth_Rowe.pdf,2026-08-07,downloaded,other
Maine,Vertical,maine_vertical,,Specifications,,https://www.maine.gov/dafs/bgs/sites/maine.gov.dafs.bgs/files/inline-files/Specifications_MSAD75_Bowdoin.pdf,Specifications_MSAD75_Bowdoin.pdf,2370477,CSI,00;01;02;03;33,gs://specindex-ai-raw-documents/specs/MAINE/unknown/specbook_Specifications_MSAD75_Bowdoin.pdf,2026-08-07,downloaded,specbook
Maine,Vertical,maine_vertical,,Specifications,,https://www.maine.gov/dafs/bgs/sites/maine.gov.dafs.bgs/files/inline-files/Specifications%20Yarmouth%20Pump%20Station.pdf,Specifications%20Yarmouth%20Pump%20Station.pdf,3586572,CSI,01;26;31;32;33,gs://specindex-ai-raw-documents/specs/MAINE/unknown/specbook_Specifications-20Yarmouth-20Pump-20Station.pdf,2026-08-07,downloaded,specbook
Maine,Vertical,maine_vertical,3820,3820,,https://www.maine.gov/dafs/bgs/sites/maine.gov.dafs.bgs/files/inline-files/3820_Specifications_DOC_MSP.pdf,3820_Specifications_DOC_MSP.pdf,2012178,CSI,00;01;02;03;05;06;07;08;09;10;22;23;26;27;31;32,gs://specindex-ai-raw-documents/specs/MAINE/3820/specbook_3820_Specifications_DOC_MSP.pdf,2026-08-07,downloaded,specbook
Maine,Vertical,maine_vertical,3820,3820,,https://www.maine.gov/dafs/bgs/sites/maine.gov.dafs.bgs/files/inline-files/3820_Addendum_1_DOC.pdf,3820_Addendum_1_DOC.pdf,196307,,,gs://specindex-ai-raw-documents/specs/MAINE/3820/addendum_3820_Addendum_1_DOC.pdf,2026-08-07,downloaded,addendum
Maine,Vertical,maine_vertical,3820,3820,,https://www.maine.gov/dafs/bgs/sites/maine.gov.dafs.bgs/files/inline-files/3820_Drawings_DOC-MSP.pdf,3820_Drawings_DOC-MSP.pdf,13347970,CSI,07;23,gs://specindex-ai-raw-documents/specs/MAINE/3820/drawings_3820_Drawings_DOC-MSP.pdf,2026-08-07,downloaded,drawings
Maine,Vertical,maine_vertical,3820,3820,,https://www.maine.gov/dafs/bgs/sites/maine.gov.dafs.bgs/files/inline-files/3820_Legal_Ad_DOC_MSP_0.pdf,3820_Legal_Ad_DOC_MSP_0.pdf,103845,,,gs://specindex-ai-raw-documents/specs/MAINE/3820/advertisement_3820_Legal_Ad_DOC_MSP_0.pdf,2026-08-07,downloaded,advertisement
Maine,Vertical,maine_vertical,3820,3820,,https://www.maine.gov/dafs/bgs/sites/maine.gov.dafs.bgs/files/inline-files/3820_Notice_to_Contractors_DOC_MSP.pdf,3820_Notice_to_Contractors_DOC_MSP.pdf,286528,,,gs://specindex-ai-raw-documents/specs/MAINE/3820/notice_3820_Notice_to_Contractors_DOC_MSP.pdf,2026-08-07,downloaded,notice
Maine,Vertical,maine_vertical,3820,3820,,https://www.maine.gov/dafs/bgs/sites/maine.gov.dafs.bgs/files/inline-files/3820_Bid_Tabulation_DOC.pdf,3820_Bid_Tabulation_DOC.pdf,154430,,,gs://specindex-ai-raw-documents/specs/MAINE/3820/bid_tab_3820_Bid_Tabulation_DOC.pdf,2026-08-07,downloaded,bid_tab
Maine,Vertical,maine_vertical,3897,3897,,https://www.maine.gov/dafs/bgs/sites/maine.gov.dafs.bgs/files/inline-files/3897_Specifications_DHHS_Bld%20B.pdf,3897_Specifications_DHHS_Bld%20B.pdf,937335,CSI,01;03;06;07;08;09;33,gs://specindex-ai-raw-documents/specs/MAINE/3897/specbook_3897_Specifications_DHHS_Bld-20B.pdf,2026-08-07,downloaded,specbook
Maine,Vertical,maine_vertical,3897,3897,,https://www.maine.gov/dafs/bgs/sites/maine.gov.dafs.bgs/files/inline-files/3897_Addendum_1_DHHS_1.pdf,3897_Addendum_1_DHHS_1.pdf,21769933,,,gs://specindex-ai-raw-documents/specs/MAINE/3897/addendum_3897_Addendum_1_DHHS_1.pdf,2026-08-07,downloaded,addendum
Maine,Vertical,maine_vertical,3897,3897,,https://www.maine.gov/dafs/bgs/sites/maine.gov.dafs.bgs/files/inline-files/3897_Drawings_DHHS_Bld%20B..pdf,3897_Drawings_DHHS_Bld%20B..pdf,2017101,,,gs://specindex-ai-raw-documents/specs/MAINE/3897/drawings_3897_Drawings_DHHS_Bld-20B..pdf,2026-08-07,downloaded,drawings
Maine,Vertical,maine_vertical,3897,3897,,https://www.maine.gov/dafs/bgs/sites/maine.gov.dafs.bgs/files/inline-files/3897_Legal_%20Ad_DHHS-Bld%20B.pdf,3897_Legal_%20Ad_DHHS-Bld%20B.pdf,123174,,,gs://specindex-ai-raw-documents/specs/MAINE/3897/other_3897_Legal_-20Ad_DHHS-Bld-20B.pdf,2026-08-07,downloaded,other
Maine,Vertical,maine_vertical,3897,3897,,https://www.maine.gov/dafs/bgs/sites/maine.gov.dafs.bgs/files/inline-files/3897_Notice_to_Contractors_DHHS_Bld%20B.pdf,3897_Notice_to_Contractors_DHHS_Bld%20B.pdf,194575,,,gs://specindex-ai-raw-documents/specs/MAINE/3897/notice_3897_Notice_to_Contractors_DHHS_Bld-20B.pdf,2026-08-07,downloaded,notice
Maine,Vertical,maine_vertical,3867,3867,,https://www.maine.gov/dafs/bgs/sites/maine.gov.dafs.bgs/files/inline-files/3867_Specifications_DHHS-RPC.pdf,3867_Specifications_DHHS-RPC.pdf,5707042,CSI,01;02,gs://specindex-ai-raw-documents/specs/MAINE/3867/specbook_3867_Specifications_DHHS-RPC.pdf,2026-08-07,downloaded,specbook
Maine,Vertical,maine_vertical,3867,3867,,https://www.maine.gov/dafs/bgs/sites/maine.gov.dafs.bgs/files/inline-files/3867_Addendum_1_DHHS_RPC.pdf,3867_Addendum_1_DHHS_RPC.pdf,101708,,,gs://specindex-ai-raw-documents/specs/MAINE/3867/addendum_3867_Addendum_1_DHHS_RPC.pdf,2026-08-07,downloaded,addendum
Maine,Vertical,maine_vertical,3867,3867,,https://www.maine.gov/dafs/bgs/sites/maine.gov.dafs.bgs/files/inline-files/3867_Addendum_2_DHHS.pdf,3867_Addendum_2_DHHS.pdf,230320,,,gs://specindex-ai-raw-documents/specs/MAINE/3867/addendum_3867_Addendum_2_DHHS.pdf,2026-08-07,downloaded,addendum
Maine,Vertical,maine_vertical,3867,3867,,https://www.maine.gov/dafs/bgs/sites/maine.gov.dafs.bgs/files/inline-files/3867_Legal_%20Ad_DHHS%20RPC.pdf,3867_Legal_%20Ad_DHHS%20RPC.pdf,115758,,,gs://specindex-ai-raw-documents/specs/MAINE/3867/other_3867_Legal_-20Ad_DHHS-20RPC.pdf,2026-08-07,downloaded,other
Maine,Vertical,maine_vertical,3867,3867,,https://www.maine.gov/dafs/bgs/sites/maine.gov.dafs.bgs/files/inline-files/3867_Notice_to_Contractors_DHHS-RPC.pdf,3867_Notice_to_Contractors_DHHS-RPC.pdf,195705,,,gs://specindex-ai-raw-documents/specs/MAINE/3867/notice_3867_Notice_to_Contractors_DHHS-RPC.pdf,2026-08-07,downloaded,notice
Maine,Vertical,maine_vertical,3867,3867,,https://www.maine.gov/dafs/bgs/sites/maine.gov.dafs.bgs/files/inline-files/3867_Bid_Tabulation_DHHS.pdf,3867_Bid_Tabulation_DHHS.pdf,161138,,,gs://specindex-ai-raw-documents/specs/MAINE/3867/bid_tab_3867_Bid_Tabulation_DHHS.pdf,2026-08-07,downloaded,bid_tab
Maine,Vertical,maine_vertical,3899,3899,,https://www.maine.gov/dafs/bgs/sites/maine.gov.dafs.bgs/files/inline-files/3899_Specifications_DACF%20%282%29_0.pdf,3899_Specifications_DACF%20%282%29_0.pdf,3932689,CSI,00;01,gs://specindex-ai-raw-documents/specs/MAINE/3899/specbook_3899_Specifications_DACF-20-282-29_0.pdf,2026-08-07,downloaded,specbook
Maine,Vertical,maine_vertical,3899,3899,,https://www.maine.gov/dafs/bgs/sites/maine.gov.dafs.bgs/files/inline-files/3899%20Specifications%20DACF.pdf,3899%20Specifications%20DACF.pdf,4998681,CSI,00;01,gs://specindex-ai-raw-documents/specs/MAINE/3899/specbook_3899-20Specifications-20DACF.pdf,2026-08-07,downloaded,specbook
Maine,Vertical,maine_vertical,3899,3899,,https://www.maine.gov/dafs/bgs/sites/maine.gov.dafs.bgs/files/inline-files/3899_Drawings_DACF%20%282%29_0.pdf,3899_Drawings_DACF%20%282%29_0.pdf,1548357,,,gs://specindex-ai-raw-documents/specs/MAINE/3899/drawings_3899_Drawings_DACF-20-282-29_0.pdf,2026-08-07,downloaded,drawings
Maine,Vertical,maine_vertical,3899,3899,,https://www.maine.gov/dafs/bgs/sites/maine.gov.dafs.bgs/files/inline-files/3899_Legal_Ad_DACF_0.pdf,3899_Legal_Ad_DACF_0.pdf,156818,,,gs://specindex-ai-raw-documents/specs/MAINE/3899/advertisement_3899_Legal_Ad_DACF_0.pdf,2026-08-07,downloaded,advertisement
Maine,Vertical,maine_vertical,3899,3899,,https://www.maine.gov/dafs/bgs/sites/maine.gov.dafs.bgs/files/inline-files/3899_Notice%20to%20Contractors_DACF_0.pdf,3899_Notice%20to%20Contractors_DACF_0.pdf,342370,,,gs://specindex-ai-raw-documents/specs/MAINE/3899/notice_3899_Notice-20to-20Contractors_DACF_0.pdf,2026-08-07,downloaded,notice
Maine,Vertical,maine_vertical,3899,3899,,https://www.maine.gov/dafs/bgs/sites/maine.gov.dafs.bgs/files/inline-files/3899_Bid_Results_DACF.pdf,3899_Bid_Results_DACF.pdf,467491,,,gs://specindex-ai-raw-documents/specs/MAINE/3899/other_3899_Bid_Results_DACF.pdf,2026-08-07,downloaded,other
Maine,Vertical,maine_vertical,3899,3899,,https://www.maine.gov/dafs/bgs/sites/maine.gov.dafs.bgs/files/inline-files/3899%20Legal%20Ad%20DACF.pdf,3899%20Legal%20Ad%20DACF.pdf,109382,,,gs://specindex-ai-raw-documents/specs/MAINE/3899/advertisement_3899-20Legal-20Ad-20DACF.pdf,2026-08-07,downloaded,advertisement
Maine,Vertical,maine_vertical,3899,3899,,https://www.maine.gov/dafs/bgs/sites/maine.gov.dafs.bgs/files/inline-files/3899%20Notice%20to%20Contractors%20DACF.pdf,3899%20Notice%20to%20Contractors%20DACF.pdf,250963,,,gs://specindex-ai-raw-documents/specs/MAINE/3899/notice_3899-20Notice-20to-20Contractors-20DACF.pdf,2026-08-07,downloaded,notice
Maine,Vertical,maine_vertical,3899,3899,,https://www.maine.gov/dafs/bgs/sites/maine.gov.dafs.bgs/files/inline-files/3899_Bid_Results_DACF_0.pdf,3899_Bid_Results_DACF_0.pdf,467491,,,gs://specindex-ai-raw-documents/specs/MAINE/3899/other_3899_Bid_Results_DACF_0.pdf,2026-08-07,downloaded,other
Maine,Vertical,maine_vertical,3393,3393,,https://www.maine.gov/dafs/bgs/sites/maine.gov.dafs.bgs/files/inline-files/3393%20Specifications.pdf,3393%20Specifications.pdf,8628867,CSI,00;01;03;31;32;35,gs://specindex-ai-raw-documents/specs/MAINE/3393/specbook_3393-20Specifications.pdf,2026-08-07,downloaded,specbook
Maine,Vertical,maine_vertical,3393,3393,,https://www.maine.gov/dafs/bgs/sites/maine.gov.dafs.bgs/files/inline-files/3393%20Addendum%201.pdf,3393%20Addendum%201.pdf,102772,CSI,03,gs://specindex-ai-raw-documents/specs/MAINE/3393/addendum_3393-20Addendum-201.pdf,2026-08-07,downloaded,addendum
Maine,Vertical,maine_vertical,3393,3393,,https://www.maine.gov/dafs/bgs/sites/maine.gov.dafs.bgs/files/inline-files/3393%20Legal%20Ad%20DACF.pdf,3393%20Legal%20Ad%20DACF.pdf,109790,,,gs://specindex-ai-raw-documents/specs/MAINE/3393/advertisement_3393-20Legal-20Ad-20DACF.pdf,2026-08-07,downloaded,advertisement
Maine,Vertical,maine_vertical,3393,3393,,https://www.maine.gov/dafs/bgs/sites/maine.gov.dafs.bgs/files/inline-files/3393%20Notice%20to%20Contractors%20DACF.pdf,3393%20Notice%20to%20Contractors%20DACF.pdf,252735,,,gs://specindex-ai-raw-documents/specs/MAINE/3393/notice_3393-20Notice-20to-20Contractors-20DACF.pdf,2026-08-07,downloaded,notice
Maine,Vertical,maine_vertical,3393,3393,,https://www.maine.gov/dafs/bgs/sites/maine.gov.dafs.bgs/files/inline-files/3393%20Bid%20Results%20DACF_0.pdf,3393%20Bid%20Results%20DACF_0.pdf,182468,,,gs://specindex-ai-raw-documents/specs/MAINE/3393/other_3393-20Bid-20Results-20DACF_0.pdf,2026-08-07,downloaded,other
Maine,Vertical,maine_vertical,3894,3894,,https://www.maine.gov/dafs/bgs/sites/maine.gov.dafs.bgs/files/inline-files/3894%20Specifications%20DMR.pdf,3894%20Specifications%20DMR.pdf,16319974,CSI,00;01;02;03;31;32,gs://specindex-ai-raw-documents/specs/MAINE/3894/specbook_3894-20Specifications-20DMR.pdf,2026-08-07,downloaded,specbook
Maine,Vertical,maine_vertical,3894,3894,,https://www.maine.gov/dafs/bgs/sites/maine.gov.dafs.bgs/files/inline-files/3894%20Addendum%201%20DMR_0.pdf,3894%20Addendum%201%20DMR_0.pdf,456503,,,gs://specindex-ai-raw-documents/specs/MAINE/3894/addendum_3894-20Addendum-201-20DMR_0.pdf,2026-08-07,downloaded,addendum
Maine,Vertical,maine_vertical,3894,3894,,https://www.maine.gov/dafs/bgs/sites/maine.gov.dafs.bgs/files/inline-files/3894%20Drawings_0.pdf,3894%20Drawings_0.pdf,16844828,unreadable,,,2026-08-07,unreadable format,drawings
Maine,Vertical,maine_vertical,3894,3894,,https://www.maine.gov/dafs/bgs/sites/maine.gov.dafs.bgs/files/inline-files/3894%20Legal%20Ad%20DMR.pdf,3894%20Legal%20Ad%20DMR.pdf,130485,,,gs://specindex-ai-raw-documents/specs/MAINE/3894/advertisement_3894-20Legal-20Ad-20DMR.pdf,2026-08-07,downloaded,advertisement
Maine,Vertical,maine_vertical,3894,3894,,https://www.maine.gov/dafs/bgs/sites/maine.gov.dafs.bgs/files/inline-files/3894%20Notice%20to%20Contractors%20DMR.pdf,3894%20Notice%20to%20Contractors%20DMR.pdf,917516,,,gs://specindex-ai-raw-documents/specs/MAINE/3894/notice_3894-20Notice-20to-20Contractors-20DMR.pdf,2026-08-07,downloaded,notice
Maine,Vertical,maine_vertical,3894,3894,,https://www.maine.gov/dafs/bgs/sites/maine.gov.dafs.bgs/files/inline-files/3894_Bid_Results_DMR_0.pdf,3894_Bid_Results_DMR_0.pdf,217996,,,gs://specindex-ai-raw-documents/specs/MAINE/3894/other_3894_Bid_Results_DMR_0.pdf,2026-08-07,downloaded,other
Maine,Vertical,maine_vertical,3748,3748,,https://www.maine.gov/dafs/bgs/sites/maine.gov.dafs.bgs/files/inline-files/3748%20Specifications%20DAFS%20%232.pdf,3748%20Specifications%20DAFS%20%232.pdf,9841565,CSI,00;01;02;03;05;06;07;08;09;31;32,gs://specindex-ai-raw-documents/specs/MAINE/3748/specbook_3748-20Specifications-20DAFS-20-232.pdf,2026-08-07,downloaded,specbook
Maine,Vertical,maine_vertical,3748,3748,,https://www.maine.gov/dafs/bgs/sites/maine.gov.dafs.bgs/files/inline-files/3748%20Drawings%20DAFS%20%232.pdf,3748%20Drawings%20DAFS%20%232.pdf,6133113,,,gs://specindex-ai-raw-documents/specs/MAINE/3748/drawings_3748-20Drawings-20DAFS-20-232.pdf,2026-08-07,downloaded,drawings
Maine,Vertical,maine_vertical,3748,3748,,https://www.maine.gov/dafs/bgs/sites/maine.gov.dafs.bgs/files/inline-files/3748%20Legal%20Ad%20DAFS%20%232pdf.pdf,3748%20Legal%20Ad%20DAFS%20%232pdf.pdf,135972,,,gs://specindex-ai-raw-documents/specs/MAINE/3748/advertisement_3748-20Legal-20Ad-20DAFS-20-232pdf.pdf,2026-08-07,downloaded,advertisement
Maine,Vertical,maine_vertical,3748,3748,,https://www.maine.gov/dafs/bgs/sites/maine.gov.dafs.bgs/files/inline-files/3748%20Notice%20to%20Contractors%20DAFS%20%232.pdf,3748%20Notice%20to%20Contractors%20DAFS%20%232.pdf,137668,,,gs://specindex-ai-raw-documents/specs/MAINE/3748/notice_3748-20Notice-20to-20Contractors-20DAFS-20-232.pdf,2026-08-07,downloaded,notice
Maine,Vertical,maine_vertical,3748,3748,,https://www.maine.gov/dafs/bgs/sites/maine.gov.dafs.bgs/files/inline-files/3748_Bid_Tabulation..pdf,3748_Bid_Tabulation..pdf,167932,,,gs://specindex-ai-raw-documents/specs/MAINE/3748/bid_tab_3748_Bid_Tabulation..pdf,2026-08-07,downloaded,bid_tab
Maine,Vertical,maine_vertical,3143,3143,,https://www.maine.gov/dafs/bgs/sites/maine.gov.dafs.bgs/files/inline-files/3143%20Specifications%20DAFS.pdf,3143%20Specifications%20DAFS.pdf,25871505,CSI,00;01;02;03;04;05;06;07;08;09;10;11;12;14;21;22;23;26;27;28;31;32;33,gs://specindex-ai-raw-documents/specs/MAINE/3143/specbook_3143-20Specifications-20DAFS.pdf,2026-08-07,downloaded,specbook
Maine,Vertical,maine_vertical,3143,3143,,https://www.maine.gov/dafs/bgs/sites/maine.gov.dafs.bgs/files/inline-files/3143%20Addendum%201%20DAFS.pdf,3143%20Addendum%201%20DAFS.pdf,143145,,,gs://specindex-ai-raw-documents/specs/MAINE/3143/addendum_3143-20Addendum-201-20DAFS.pdf,2026-08-07,downloaded,addendum
Maine,Vertical,maine_vertical,3143,3143,,https://www.maine.gov/dafs/bgs/sites/maine.gov.dafs.bgs/files/inline-files/3143%20Addendum%202%20DAFS.pdf,3143%20Addendum%202%20DAFS.pdf,43309425,,,gs://specindex-ai-raw-documents/specs/MAINE/3143/addendum_3143-20Addendum-202-20DAFS.pdf,2026-08-07,downloaded,addendum
Maine,Vertical,maine_vertical,3143,3143,,https://www.maine.gov/dafs/bgs/sites/maine.gov.dafs.bgs/files/inline-files/3143%20Addendum%203%20DAFS_0.pdf,3143%20Addendum%203%20DAFS_0.pdf,42664740,CSI,01;03;04;07;08;22;23;26;27,gs://specindex-ai-raw-documents/specs/MAINE/3143/addendum_3143-20Addendum-203-20DAFS_0.pdf,2026-08-07,downloaded,addendum
Maine,Vertical,maine_vertical,3143,3143,,https://www.maine.gov/dafs/bgs/sites/maine.gov.dafs.bgs/files/inline-files/3143%20Addendum%204%20-%20221%20State%20Street%20Building%20Renovations.pdf,3143%20Addendum%204%20-%20221%20State%20Street%20Building%20Renovations.pdf,81013,,,gs://specindex-ai-raw-documents/specs/MAINE/3143/addendum_3143-20Addendum-204-20--20221-20State-20Street-20Building-20Renovations.pdf,2026-08-07,downloaded,addendum
Maine,Vertical,maine_vertical,3143,3143,,https://www.maine.gov/dafs/bgs/sites/maine.gov.dafs.bgs/files/inline-files/3143%20Addendum%205%20DAFS.pdf,3143%20Addendum%205%20DAFS.pdf,8884974,CSI,01;27,gs://specindex-ai-raw-documents/specs/MAINE/3143/addendum_3143-20Addendum-205-20DAFS.pdf,2026-08-07,downloaded,addendum
Maine,Vertical,maine_vertical,3143,3143,,https://www.maine.gov/dafs/bgs/sites/maine.gov.dafs.bgs/files/inline-files/3143%20Addendum%206%20DAFS.pdf,3143%20Addendum%206%20DAFS.pdf,88161,,,gs://specindex-ai-raw-documents/specs/MAINE/3143/addendum_3143-20Addendum-206-20DAFS.pdf,2026-08-07,downloaded,addendum
Maine,Vertical,maine_vertical,3143,3143,,https://www.maine.gov/dafs/bgs/sites/maine.gov.dafs.bgs/files/inline-files/3143%20Addendum%207%20DAFS_Part1.pdf,3143%20Addendum%207%20DAFS_Part1.pdf,33163974,CSI,01;26;27,gs://specindex-ai-raw-documents/specs/MAINE/3143/addendum_3143-20Addendum-207-20DAFS_Part1.pdf,2026-08-07,downloaded,addendum
Maine,Vertical,maine_vertical,3143,3143,,https://www.maine.gov/dafs/bgs/sites/maine.gov.dafs.bgs/files/inline-files/3143%20Addendum%207%20DAFS_Part2.pdf,3143%20Addendum%207%20DAFS_Part2.pdf,47810410,unreadable,,,2026-08-07,unreadable format,addendum
Maine,Vertical,maine_vertical,3143,3143,,https://www.maine.gov/dafs/bgs/sites/maine.gov.dafs.bgs/files/inline-files/3143%20Addendum%207%20DAFS_Part3.pdf,3143%20Addendum%207%20DAFS_Part3.pdf,9547225,unreadable,,,2026-08-07,unreadable format,addendum
Maine,Vertical,maine_vertical,3143,3143,,https://www.maine.gov/dafs/bgs/sites/maine.gov.dafs.bgs/files/inline-files/3143%20%20Drawings%20DAFS_0.pdf,3143%20%20Drawings%20DAFS_0.pdf,45874709,,,gs://specindex-ai-raw-documents/specs/MAINE/3143/drawings_3143-20-20Drawings-20DAFS_0.pdf,2026-08-07,downloaded,drawings
Maine,Vertical,maine_vertical,3143,3143,,https://www.maine.gov/dafs/bgs/sites/maine.gov.dafs.bgs/files/inline-files/3143%20Legal%20Ad%20DAFS.pdf,3143%20Legal%20Ad%20DAFS.pdf,97650,,,gs://specindex-ai-raw-documents/specs/MAINE/3143/advertisement_3143-20Legal-20Ad-20DAFS.pdf,2026-08-07,downloaded,advertisement
Maine,Vertical,maine_vertical,3143,3143,,https://www.maine.gov/dafs/bgs/sites/maine.gov.dafs.bgs/files/inline-files/3143%20Notice%20to%20Contractors%20DAFS_0.pdf,3143%20Notice%20to%20Contractors%20DAFS_0.pdf,528778,,,gs://specindex-ai-raw-documents/specs/MAINE/3143/notice_3143-20Notice-20to-20Contractors-20DAFS_0.pdf,2026-08-07,downloaded,notice
Maine,Vertical,maine_vertical,3143,3143,,https://www.maine.gov/dafs/bgs/sites/maine.gov.dafs.bgs/files/inline-files/3143%20Prebid%20Sign%20In%20Sheet%20DAFS.pdf,3143%20Prebid%20Sign%20In%20Sheet%20DAFS.pdf,871648,unreadable,,,2026-08-07,unreadable format,drawings
Maine,Vertical,maine_vertical,3143,3143,,https://www.maine.gov/dafs/bgs/sites/maine.gov.dafs.bgs/files/inline-files/3143%20Bid%20Tabulation%20DAFS.pdf,3143%20Bid%20Tabulation%20DAFS.pdf,178463,CSI,27,gs://specindex-ai-raw-documents/specs/MAINE/3143/bid_tab_3143-20Bid-20Tabulation-20DAFS.pdf,2026-08-07,downloaded,bid_tab
Maine,Vertical,maine_vertical,3601,3601,,https://www.maine.gov/dafs/bgs/sites/maine.gov.dafs.bgs/files/inline-files/3601%20Specifications%20DACF.pdf,3601%20Specifications%20DACF.pdf,6161664,CSI,00;01;31;32;35,gs://specindex-ai-raw-documents/specs/MAINE/3601/specbook_3601-20Specifications-20DACF.pdf,2026-08-07,downloaded,specbook
Maine,Vertical,maine_vertical,3601,3601,,https://www.maine.gov/dafs/bgs/sites/maine.gov.dafs.bgs/files/inline-files/3601%20Addendum%201%20DACF_1.pdf,3601%20Addendum%201%20DACF_1.pdf,105707,,,gs://specindex-ai-raw-documents/specs/MAINE/3601/addendum_3601-20Addendum-201-20DACF_1.pdf,2026-08-07,downloaded,addendum
Maine,Vertical,maine_vertical,3601,3601,,https://www.maine.gov/dafs/bgs/sites/maine.gov.dafs.bgs/files/inline-files/3601%20Addendum%202%20DACF.pdf,3601%20Addendum%202%20DACF.pdf,1171223,,,gs://specindex-ai-raw-documents/specs/MAINE/3601/addendum_3601-20Addendum-202-20DACF.pdf,2026-08-07,downloaded,addendum
Maine,Vertical,maine_vertical,3601,3601,,https://www.maine.gov/dafs/bgs/sites/maine.gov.dafs.bgs/files/inline-files/3601%20Legal%20Ad%20DACF.pdf,3601%20Legal%20Ad%20DACF.pdf,111437,,,gs://specindex-ai-raw-documents/specs/MAINE/3601/advertisement_3601-20Legal-20Ad-20DACF.pdf,2026-08-07,downloaded,advertisement
Maine,Vertical,maine_vertical,3601,3601,,https://www.maine.gov/dafs/bgs/sites/maine.gov.dafs.bgs/files/inline-files/3601%20Notice%20to%20Contractors%20DACF.pdf,3601%20Notice%20to%20Contractors%20DACF.pdf,248952,,,gs://specindex-ai-raw-documents/specs/MAINE/3601/notice_3601-20Notice-20to-20Contractors-20DACF.pdf,2026-08-07,downloaded,notice
Maine,Vertical,maine_vertical,3601,3601,,https://www.maine.gov/dafs/bgs/sites/maine.gov.dafs.bgs/files/inline-files/3601%20Bid%20Tabulation.pdf,3601%20Bid%20Tabulation.pdf,181653,,,gs://specindex-ai-raw-documents/specs/MAINE/3601/bid_tab_3601-20Bid-20Tabulation.pdf,2026-08-07,downloaded,bid_tab
Maine,Vertical,maine_vertical,3812,3812,,https://www.maine.gov/dafs/bgs/sites/maine.gov.dafs.bgs/files/inline-files/3812%20Specifications%20DOC.pdf,3812%20Specifications%20DOC.pdf,874130,CSI,00;01;02;07;08;09;26,gs://specindex-ai-raw-documents/specs/MAINE/3812/specbook_3812-20Specifications-20DOC.pdf,2026-08-07,downloaded,specbook
Maine,Vertical,maine_vertical,3812,3812,,https://www.maine.gov/dafs/bgs/sites/maine.gov.dafs.bgs/files/inline-files/3812%20Drawings%20DOC.pdf,3812%20Drawings%20DOC.pdf,7550168,,,gs://specindex-ai-raw-documents/specs/MAINE/3812/drawings_3812-20Drawings-20DOC.pdf,2026-08-07,downloaded,drawings
Maine,Vertical,maine_vertical,3812,3812,,https://www.maine.gov/dafs/bgs/sites/maine.gov.dafs.bgs/files/inline-files/3812%20Notice%20to%20Contractors%20DOC.pdf,3812%20Notice%20to%20Contractors%20DOC.pdf,167407,,,gs://specindex-ai-raw-documents/specs/MAINE/3812/notice_3812-20Notice-20to-20Contractors-20DOC.pdf,2026-08-07,downloaded,notice
Maine,Vertical,maine_vertical,3812,3812,,https://www.maine.gov/dafs/bgs/sites/maine.gov.dafs.bgs/files/inline-files/3812%20ADD%2001%20250826_LCYDC_CLNG_REPLACE.pdf,3812%20ADD%2001%20250826_LCYDC_CLNG_REPLACE.pdf,3406656,CSI,00;01;02;07;08;09;26,gs://specindex-ai-raw-documents/specs/MAINE/3812/specbook_3812-20ADD-2001-20250826_LCYDC_CLNG_REPLACE.pdf,2026-08-07,downloaded,specbook
Maine,Vertical,maine_vertical,3812,3812,,https://www.maine.gov/dafs/bgs/sites/maine.gov.dafs.bgs/files/inline-files/3812%20Bid%20Tabulation%20Form%20DOC.pdf,3812%20Bid%20Tabulation%20Form%20DOC.pdf,178570,,,gs://specindex-ai-raw-documents/specs/MAINE/3812/bid_tab_3812-20Bid-20Tabulation-20Form-20DOC.pdf,2026-08-07,downloaded,bid_tab
Maine,Vertical,maine_vertical,3789,3789,,https://www.maine.gov/dafs/bgs/sites/maine.gov.dafs.bgs/files/inline-files/3789%20Specifications%20DOC.pdf,3789%20Specifications%20DOC.pdf,759109,CSI,00;01;02;08;32,gs://specindex-ai-raw-documents/specs/MAINE/3789/specbook_3789-20Specifications-20DOC.pdf,2026-08-07,downloaded,specbook
Maine,Vertical,maine_vertical,3789,3789,,https://www.maine.gov/dafs/bgs/sites/maine.gov.dafs.bgs/files/inline-files/3789%20Addendum%2001%20DOC.pdf,3789%20Addendum%2001%20DOC.pdf,1698304,,,gs://specindex-ai-raw-documents/specs/MAINE/3789/addendum_3789-20Addendum-2001-20DOC.pdf,2026-08-07,downloaded,addendum
Maine,Vertical,maine_vertical,3789,3789,,https://www.maine.gov/dafs/bgs/sites/maine.gov.dafs.bgs/files/inline-files/3789%20Drawings%20DOC.pdf,3789%20Drawings%20DOC.pdf,7719418,,,gs://specindex-ai-raw-documents/specs/MAINE/3789/drawings_3789-20Drawings-20DOC.pdf,2026-08-07,downloaded,drawings
Maine,Vertical,maine_vertical,3789,3789,,https://www.maine.gov/dafs/bgs/sites/maine.gov.dafs.bgs/files/inline-files/3789%20Notice%20to%20Contractors%20DOC.pdf,3789%20Notice%20to%20Contractors%20DOC.pdf,167792,,,gs://specindex-ai-raw-documents/specs/MAINE/3789/notice_3789-20Notice-20to-20Contractors-20DOC.pdf,2026-08-07,downloaded,notice
Maine,Vertical,maine_vertical,3789,3789,,https://www.maine.gov/dafs/bgs/sites/maine.gov.dafs.bgs/files/inline-files/3789%20Bid%20Tabulation%20Form%20DOC.pdf,3789%20Bid%20Tabulation%20Form%20DOC.pdf,173236,,,gs://specindex-ai-raw-documents/specs/MAINE/3789/bid_tab_3789-20Bid-20Tabulation-20Form-20DOC.pdf,2026-08-07,downloaded,bid_tab
Maine,Vertical,maine_vertical,3836,3836,,https://www.maine.gov/dafs/bgs/sites/maine.gov.dafs.bgs/files/inline-files/3836%20Specifications%20DACF.pdf,3836%20Specifications%20DACF.pdf,1832928,CSI,00;01;06;07;09,gs://specindex-ai-raw-documents/specs/MAINE/3836/specbook_3836-20Specifications-20DACF.pdf,2026-08-07,downloaded,specbook
Maine,Vertical,maine_vertical,3836,3836,,https://www.maine.gov/dafs/bgs/sites/maine.gov.dafs.bgs/files/inline-files/3836%20Addendum%201.pdf,3836%20Addendum%201.pdf,416340,,,gs://specindex-ai-raw-documents/specs/MAINE/3836/addendum_3836-20Addendum-201.pdf,2026-08-07,downloaded,addendum
Maine,Vertical,maine_vertical,3836,3836,,https://www.maine.gov/dafs/bgs/sites/maine.gov.dafs.bgs/files/inline-files/3836%20Drawings%20DACF.pdf,3836%20Drawings%20DACF.pdf,2272953,,,gs://specindex-ai-raw-documents/specs/MAINE/3836/drawings_3836-20Drawings-20DACF.pdf,2026-08-07,downloaded,drawings
Maine,Vertical,maine_vertical,3836,3836,,https://www.maine.gov/dafs/bgs/sites/maine.gov.dafs.bgs/files/inline-files/3836%20Legal%20Ad%20DACF.pdf,3836%20Legal%20Ad%20DACF.pdf,84272,,,gs://specindex-ai-raw-documents/specs/MAINE/3836/advertisement_3836-20Legal-20Ad-20DACF.pdf,2026-08-07,downloaded,advertisement
Maine,Vertical,maine_vertical,3836,3836,,https://www.maine.gov/dafs/bgs/sites/maine.gov.dafs.bgs/files/inline-files/3836%20Notice%20to%20Contractors.pdf,3836%20Notice%20to%20Contractors.pdf,337126,,,gs://specindex-ai-raw-documents/specs/MAINE/3836/notice_3836-20Notice-20to-20Contractors.pdf,2026-08-07,downloaded,notice
Maine,Vertical,maine_vertical,3836,3836,,https://www.maine.gov/dafs/bgs/sites/maine.gov.dafs.bgs/files/inline-files/3836%20Bid%20Results%20DACF.pdf,3836%20Bid%20Results%20DACF.pdf,200313,,,gs://specindex-ai-raw-documents/specs/MAINE/3836/other_3836-20Bid-20Results-20DACF.pdf,2026-08-07,downloaded,other
Maine,Vertical,maine_vertical,3750,3750,,https://www.maine.gov/dafs/bgs/sites/maine.gov.dafs.bgs/files/inline-files/3750%20IFB%20Specification%20DVEM.pdf,3750%20IFB%20Specification%20DVEM.pdf,5486063,CSI,00;01;02;31;32,gs://specindex-ai-raw-documents/specs/MAINE/3750/specbook_3750-20IFB-20Specification-20DVEM.pdf,2026-08-07,downloaded,specbook
Maine,Vertical,maine_vertical,3750,3750,,https://www.maine.gov/dafs/bgs/sites/maine.gov.dafs.bgs/files/inline-files/3750%20Drawings%20DVEM.pdf,3750%20Drawings%20DVEM.pdf,26015399,,,gs://specindex-ai-raw-documents/specs/MAINE/3750/drawings_3750-20Drawings-20DVEM.pdf,2026-08-07,downloaded,drawings
Maine,Vertical,maine_vertical,3750,3750,,https://www.maine.gov/dafs/bgs/sites/maine.gov.dafs.bgs/files/inline-files/3750%20Legal%20Ad%20DVEM.pdf,3750%20Legal%20Ad%20DVEM.pdf,116462,,,gs://specindex-ai-raw-documents/specs/MAINE/3750/advertisement_3750-20Legal-20Ad-20DVEM.pdf,2026-08-07,downloaded,advertisement
Maine,Vertical,maine_vertical,3750,3750,,https://www.maine.gov/dafs/bgs/sites/maine.gov.dafs.bgs/files/inline-files/3750%20Notice%20to%20Contractors%20DVEM.pdf,3750%20Notice%20to%20Contractors%20DVEM.pdf,292794,,,gs://specindex-ai-raw-documents/specs/MAINE/3750/notice_3750-20Notice-20to-20Contractors-20DVEM.pdf,2026-08-07,downloaded,notice
Maine,Vertical,maine_vertical,3750,3750,,https://www.maine.gov/dafs/bgs/sites/maine.gov.dafs.bgs/files/inline-files/3750%20Bid%20Tabulation%20DVEM.pdf,3750%20Bid%20Tabulation%20DVEM.pdf,171132,,,gs://specindex-ai-raw-documents/specs/MAINE/3750/bid_tab_3750-20Bid-20Tabulation-20DVEM.pdf,2026-08-07,downloaded,bid_tab
Maine,Vertical,maine_vertical,3381,3381,,https://www.maine.gov/dafs/bgs/sites/maine.gov.dafs.bgs/files/inline-files/3381%20Specifications%20DAFS.pdf,3381%20Specifications%20DAFS.pdf,1809899,CSI,00;01;02;03;04;05;06;32;33,gs://specindex-ai-raw-documents/specs/MAINE/3381/specbook_3381-20Specifications-20DAFS.pdf,2026-08-07,downloaded,specbook
Maine,Vertical,maine_vertical,3381,3381,,https://www.maine.gov/dafs/bgs/sites/maine.gov.dafs.bgs/files/inline-files/3381%20Addendum%201%20Roof%20Area%20B.pdf,3381%20Addendum%201%20Roof%20Area%20B.pdf,364635,,,gs://specindex-ai-raw-documents/specs/MAINE/3381/addendum_3381-20Addendum-201-20Roof-20Area-20B.pdf,2026-08-07,downloaded,addendum
Maine,Vertical,maine_vertical,3381,3381,,https://www.maine.gov/dafs/bgs/sites/maine.gov.dafs.bgs/files/inline-files/3381%20Addendum%202%20Roof%20Area%20B.pdf,3381%20Addendum%202%20Roof%20Area%20B.pdf,177760,,,gs://specindex-ai-raw-documents/specs/MAINE/3381/addendum_3381-20Addendum-202-20Roof-20Area-20B.pdf,2026-08-07,downloaded,addendum
Maine,Vertical,maine_vertical,3381,3381,,https://www.maine.gov/dafs/bgs/sites/maine.gov.dafs.bgs/files/inline-files/3381%20Drawings%20DAFS.pdf,3381%20Drawings%20DAFS.pdf,2168465,,,gs://specindex-ai-raw-documents/specs/MAINE/3381/drawings_3381-20Drawings-20DAFS.pdf,2026-08-07,downloaded,drawings
Maine,Vertical,maine_vertical,3381,3381,,https://www.maine.gov/dafs/bgs/sites/maine.gov.dafs.bgs/files/inline-files/3381%20Legal%20Ad%20DAFS.pdf,3381%20Legal%20Ad%20DAFS.pdf,120038,,,gs://specindex-ai-raw-documents/specs/MAINE/3381/advertisement_3381-20Legal-20Ad-20DAFS.pdf,2026-08-07,downloaded,advertisement
Maine,Vertical,maine_vertical,3381,3381,,https://www.maine.gov/dafs/bgs/sites/maine.gov.dafs.bgs/files/inline-files/3381%20Notice%20to%20Contractors%20DAFS.pdf,3381%20Notice%20to%20Contractors%20DAFS.pdf,475188,,,gs://specindex-ai-raw-documents/specs/MAINE/3381/notice_3381-20Notice-20to-20Contractors-20DAFS.pdf,2026-08-07,downloaded,notice
Maine,Vertical,maine_vertical,3381,3381,,https://www.maine.gov/dafs/bgs/sites/maine.gov.dafs.bgs/files/inline-files/3381%20Bid%20Tabulation.pdf,3381%20Bid%20Tabulation.pdf,168575,,,gs://specindex-ai-raw-documents/specs/MAINE/3381/bid_tab_3381-20Bid-20Tabulation.pdf,2026-08-07,downloaded,bid_tab
Maine,Vertical,maine_vertical,,YSD,,https://www.maine.gov/dafs/bgs/sites/maine.gov.dafs.bgs/files/inline-files/YSD%20Specifications%20Village%20Elementary.pdf,YSD%20Specifications%20Village%20Elementary.pdf,11842809,CSI,31,gs://specindex-ai-raw-documents/specs/MAINE/unknown/specbook_YSD-20Specifications-20Village-20Elementary.pdf,2026-08-07,downloaded,specbook
Maine,Vertical,maine_vertical,,YSD,,https://www.maine.gov/dafs/bgs/sites/maine.gov.dafs.bgs/files/inline-files/YSD%20Drawings%20Village%20Elementary.pdf,YSD%20Drawings%20Village%20Elementary.pdf,7273970,,,gs://specindex-ai-raw-documents/specs/MAINE/unknown/drawings_YSD-20Drawings-20Village-20Elementary.pdf,2026-08-07,downloaded,drawings
Maine,Vertical,maine_vertical,,YSD,,https://www.maine.gov/dafs/bgs/sites/maine.gov.dafs.bgs/files/inline-files/YSD%20Notice%20to%20contractors%20Village%20Elementary.pdf,YSD%20Notice%20to%20contractors%20Village%20Elementary.pdf,79815,,,gs://specindex-ai-raw-documents/specs/MAINE/unknown/notice_YSD-20Notice-20to-20contractors-20Village-20Elementary.pdf,2026-08-07,downloaded,notice
Maine,Vertical,maine_vertical,,YSD,,https://www.maine.gov/dafs/bgs/sites/maine.gov.dafs.bgs/files/inline-files/YSD%20Bid%20Form%20Village%20Elementary.pdf,YSD%20Bid%20Form%20Village%20Elementary.pdf,76011,,,gs://specindex-ai-raw-documents/specs/MAINE/unknown/other_YSD-20Bid-20Form-20Village-20Elementary.pdf,2026-08-07,downloaded,other
Maine,Vertical,maine_vertical,,YMS-Window,,https://www.maine.gov/dafs/bgs/sites/maine.gov.dafs.bgs/files/inline-files/YMS-Window%20Specifications.pdf,YMS-Window%20Specifications.pdf,1423914,CSI,00;01;02;03;07;08,gs://specindex-ai-raw-documents/specs/MAINE/unknown/specbook_YMS-Window-20Specifications.pdf,2026-08-07,downloaded,specbook
Maine,Vertical,maine_vertical,,YMS-Window,,https://www.maine.gov/dafs/bgs/sites/maine.gov.dafs.bgs/files/inline-files/YMS-Window%20Drawings.pdf,YMS-Window%20Drawings.pdf,7859032,,,gs://specindex-ai-raw-documents/specs/MAINE/unknown/drawings_YMS-Window-20Drawings.pdf,2026-08-07,downloaded,drawings
Maine,Vertical,maine_vertical,3709,3709,,https://www.maine.gov/dafs/bgs/sites/maine.gov.dafs.bgs/files/inline-files/3709%20Addendum%201%20DOC.pdf,3709%20Addendum%201%20DOC.pdf,503874,,,gs://specindex-ai-raw-documents/specs/MAINE/3709/addendum_3709-20Addendum-201-20DOC.pdf,2026-08-07,downloaded,addendum
Maine,Vertical,maine_vertical,3709,3709,,https://www.maine.gov/dafs/bgs/sites/maine.gov.dafs.bgs/files/inline-files/3709%20Addendum%202%20DOC.pdf,3709%20Addendum%202%20DOC.pdf,368193,,,gs://specindex-ai-raw-documents/specs/MAINE/3709/addendum_3709-20Addendum-202-20DOC.pdf,2026-08-07,downloaded,addendum
Maine,Vertical,maine_vertical,3709,3709,,https://www.maine.gov/dafs/bgs/sites/maine.gov.dafs.bgs/files/inline-files/3709%20Addendum%203.pdf,3709%20Addendum%203.pdf,122885,,,gs://specindex-ai-raw-documents/specs/MAINE/3709/addendum_3709-20Addendum-203.pdf,2026-08-07,downloaded,addendum
Maine,Vertical,maine_vertical,3709,3709,,https://www.maine.gov/dafs/bgs/sites/maine.gov.dafs.bgs/files/inline-files/3709%20Drawings%20DOC_Part1.pdf,3709%20Drawings%20DOC_Part1.pdf,52382706,,,gs://specindex-ai-raw-documents/specs/MAINE/3709/drawings_3709-20Drawings-20DOC_Part1.pdf,2026-08-07,downloaded,drawings
Maine,Vertical,maine_vertical,3709,3709,,https://www.maine.gov/dafs/bgs/sites/maine.gov.dafs.bgs/files/inline-files/3709%20Drawings%20DOC_Part2.pdf,3709%20Drawings%20DOC_Part2.pdf,45716177,,,gs://specindex-ai-raw-documents/specs/MAINE/3709/drawings_3709-20Drawings-20DOC_Part2.pdf,2026-08-07,downloaded,drawings
Maine,Vertical,maine_vertical,3709,3709,,https://www.maine.gov/dafs/bgs/sites/maine.gov.dafs.bgs/files/inline-files/3709%20Legal%20Ad%20DOC.pdf,3709%20Legal%20Ad%20DOC.pdf,97272,,,gs://specindex-ai-raw-documents/specs/MAINE/3709/advertisement_3709-20Legal-20Ad-20DOC.pdf,2026-08-07,downloaded,advertisement
Maine,Vertical,maine_vertical,3709,3709,,https://www.maine.gov/dafs/bgs/sites/maine.gov.dafs.bgs/files/inline-files/3709%20Notice%20to%20Contractors%20DOC_0.pdf,3709%20Notice%20to%20Contractors%20DOC_0.pdf,241268,,,gs://specindex-ai-raw-documents/specs/MAINE/3709/notice_3709-20Notice-20to-20Contractors-20DOC_0.pdf,2026-08-07,downloaded,notice
Maine,Vertical,maine_vertical,3709,3709,,https://www.maine.gov/dafs/bgs/sites/maine.gov.dafs.bgs/files/inline-files/3709%20Bid%20Form%20DOC.pdf,3709%20Bid%20Form%20DOC.pdf,177520,,,gs://specindex-ai-raw-documents/specs/MAINE/3709/other_3709-20Bid-20Form-20DOC.pdf,2026-08-07,downloaded,other
Maine,Vertical,maine_vertical,3857,3857,,https://www.maine.gov/dafs/bgs/sites/maine.gov.dafs.bgs/files/inline-files/3857%20Addendum%201%20NMCC.pdf,3857%20Addendum%201%20NMCC.pdf,450684,unreadable,,,2026-08-07,unreadable format,addendum
Maine,Vertical,maine_vertical,3857,3857,,https://www.maine.gov/dafs/bgs/sites/maine.gov.dafs.bgs/files/inline-files/3857%20Addendum%202%20NMCC.pdf,3857%20Addendum%202%20NMCC.pdf,247208,unreadable,,,2026-08-07,unreadable format,addendum
Maine,Vertical,maine_vertical,3857,3857,,https://www.maine.gov/dafs/bgs/sites/maine.gov.dafs.bgs/files/inline-files/3857%20Legal%20Ad%20MCCS%20NMCC.pdf,3857%20Legal%20Ad%20MCCS%20NMCC.pdf,105628,,,gs://specindex-ai-raw-documents/specs/MAINE/3857/advertisement_3857-20Legal-20Ad-20MCCS-20NMCC.pdf,2026-08-07,downloaded,advertisement
Maine,Vertical,maine_vertical,3857,3857,,https://www.maine.gov/dafs/bgs/sites/maine.gov.dafs.bgs/files/inline-files/3857%20Notice%20to%20Contractors%20MCCS.pdf,3857%20Notice%20to%20Contractors%20MCCS.pdf,1840571,unreadable,,,2026-08-07,unreadable format,notice
Maine,Vertical,maine_vertical,3857,3857,,https://www.maine.gov/dafs/bgs/sites/maine.gov.dafs.bgs/files/inline-files/3857%20Bid%20tabulation%20NMCC.pdf,3857%20Bid%20tabulation%20NMCC.pdf,211266,,,gs://specindex-ai-raw-documents/specs/MAINE/3857/bid_tab_3857-20Bid-20tabulation-20NMCC.pdf,2026-08-07,downloaded,bid_tab
Maine,Vertical,maine_vertical,3722,3722,,https://www.maine.gov/dafs/bgs/sites/maine.gov.dafs.bgs/files/inline-files/3722%20Addendum%202%20MCCS%20KVCC.pdf,3722%20Addendum%202%20MCCS%20KVCC.pdf,1600240,,,gs://specindex-ai-raw-documents/specs/MAINE/3722/addendum_3722-20Addendum-202-20MCCS-20KVCC.pdf,2026-08-07,downloaded,addendum
Maine,Vertical,maine_vertical,3722,3722,,https://www.maine.gov/dafs/bgs/sites/maine.gov.dafs.bgs/files/inline-files/3722%20Legal%20Ad%20KVCC.pdf,3722%20Legal%20Ad%20KVCC.pdf,10100,,,gs://specindex-ai-raw-documents/specs/MAINE/3722/advertisement_3722-20Legal-20Ad-20KVCC.pdf,2026-08-07,downloaded,advertisement
Maine,Vertical,maine_vertical,3722,3722,,https://www.maine.gov/dafs/bgs/sites/maine.gov.dafs.bgs/files/inline-files/3722%20Notice%20to%20Contractors%20KVCC_0.pdf,3722%20Notice%20to%20Contractors%20KVCC_0.pdf,221992,,,gs://specindex-ai-raw-documents/specs/MAINE/3722/notice_3722-20Notice-20to-20Contractors-20KVCC_0.pdf,2026-08-07,downloaded,notice
Maine,Vertical,maine_vertical,3722,3722,,https://www.maine.gov/dafs/bgs/sites/maine.gov.dafs.bgs/files/inline-files/3722%20Bid%20Tabulation%20Form.pdf,3722%20Bid%20Tabulation%20Form.pdf,181805,,,gs://specindex-ai-raw-documents/specs/MAINE/3722/bid_tab_3722-20Bid-20Tabulation-20Form.pdf,2026-08-07,downloaded,bid_tab
Maine,Vertical,maine_vertical,3772,3772,,https://www.maine.gov/dafs/bgs/sites/maine.gov.dafs.bgs/files/inline-files/3772%20Addendum%201%20MCCS.pdf,3772%20Addendum%201%20MCCS.pdf,145983,,,gs://specindex-ai-raw-documents/specs/MAINE/3772/addendum_3772-20Addendum-201-20MCCS.pdf,2026-08-07,downloaded,addendum
Maine,Vertical,maine_vertical,3679,3679,,https://www.maine.gov/dafs/bgs/sites/maine.gov.dafs.bgs/files/inline-files/3679%20Addendum%201%20WCCC.pdf,3679%20Addendum%201%20WCCC.pdf,151460,,,gs://specindex-ai-raw-documents/specs/MAINE/3679/addendum_3679-20Addendum-201-20WCCC.pdf,2026-08-07,downloaded,addendum
Maine,Vertical,maine_vertical,3679,3679,,https://www.maine.gov/dafs/bgs/sites/maine.gov.dafs.bgs/files/inline-files/3679%20Notice%20to%20Contractors%20WCCC%20Residence%20Hall.pdf,3679%20Notice%20to%20Contractors%20WCCC%20Residence%20Hall.pdf,186979,,,gs://specindex-ai-raw-documents/specs/MAINE/3679/notice_3679-20Notice-20to-20Contractors-20WCCC-20Residence-20Hall.pdf,2026-08-07,downloaded,notice
Maine,Vertical,maine_vertical,3310,3310,,https://www.maine.gov/dafs/bgs/sites/maine.gov.dafs.bgs/files/inline-files/3310%20Addendum%201%20DVEM%20Waterville.pdf,3310%20Addendum%201%20DVEM%20Waterville.pdf,498650,CSI,03,gs://specindex-ai-raw-documents/specs/MAINE/3310/addendum_3310-20Addendum-201-20DVEM-20Waterville.pdf,2026-08-07,downloaded,addendum
Maine,Vertical,maine_vertical,3310,3310,,https://www.maine.gov/dafs/bgs/sites/maine.gov.dafs.bgs/files/inline-files/3310%20Addendum%202%20DVEM%20Waterville.pdf,3310%20Addendum%202%20DVEM%20Waterville.pdf,767747,,,gs://specindex-ai-raw-documents/specs/MAINE/3310/addendum_3310-20Addendum-202-20DVEM-20Waterville.pdf,2026-08-07,downloaded,addendum
Maine,Vertical,maine_vertical,3310,3310,,https://www.maine.gov/dafs/bgs/sites/maine.gov.dafs.bgs/files/inline-files/3310%20Legal%20Ad%20DVEM%20Waterville.pdf,3310%20Legal%20Ad%20DVEM%20Waterville.pdf,280543,,,gs://specindex-ai-raw-documents/specs/MAINE/3310/advertisement_3310-20Legal-20Ad-20DVEM-20Waterville.pdf,2026-08-07,downloaded,advertisement
Maine,Vertical,maine_vertical,3310,3310,,https://www.maine.gov/dafs/bgs/sites/maine.gov.dafs.bgs/files/inline-files/3310%20Notice%20To%20Contractors%20DVEM%20Waterville.pdf,3310%20Notice%20To%20Contractors%20DVEM%20Waterville.pdf,548107,,,gs://specindex-ai-raw-documents/specs/MAINE/3310/notice_3310-20Notice-20To-20Contractors-20DVEM-20Waterville.pdf,2026-08-07,downloaded,notice
Maine,Vertical,maine_vertical,3310,3310,,https://www.maine.gov/dafs/bgs/sites/maine.gov.dafs.bgs/files/inline-files/3310%20Bid%20Tab%20DVEM%20Waterville_0.pdf,3310%20Bid%20Tab%20DVEM%20Waterville_0.pdf,46866,,,gs://specindex-ai-raw-documents/specs/MAINE/3310/bid_tab_3310-20Bid-20Tab-20DVEM-20Waterville_0.pdf,2026-08-07,downloaded,bid_tab
Maine,Vertical,maine_vertical,3683,3683,,https://www.maine.gov/dafs/bgs/sites/maine.gov.dafs.bgs/files/inline-files/3683%20ADDENDUM%201%20COMBINED%20DMR%20Boothbay.pdf,3683%20ADDENDUM%201%20COMBINED%20DMR%20Boothbay.pdf,8473251,CSI,01,gs://specindex-ai-raw-documents/specs/MAINE/3683/addendum_3683-20ADDENDUM-201-20COMBINED-20DMR-20Boothbay.pdf,2026-08-07,downloaded,addendum
Maine,Vertical,maine_vertical,3683,3683,,https://www.maine.gov/dafs/bgs/sites/maine.gov.dafs.bgs/files/inline-files/3683%20Legal%20Ad%20DMR%20Parking.pdf,3683%20Legal%20Ad%20DMR%20Parking.pdf,51448,,,gs://specindex-ai-raw-documents/specs/MAINE/3683/advertisement_3683-20Legal-20Ad-20DMR-20Parking.pdf,2026-08-07,downloaded,advertisement
Maine,Vertical,maine_vertical,3683,3683,,https://www.maine.gov/dafs/bgs/sites/maine.gov.dafs.bgs/files/inline-files/3683%20Notice%20to%20Contractors%20DMR%20Boothbay%20Parking.pdf,3683%20Notice%20to%20Contractors%20DMR%20Boothbay%20Parking.pdf,20723,,,gs://specindex-ai-raw-documents/specs/MAINE/3683/notice_3683-20Notice-20to-20Contractors-20DMR-20Boothbay-20Parking.pdf,2026-08-07,downloaded,notice
Maine,Vertical,maine_vertical,3683,3683,,https://www.maine.gov/dafs/bgs/sites/maine.gov.dafs.bgs/files/inline-files/3683%20Notice%20of%20Electronic%20Plans%20%26%20Specs.pdf,3683%20Notice%20of%20Electronic%20Plans%20%26%20Specs.pdf,154935,,,gs://specindex-ai-raw-documents/specs/MAINE/3683/drawings_3683-20Notice-20of-20Electronic-20Plans-20-26-20Specs.pdf,2026-08-07,downloaded,drawings
Maine,Vertical,maine_vertical,3683,3683,,https://www.maine.gov/dafs/bgs/sites/maine.gov.dafs.bgs/files/inline-files/3683%20Bid%20Tabulation%20DMR.pdf,3683%20Bid%20Tabulation%20DMR.pdf,37513,,,gs://specindex-ai-raw-documents/specs/MAINE/3683/bid_tab_3683-20Bid-20Tabulation-20DMR.pdf,2026-08-07,downloaded,bid_tab
Maine,Vertical,maine_vertical,,Addendum,,https://www.maine.gov/dafs/bgs/sites/maine.gov.dafs.bgs/files/inline-files/Addendum%201%20Yarmouth%20Pump%20Toilet.pdf,Addendum%201%20Yarmouth%20Pump%20Toilet.pdf,174049,CSI,01;26;31;32;33,gs://specindex-ai-raw-documents/specs/MAINE/unknown/addendum_Addendum-201-20Yarmouth-20Pump-20Toilet.pdf,2026-08-07,downloaded,addendum
Maine,Vertical,maine_vertical,,Addendum,,https://www.maine.gov/dafs/bgs/sites/maine.gov.dafs.bgs/files/inline-files/Addendum%201%20YHS%20Science%20Classroom.pdf,Addendum%201%20YHS%20Science%20Classroom.pdf,2699920,CSI,00;01;02;03;06;07;08;09;10;11;12;21;22;23;24;26;27;28;31,gs://specindex-ai-raw-documents/specs/MAINE/unknown/addendum_Addendum-201-20YHS-20Science-20Classroom.pdf,2026-08-07,downloaded,addendum
Maine,Vertical,maine_vertical,3305,3305,,https://www.maine.gov/dafs/bgs/sites/maine.gov.dafs.bgs/files/inline-files/3305%20Addendum%20%231%20DHHS%20RPC.pdf,3305%20Addendum%20%231%20DHHS%20RPC.pdf,2260201,CSI,26,gs://specindex-ai-raw-documents/specs/MAINE/3305/addendum_3305-20Addendum-20-231-20DHHS-20RPC.pdf,2026-08-07,downloaded,addendum
Maine,Vertical,maine_vertical,3305,3305,,https://www.maine.gov/dafs/bgs/sites/maine.gov.dafs.bgs/files/inline-files/3305%20Addendum%20%232%20DHHS%20RPC.pdf,3305%20Addendum%20%232%20DHHS%20RPC.pdf,91472,,,gs://specindex-ai-raw-documents/specs/MAINE/3305/addendum_3305-20Addendum-20-232-20DHHS-20RPC.pdf,2026-08-07,downloaded,addendum
Maine,Vertical,maine_vertical,3305,3305,,https://www.maine.gov/dafs/bgs/sites/maine.gov.dafs.bgs/files/inline-files/3305%20Addendum%20%233%2014%20Dec%2023.pdf,3305%20Addendum%20%233%2014%20Dec%2023.pdf,77916,,,gs://specindex-ai-raw-documents/specs/MAINE/3305/addendum_3305-20Addendum-20-233-2014-20Dec-2023.pdf,2026-08-07,downloaded,addendum
Maine,Vertical,maine_vertical,3305,3305,,https://www.maine.gov/dafs/bgs/sites/maine.gov.dafs.bgs/files/inline-files/3305%20Addendum%20%234%20RPC%20.pdf,3305%20Addendum%20%234%20RPC%20.pdf,76878,,,gs://specindex-ai-raw-documents/specs/MAINE/3305/addendum_3305-20Addendum-20-234-20RPC-20.pdf,2026-08-07,downloaded,addendum
Maine,Vertical,maine_vertical,3305,3305,,https://www.maine.gov/dafs/bgs/sites/maine.gov.dafs.bgs/files/inline-files/3305%20Addendum%205%20RPC.pdf,3305%20Addendum%205%20RPC.pdf,316059,CSI,01;26;27;28,gs://specindex-ai-raw-documents/specs/MAINE/3305/addendum_3305-20Addendum-205-20RPC.pdf,2026-08-07,downloaded,addendum
Maine,Vertical,maine_vertical,3305,3305,,https://www.maine.gov/dafs/bgs/sites/maine.gov.dafs.bgs/files/inline-files/3305%20Addendum%206%20RPC%20.pdf,3305%20Addendum%206%20RPC%20.pdf,109422,,,gs://specindex-ai-raw-documents/specs/MAINE/3305/addendum_3305-20Addendum-206-20RPC-20.pdf,2026-08-07,downloaded,addendum
Maine,Vertical,maine_vertical,3305,3305,,https://www.maine.gov/dafs/bgs/sites/maine.gov.dafs.bgs/files/inline-files/3305%20Addendum%207%20RPC.pdf,3305%20Addendum%207%20RPC.pdf,5108309,CSI,26,gs://specindex-ai-raw-documents/specs/MAINE/3305/addendum_3305-20Addendum-207-20RPC.pdf,2026-08-07,downloaded,addendum
Maine,Vertical,maine_vertical,3305,3305,,https://www.maine.gov/dafs/bgs/sites/maine.gov.dafs.bgs/files/inline-files/3305%20Addendum%20%238.pdf,3305%20Addendum%20%238.pdf,79020,,,gs://specindex-ai-raw-documents/specs/MAINE/3305/addendum_3305-20Addendum-20-238.pdf,2026-08-07,downloaded,addendum
Maine,Vertical,maine_vertical,3305,3305,,https://www.maine.gov/dafs/bgs/sites/maine.gov.dafs.bgs/files/inline-files/3305%20IFB%20Drawings%20DHHS%20RPC.pdf,3305%20IFB%20Drawings%20DHHS%20RPC.pdf,6413425,CSI,26,gs://specindex-ai-raw-documents/specs/MAINE/3305/drawings_3305-20IFB-20Drawings-20DHHS-20RPC.pdf,2026-08-07,downloaded,drawings
Maine,Vertical,maine_vertical,3305,3305,,https://www.maine.gov/dafs/bgs/sites/maine.gov.dafs.bgs/files/inline-files/3305%20Legal%20Ad%20DHHS%20RPC.pdf,3305%20Legal%20Ad%20DHHS%20RPC.pdf,28112,,,gs://specindex-ai-raw-documents/specs/MAINE/3305/advertisement_3305-20Legal-20Ad-20DHHS-20RPC.pdf,2026-08-07,downloaded,advertisement
Maine,Vertical,maine_vertical,3305,3305,,https://www.maine.gov/dafs/bgs/sites/maine.gov.dafs.bgs/files/inline-files/3305%20Notice%20to%20Contractors%20DHHS%20RPC.pdf,3305%20Notice%20to%20Contractors%20DHHS%20RPC.pdf,20142,,,gs://specindex-ai-raw-documents/specs/MAINE/3305/notice_3305-20Notice-20to-20Contractors-20DHHS-20RPC.pdf,2026-08-07,downloaded,notice
Maine,Vertical,maine_vertical,3305,3305,,https://www.maine.gov/dafs/bgs/sites/maine.gov.dafs.bgs/files/inline-files/3305%20IFB%20Specs%20DHHS%20RPC.pdf,3305%20IFB%20Specs%20DHHS%20RPC.pdf,2062704,CSI,00;01;02;07;26;28,gs://specindex-ai-raw-documents/specs/MAINE/3305/specbook_3305-20IFB-20Specs-20DHHS-20RPC.pdf,2026-08-07,downloaded,specbook
Maine,Vertical,maine_vertical,3305,3305,,https://www.maine.gov/dafs/bgs/sites/maine.gov.dafs.bgs/files/inline-files/3305%20Bid%20Tab%20RPC%20Security%20and%20Access%20Control.pdf,3305%20Bid%20Tab%20RPC%20Security%20and%20Access%20Control.pdf,33440,,,gs://specindex-ai-raw-documents/specs/MAINE/3305/bid_tab_3305-20Bid-20Tab-20RPC-20Security-20and-20Access-20Control.pdf,2026-08-07,downloaded,bid_tab
Maine,Vertical,maine_vertical,,Drawings,,https://www.maine.gov/dafs/bgs/sites/maine.gov.dafs.bgs/files/inline-files/Drawings_MSAD75_Bowdoin.pdf,Drawings_MSAD75_Bowdoin.pdf,1991924,CSI,01;09;21;26,gs://specindex-ai-raw-documents/specs/MAINE/unknown/drawings_Drawings_MSAD75_Bowdoin.pdf,2026-08-07,downloaded,drawings
Maine,Vertical,maine_vertical,,Drawings,,https://www.maine.gov/dafs/bgs/sites/maine.gov.dafs.bgs/files/inline-files/Drawings%20Yarmouth%20Pump%20Station.pdf,Drawings%20Yarmouth%20Pump%20Station.pdf,5978075,CSI,01,gs://specindex-ai-raw-documents/specs/MAINE/unknown/drawings_Drawings-20Yarmouth-20Pump-20Station.pdf,2026-08-07,downloaded,drawings
Maine,Vertical,maine_vertical,,Drawings,,https://www.maine.gov/dafs/bgs/sites/maine.gov.dafs.bgs/files/inline-files/Drawings%20YHS%20Science%20Classroom.pdf,Drawings%20YHS%20Science%20Classroom.pdf,9112334,CSI,09,gs://specindex-ai-raw-documents/specs/MAINE/unknown/drawings_Drawings-20YHS-20Science-20Classroom.pdf,2026-08-07,downloaded,drawings
Maine,Vertical,maine_vertical,,CAPE-E,,https://www.maine.gov/dafs/bgs/sites/maine.gov.dafs.bgs/files/inline-files/CAPE-E%20GCPQ%20Ad%20-%20short.pdf,CAPE-E%20GCPQ%20Ad%20-%20short.pdf,138807,,,gs://specindex-ai-raw-documents/specs/MAINE/unknown/other_CAPE-E-20GCPQ-20Ad-20--20short.pdf,2026-08-07,downloaded,other
Maine,Vertical,maine_vertical,,CAPE-E,,https://www.maine.gov/dafs/bgs/sites/maine.gov.dafs.bgs/files/inline-files/CAPE-E%20GCPQ%20Notice%20-%20long.pdf,CAPE-E%20GCPQ%20Notice%20-%20long.pdf,90098,,,gs://specindex-ai-raw-documents/specs/MAINE/unknown/notice_CAPE-E-20GCPQ-20Notice-20--20long.pdf,2026-08-07,downloaded,notice
Maine,Vertical,maine_vertical,,CAPE-E,,https://www.maine.gov/dafs/bgs/sites/maine.gov.dafs.bgs/files/inline-files/CAPE-E%20Pre%20Qual%20Package-Final.pdf,CAPE-E%20Pre%20Qual%20Package-Final.pdf,231772,,,gs://specindex-ai-raw-documents/specs/MAINE/unknown/other_CAPE-E-20Pre-20Qual-20Package-Final.pdf,2026-08-07,downloaded,other
Maine,Vertical,maine_vertical,,Yarmouth,,https://www.maine.gov/dafs/bgs/sites/maine.gov.dafs.bgs/files/inline-files/Yarmouth_Legal_Ad.pdf,Yarmouth_Legal_Ad.pdf,107586,,,gs://specindex-ai-raw-documents/specs/MAINE/unknown/advertisement_Yarmouth_Legal_Ad.pdf,2026-08-07,downloaded,advertisement
Maine,Vertical,maine_vertical,,Yarmouth,,https://www.maine.gov/dafs/bgs/sites/maine.gov.dafs.bgs/files/inline-files/Yarmouth_Notice_to_Contractors.pdf,Yarmouth_Notice_to_Contractors.pdf,135385,,,gs://specindex-ai-raw-documents/specs/MAINE/unknown/notice_Yarmouth_Notice_to_Contractors.pdf,2026-08-07,downloaded,notice
Maine,Vertical,maine_vertical,,Yarmouth,,https://www.maine.gov/dafs/bgs/sites/maine.gov.dafs.bgs/files/inline-files/Yarmouth_Bid_Form.pdf,Yarmouth_Bid_Form.pdf,141171,,,gs://specindex-ai-raw-documents/specs/MAINE/unknown/other_Yarmouth_Bid_Form.pdf,2026-08-07,downloaded,other
Maine,Vertical,maine_vertical,,Yarmouth,,https://www.maine.gov/dafs/bgs/sites/maine.gov.dafs.bgs/files/inline-files/Yarmouth_Paving_Map.pdf,Yarmouth_Paving_Map.pdf,1156583,unreadable,,,2026-08-07,unreadable format,other
Maine,Vertical,maine_vertical,,Yarmouth,,https://www.maine.gov/dafs/bgs/sites/maine.gov.dafs.bgs/files/inline-files/Yarmouth%20Toilet%20Bid%20Results%202024-03-20.pdf,Yarmouth%20Toilet%20Bid%20Results%202024-03-20.pdf,10430215,unreadable,,,2026-08-07,unreadable format,other
Maine,Vertical,maine_vertical,,Bid,,https://www.maine.gov/dafs/bgs/sites/maine.gov.dafs.bgs/files/inline-files/Bid_tabulation_Yarmouth.pdf,Bid_tabulation_Yarmouth.pdf,735223,unreadable,,,2026-08-07,unreadable format,bid_tab
Maine,Vertical,maine_vertical,,Bid,,https://www.maine.gov/dafs/bgs/sites/maine.gov.dafs.bgs/files/inline-files/Bid_Tabulation_MSAD_54_0.pdf,Bid_Tabulation_MSAD_54_0.pdf,86966,,,gs://specindex-ai-raw-documents/specs/MAINE/unknown/bid_tab_Bid_Tabulation_MSAD_54_0.pdf,2026-08-07,downloaded,bid_tab
Maine,Vertical,maine_vertical,,Bid,,https://www.maine.gov/dafs/bgs/sites/maine.gov.dafs.bgs/files/inline-files/Bid%20Tabulation%20Saco%20ESPS.pdf,Bid%20Tabulation%20Saco%20ESPS.pdf,45400,,,gs://specindex-ai-raw-documents/specs/MAINE/unknown/bid_tab_Bid-20Tabulation-20Saco-20ESPS.pdf,2026-08-07,downloaded,bid_tab
Maine,Vertical,maine_vertical,,Legal,,https://www.maine.gov/dafs/bgs/sites/maine.gov.dafs.bgs/files/inline-files/Legal_Ad_CESD_Early_Site.pdf,Legal_Ad_CESD_Early_Site.pdf,73724,,,gs://specindex-ai-raw-documents/specs/MAINE/unknown/advertisement_Legal_Ad_CESD_Early_Site.pdf,2026-08-07,downloaded,advertisement
Maine,Vertical,maine_vertical,,Legal,,https://www.maine.gov/dafs/bgs/sites/maine.gov.dafs.bgs/files/inline-files/Legal_Ad_CESD_Construction.pdf,Legal_Ad_CESD_Construction.pdf,74922,,,gs://specindex-ai-raw-documents/specs/MAINE/unknown/advertisement_Legal_Ad_CESD_Construction.pdf,2026-08-07,downloaded,advertisement
Maine,Vertical,maine_vertical,,Legal,,https://www.maine.gov/dafs/bgs/sites/maine.gov.dafs.bgs/files/inline-files/Legal_Ad_MSAD_51_Greeley.pdf,Legal_Ad_MSAD_51_Greeley.pdf,73930,,,gs://specindex-ai-raw-documents/specs/MAINE/unknown/advertisement_Legal_Ad_MSAD_51_Greeley.pdf,2026-08-07,downloaded,advertisement
Maine,Vertical,maine_vertical,,Legal,,https://www.maine.gov/dafs/bgs/sites/maine.gov.dafs.bgs/files/inline-files/Legal_Ad_MSAD_54.pdf,Legal_Ad_MSAD_54.pdf,85113,,,gs://specindex-ai-raw-documents/specs/MAINE/unknown/advertisement_Legal_Ad_MSAD_54.pdf,2026-08-07,downloaded,advertisement
Maine,Vertical,maine_vertical,,Legal,,https://www.maine.gov/dafs/bgs/sites/maine.gov.dafs.bgs/files/inline-files/Legal%20Ad%20Yarmouth%20Pump%20Station.pdf,Legal%20Ad%20Yarmouth%20Pump%20Station.pdf,87717,,,gs://specindex-ai-raw-documents/specs/MAINE/unknown/advertisement_Legal-20Ad-20Yarmouth-20Pump-20Station.pdf,2026-08-07,downloaded,advertisement
Maine,Vertical,maine_vertical,,Legal,,https://www.maine.gov/dafs/bgs/sites/maine.gov.dafs.bgs/files/inline-files/Legal_Ad_Phillips_0.pdf,Legal_Ad_Phillips_0.pdf,73315,,,gs://specindex-ai-raw-documents/specs/MAINE/unknown/advertisement_Legal_Ad_Phillips_0.pdf,2026-08-07,downloaded,advertisement
Maine,Vertical,maine_vertical,,Legal,,https://www.maine.gov/dafs/bgs/sites/maine.gov.dafs.bgs/files/inline-files/Legal%20Ad%20Saco%20Commissioning.pdf,Legal%20Ad%20Saco%20Commissioning.pdf,23045,,,gs://specindex-ai-raw-documents/specs/MAINE/unknown/advertisement_Legal-20Ad-20Saco-20Commissioning.pdf,2026-08-07,downloaded,advertisement
Maine,Vertical,maine_vertical,,Legal,,https://www.maine.gov/dafs/bgs/sites/maine.gov.dafs.bgs/files/inline-files/Legal%20Ad%20RSU%201.pdf,Legal%20Ad%20RSU%201.pdf,8122,,,gs://specindex-ai-raw-documents/specs/MAINE/unknown/advertisement_Legal-20Ad-20RSU-201.pdf,2026-08-07,downloaded,advertisement
Maine,Vertical,maine_vertical,,Legal,,https://www.maine.gov/dafs/bgs/sites/maine.gov.dafs.bgs/files/inline-files/Legal%20AD%20Saco%20OR.pdf,Legal%20AD%20Saco%20OR.pdf,21922,,,gs://specindex-ai-raw-documents/specs/MAINE/unknown/advertisement_Legal-20AD-20Saco-20OR.pdf,2026-08-07,downloaded,advertisement
Maine,Vertical,maine_vertical,,Legal,,https://www.maine.gov/dafs/bgs/sites/maine.gov.dafs.bgs/files/inline-files/Legal%20Ad%20Bar%20Harbor.pdf,Legal%20Ad%20Bar%20Harbor.pdf,62750,,,gs://specindex-ai-raw-documents/specs/MAINE/unknown/advertisement_Legal-20Ad-20Bar-20Harbor.pdf,2026-08-07,downloaded,advertisement
Maine,Vertical,maine_vertical,,Notice,,https://www.maine.gov/dafs/bgs/sites/maine.gov.dafs.bgs/files/inline-files/Notice_to_Contractors_CESD_Early_Site.pdf,Notice_to_Contractors_CESD_Early_Site.pdf,267601,,,gs://specindex-ai-raw-documents/specs/MAINE/unknown/notice_Notice_to_Contractors_CESD_Early_Site.pdf,2026-08-07,downloaded,notice
Maine,Vertical,maine_vertical,,Notice,,https://www.maine.gov/dafs/bgs/sites/maine.gov.dafs.bgs/files/inline-files/Notice_to_Contractors_CESD_Construction.pdf,Notice_to_Contractors_CESD_Construction.pdf,201141,,,gs://specindex-ai-raw-documents/specs/MAINE/unknown/notice_Notice_to_Contractors_CESD_Construction.pdf,2026-08-07,downloaded,notice
Maine,Vertical,maine_vertical,,Notice,,https://www.maine.gov/dafs/bgs/sites/maine.gov.dafs.bgs/files/inline-files/Notice_to_Contractors_MSAD75_Bowdoin.pdf,Notice_to_Contractors_MSAD75_Bowdoin.pdf,185602,,,gs://specindex-ai-raw-documents/specs/MAINE/unknown/notice_Notice_to_Contractors_MSAD75_Bowdoin.pdf,2026-08-07,downloaded,notice
Maine,Vertical,maine_vertical,,Notice,,https://www.maine.gov/dafs/bgs/sites/maine.gov.dafs.bgs/files/inline-files/Notice_to_Contractors_MSAD_51_Greely.pdf,Notice_to_Contractors_MSAD_51_Greely.pdf,263285,,,gs://specindex-ai-raw-documents/specs/MAINE/unknown/notice_Notice_to_Contractors_MSAD_51_Greely.pdf,2026-08-07,downloaded,notice
Maine,Vertical,maine_vertical,,Notice,,https://www.maine.gov/dafs/bgs/sites/maine.gov.dafs.bgs/files/inline-files/Notice_to_Contractors_MSAD_54.pdf,Notice_to_Contractors_MSAD_54.pdf,279762,,,gs://specindex-ai-raw-documents/specs/MAINE/unknown/notice_Notice_to_Contractors_MSAD_54.pdf,2026-08-07,downloaded,notice
Maine,Vertical,maine_vertical,,Notice,,https://www.maine.gov/dafs/bgs/sites/maine.gov.dafs.bgs/files/inline-files/Notice%20to%20Contractors%20and%20Subcontractors%20Saco%20Rev._0.pdf,Notice%20to%20Contractors%20and%20Subcontractors%20Saco%20Rev._0.pdf,198387,,,gs://specindex-ai-raw-documents/specs/MAINE/unknown/notice_Notice-20to-20Contractors-20and-20Subcontractors-20Saco-20Rev._0.pdf,2026-08-07,downloaded,notice
Maine,Vertical,maine_vertical,,Notice,,https://www.maine.gov/dafs/bgs/sites/maine.gov.dafs.bgs/files/inline-files/Notice%20to%20Contractors%20and%20Subcontractors%20Saco.pdf,Notice%20to%20Contractors%20and%20Subcontractors%20Saco.pdf,235186,,,gs://specindex-ai-raw-documents/specs/MAINE/unknown/notice_Notice-20to-20Contractors-20and-20Subcontractors-20Saco.pdf,2026-08-07,downloaded,notice
Maine,Vertical,maine_vertical,,Notice,,https://www.maine.gov/dafs/bgs/sites/maine.gov.dafs.bgs/files/inline-files/Notice%20to%20Contractors%20AOS%2098%20Boothbay%20Sprinkler.pdf,Notice%20to%20Contractors%20AOS%2098%20Boothbay%20Sprinkler.pdf,180744,,,gs://specindex-ai-raw-documents/specs/MAINE/unknown/notice_Notice-20to-20Contractors-20AOS-2098-20Boothbay-20Sprinkler.pdf,2026-08-07,downloaded,notice
Maine,Vertical,maine_vertical,,Notice,,https://www.maine.gov/dafs/bgs/sites/maine.gov.dafs.bgs/files/inline-files/Notice%20to%20Contractors%20AOS%2098%20Boothbay.pdf,Notice%20to%20Contractors%20AOS%2098%20Boothbay.pdf,112105,,,gs://specindex-ai-raw-documents/specs/MAINE/unknown/notice_Notice-20to-20Contractors-20AOS-2098-20Boothbay.pdf,2026-08-07,downloaded,notice
Maine,Vertical,maine_vertical,,Notice,,https://www.maine.gov/dafs/bgs/sites/maine.gov.dafs.bgs/files/inline-files/Notice%20to%20Contractors%20AOS%2091%20Bar%20Harbor_0.pdf,Notice%20to%20Contractors%20AOS%2091%20Bar%20Harbor_0.pdf,77899,,,gs://specindex-ai-raw-documents/specs/MAINE/unknown/notice_Notice-20to-20Contractors-20AOS-2091-20Bar-20Harbor_0.pdf,2026-08-07,downloaded,notice
Maine,Vertical,maine_vertical,,Notice,,https://www.maine.gov/dafs/bgs/sites/maine.gov.dafs.bgs/files/inline-files/Notice%20to%20Contractors%20OOB%20roof.pdf,Notice%20to%20Contractors%20OOB%20roof.pdf,129817,,,gs://specindex-ai-raw-documents/specs/MAINE/unknown/notice_Notice-20to-20Contractors-20OOB-20roof.pdf,2026-08-07,downloaded,notice
Maine,Vertical,maine_vertical,,Notice,,https://www.maine.gov/dafs/bgs/sites/maine.gov.dafs.bgs/files/inline-files/Notice%20to%20Contractors%20Region%209%20Culinary%20Bldg.pdf,Notice%20to%20Contractors%20Region%209%20Culinary%20Bldg.pdf,13923,,,gs://specindex-ai-raw-documents/specs/MAINE/unknown/notice_Notice-20to-20Contractors-20Region-209-20Culinary-20Bldg.pdf,2026-08-07,downloaded,notice
Maine,Vertical,maine_vertical,,Notice,,https://www.maine.gov/dafs/bgs/sites/maine.gov.dafs.bgs/files/inline-files/Notice%20to%20Contractors%20Yaarmouth%20Pump%20Station.pdf,Notice%20to%20Contractors%20Yaarmouth%20Pump%20Station.pdf,189184,,,gs://specindex-ai-raw-documents/specs/MAINE/unknown/notice_Notice-20to-20Contractors-20Yaarmouth-20Pump-20Station.pdf,2026-08-07,downloaded,notice
Maine,Vertical,maine_vertical,,Notice,,https://www.maine.gov/dafs/bgs/sites/maine.gov.dafs.bgs/files/inline-files/Notice%20to%20Contractors%20YHS%20Science%20Classroom.pdf,Notice%20to%20Contractors%20YHS%20Science%20Classroom.pdf,113632,,,gs://specindex-ai-raw-documents/specs/MAINE/unknown/notice_Notice-20to-20Contractors-20YHS-20Science-20Classroom.pdf,2026-08-07,downloaded,notice
Maine,Vertical,maine_vertical,,Notice,,https://www.maine.gov/dafs/bgs/sites/maine.gov.dafs.bgs/files/inline-files/Notice_to_Contractors_Yarmouth.pdf,Notice_to_Contractors_Yarmouth.pdf,156151,,,gs://specindex-ai-raw-documents/specs/MAINE/unknown/notice_Notice_to_Contractors_Yarmouth.pdf,2026-08-07,downloaded,notice
Maine,Vertical,maine_vertical,,MSAD,,https://www.maine.gov/dafs/bgs/sites/maine.gov.dafs.bgs/files/inline-files/MSAD%2049%20Notice%20to%20Contractors%20Network.pdf,MSAD%2049%20Notice%20to%20Contractors%20Network.pdf,1559498,CSI,01,gs://specindex-ai-raw-documents/specs/MAINE/unknown/notice_MSAD-2049-20Notice-20to-20Contractors-20Network.pdf,2026-08-07,downloaded,notice
Maine,Vertical,maine_vertical,,MSAD,,https://www.maine.gov/dafs/bgs/sites/maine.gov.dafs.bgs/files/inline-files/MSAD%2051%20Notice%20to%20Contractors%20Cumberland.pdf,MSAD%2051%20Notice%20to%20Contractors%20Cumberland.pdf,274662,,,gs://specindex-ai-raw-documents/specs/MAINE/unknown/notice_MSAD-2051-20Notice-20to-20Contractors-20Cumberland.pdf,2026-08-07,downloaded,notice
Maine,Vertical,maine_vertical,,MSAD,,https://www.maine.gov/dafs/bgs/sites/maine.gov.dafs.bgs/files/inline-files/MSAD%2051%20Bid%20Tabulation%20Sheet.pdf,MSAD%2051%20Bid%20Tabulation%20Sheet.pdf,88784,,,gs://specindex-ai-raw-documents/specs/MAINE/unknown/drawings_MSAD-2051-20Bid-20Tabulation-20Sheet.pdf,2026-08-07,downloaded,drawings
Maine,Vertical,maine_vertical,,MSAD,,https://www.maine.gov/dafs/bgs/sites/maine.gov.dafs.bgs/files/inline-files/MSAD%2051%20Legal%20Ad.pdf,MSAD%2051%20Legal%20Ad.pdf,64905,,,gs://specindex-ai-raw-documents/specs/MAINE/unknown/advertisement_MSAD-2051-20Legal-20Ad.pdf,2026-08-07,downloaded,advertisement
Maine,Vertical,maine_vertical,,MSAD,,https://www.maine.gov/dafs/bgs/sites/maine.gov.dafs.bgs/files/inline-files/MSAD%2051%20Notice%20to%20Contractors.pdf,MSAD%2051%20Notice%20to%20Contractors.pdf,300423,unreadable,,,2026-08-07,unreadable format,notice
Maine,Vertical,maine_vertical,,MSAD,,https://www.maine.gov/dafs/bgs/sites/maine.gov.dafs.bgs/files/inline-files/MSAD%2051%20Notice%20to%20Contractors%20Greely%20HS%20Turf.pdf,MSAD%2051%20Notice%20to%20Contractors%20Greely%20HS%20Turf.pdf,279169,,,gs://specindex-ai-raw-documents/specs/MAINE/unknown/notice_MSAD-2051-20Notice-20to-20Contractors-20Greely-20HS-20Turf.pdf,2026-08-07,downloaded,notice
Maine,Vertical,maine_vertical,,MSAD,,https://www.maine.gov/dafs/bgs/sites/maine.gov.dafs.bgs/files/inline-files/MSAD%20Notice%20to%20Contractors.pdf,MSAD%20Notice%20to%20Contractors.pdf,22660,,,gs://specindex-ai-raw-documents/specs/MAINE/unknown/notice_MSAD-20Notice-20to-20Contractors.pdf,2026-08-07,downloaded,notice
Maine,Vertical,maine_vertical,,MSAD,,https://www.maine.gov/dafs/bgs/sites/maine.gov.dafs.bgs/files/inline-files/MSAD%2051%20New%20Facilities%20Bldg%20Notice%20to%20Contractors.pdf,MSAD%2051%20New%20Facilities%20Bldg%20Notice%20to%20Contractors.pdf,140905,,,gs://specindex-ai-raw-documents/specs/MAINE/unknown/notice_MSAD-2051-20New-20Facilities-20Bldg-20Notice-20to-20Contractors.pdf,2026-08-07,downloaded,notice
Maine,Vertical,maine_vertical,,MSAD,,https://www.maine.gov/dafs/bgs/sites/maine.gov.dafs.bgs/files/inline-files/MSAD%2027%20Notice%20to%20Contractors%20Waterford%2C%20Otisfield%2C%20Harrison.pdf,MSAD%2027%20Notice%20to%20Contractors%20Waterford%2C%20Otisfield%2C%20Harrison.pdf,76732,,,gs://specindex-ai-raw-documents/specs/MAINE/unknown/notice_MSAD-2027-20Notice-20to-20Contractors-20Waterford-2C-20Otisfield-2C-20Harrison.pdf,2026-08-07,downloaded,notice
Maine,Vertical,maine_vertical,,MSAD,,https://www.maine.gov/dafs/bgs/sites/maine.gov.dafs.bgs/files/inline-files/MSAD%2017%20school%20notice%20to%20contractors%20Revision%202.pdf,MSAD%2017%20school%20notice%20to%20contractors%20Revision%202.pdf,77449,,,gs://specindex-ai-raw-documents/specs/MAINE/unknown/notice_MSAD-2017-20school-20notice-20to-20contractors-20Revision-202.pdf,2026-08-07,downloaded,notice
Maine,Vertical,maine_vertical,,MSAD,,https://www.maine.gov/dafs/bgs/sites/maine.gov.dafs.bgs/files/inline-files/MSAD%2017%20Notice%20to%20Contractors%20Revised.pdf,MSAD%2017%20Notice%20to%20Contractors%20Revised.pdf,76462,,,gs://specindex-ai-raw-documents/specs/MAINE/unknown/notice_MSAD-2017-20Notice-20to-20Contractors-20Revised.pdf,2026-08-07,downloaded,notice
Maine,Vertical,maine_vertical,,MSAD,,https://www.maine.gov/dafs/bgs/sites/maine.gov.dafs.bgs/files/inline-files/MSAD%2017%20Notice%20to%20Contractors.pdf,MSAD%2017%20Notice%20to%20Contractors.pdf,74810,,,gs://specindex-ai-raw-documents/specs/MAINE/unknown/notice_MSAD-2017-20Notice-20to-20Contractors.pdf,2026-08-07,downloaded,notice
Maine,Vertical,maine_vertical,,MSAD,,https://www.maine.gov/dafs/bgs/sites/maine.gov.dafs.bgs/files/inline-files/MSAD%2051%20Greely%20HS%20Science%20Wing%20Notice.pdf,MSAD%2051%20Greely%20HS%20Science%20Wing%20Notice.pdf,98706,,,gs://specindex-ai-raw-documents/specs/MAINE/unknown/notice_MSAD-2051-20Greely-20HS-20Science-20Wing-20Notice.pdf,2026-08-07,downloaded,notice
Maine,Vertical,maine_vertical,,MSAD,,https://www.maine.gov/dafs/bgs/sites/maine.gov.dafs.bgs/files/inline-files/MSAD%2051%20Mabel%20Wilson%20Notice.pdf,MSAD%2051%20Mabel%20Wilson%20Notice.pdf,99073,,,gs://specindex-ai-raw-documents/specs/MAINE/unknown/notice_MSAD-2051-20Mabel-20Wilson-20Notice.pdf,2026-08-07,downloaded,notice
Maine,Vertical,maine_vertical,,MSAD,,https://www.maine.gov/dafs/bgs/sites/maine.gov.dafs.bgs/files/inline-files/MSAD%2075%20Master%20Plan%20-%20RFQ%20Information%20Sheet%20for%20A%26E%20Service%20-%20Final.pdf,MSAD%2075%20Master%20Plan%20-%20RFQ%20Information%20Sheet%20for%20A%26E%20Service%20-%20Final.pdf,295722,,,gs://specindex-ai-raw-documents/specs/MAINE/unknown/drawings_MSAD-2075-20Master-20Plan-20--20RFQ-20Information-20Sheet-20for-20A-26E-20Service-20--20Final.pdf,2026-08-07,downloaded,drawings
Maine,Vertical,maine_vertical,,MSAD,,https://www.maine.gov/dafs/bgs/sites/maine.gov.dafs.bgs/files/inline-files/MSAD%2017%20Legal%20Ad.pdf,MSAD%2017%20Legal%20Ad.pdf,9800,,,gs://specindex-ai-raw-documents/specs/MAINE/unknown/advertisement_MSAD-2017-20Legal-20Ad.pdf,2026-08-07,downloaded,advertisement
Maine,Vertical,maine_vertical,,MSAD,,https://www.maine.gov/dafs/bgs/sites/maine.gov.dafs.bgs/files/inline-files/MSAD%2017%20RFQ%20information%20sheet.pdf,MSAD%2017%20RFQ%20information%20sheet.pdf,18950,,,gs://specindex-ai-raw-documents/specs/MAINE/unknown/drawings_MSAD-2017-20RFQ-20information-20sheet.pdf,2026-08-07,downloaded,drawings
Maine,Vertical,maine_vertical,,MSAD49,,https://www.maine.gov/dafs/bgs/sites/maine.gov.dafs.bgs/files/inline-files/MSAD49%20Notice%20to%20Contractors%20-Lawrence%20AV.pdf,MSAD49%20Notice%20to%20Contractors%20-Lawrence%20AV.pdf,1556305,CSI,01,gs://specindex-ai-raw-documents/specs/MAINE/unknown/notice_MSAD49-20Notice-20to-20Contractors-20-Lawrence-20AV.pdf,2026-08-07,downloaded,notice
Maine,Vertical,maine_vertical,3749,3749,,https://www.maine.gov/dafs/bgs/sites/maine.gov.dafs.bgs/files/inline-files/3749%20Notice%20to%20Contractors%20DVEM.pdf,3749%20Notice%20to%20Contractors%20DVEM.pdf,246693,,,gs://specindex-ai-raw-documents/specs/MAINE/3749/notice_3749-20Notice-20to-20Contractors-20DVEM.pdf,2026-08-07,downloaded,notice
Maine,Vertical,maine_vertical,3749,3749,,https://www.maine.gov/dafs/bgs/sites/maine.gov.dafs.bgs/files/inline-files/3749%20Bid%20Tabulation%20Form.pdf,3749%20Bid%20Tabulation%20Form.pdf,176839,,,gs://specindex-ai-raw-documents/specs/MAINE/3749/bid_tab_3749-20Bid-20Tabulation-20Form.pdf,2026-08-07,downloaded,bid_tab
Maine,Vertical,maine_vertical,,AOS,,https://www.maine.gov/dafs/bgs/sites/maine.gov.dafs.bgs/files/inline-files/AOS%2090%20Princeton%20Roof%20advertisement%20for%20bids.pdf,AOS%2090%20Princeton%20Roof%20advertisement%20for%20bids.pdf,118935,,,gs://specindex-ai-raw-documents/specs/MAINE/unknown/advertisement_AOS-2090-20Princeton-20Roof-20advertisement-20for-20bids.pdf,2026-08-07,downloaded,advertisement
Maine,Vertical,maine_vertical,,Biddeford,,https://www.maine.gov/dafs/bgs/sites/maine.gov.dafs.bgs/files/inline-files/Biddeford%20Primary%20School%20Notice%20to%20Contractors%20-%20revised_1.pdf,Biddeford%20Primary%20School%20Notice%20to%20Contractors%20-%20revised_1.pdf,81839,,,gs://specindex-ai-raw-documents/specs/MAINE/unknown/notice_Biddeford-20Primary-20School-20Notice-20to-20Contractors-20--20revised_1.pdf,2026-08-07,downloaded,notice
Maine,Vertical,maine_vertical,,Biddeford,,https://www.maine.gov/dafs/bgs/sites/maine.gov.dafs.bgs/files/inline-files/Biddeford%20Primary%20School%20Notice%20to%20Contractors.pdf,Biddeford%20Primary%20School%20Notice%20to%20Contractors.pdf,82238,,,gs://specindex-ai-raw-documents/specs/MAINE/unknown/notice_Biddeford-20Primary-20School-20Notice-20to-20Contractors.pdf,2026-08-07,downloaded,notice
Maine,Vertical,maine_vertical,3628,3628,,https://www.maine.gov/dafs/bgs/sites/maine.gov.dafs.bgs/files/inline-files/3628%20Legal%20Ad%20DOC%20Mt.%20View.pdf,3628%20Legal%20Ad%20DOC%20Mt.%20View.pdf,45209,,,gs://specindex-ai-raw-documents/specs/MAINE/3628/advertisement_3628-20Legal-20Ad-20DOC-20Mt.-20View.pdf,2026-08-07,downloaded,advertisement
Maine,Vertical,maine_vertical,3628,3628,,https://www.maine.gov/dafs/bgs/sites/maine.gov.dafs.bgs/files/inline-files/3628%20Notice%20to%20Contractors%20DOC%20Mt%20View.pdf,3628%20Notice%20to%20Contractors%20DOC%20Mt%20View.pdf,276137,,,gs://specindex-ai-raw-documents/specs/MAINE/3628/notice_3628-20Notice-20to-20Contractors-20DOC-20Mt-20View.pdf,2026-08-07,downloaded,notice
Maine,Vertical,maine_vertical,3628,3628,,https://www.maine.gov/dafs/bgs/sites/maine.gov.dafs.bgs/files/inline-files/3628%20Bid%20Tab%20DOC%20Mt.%20View.pdf,3628%20Bid%20Tab%20DOC%20Mt.%20View.pdf,45371,,,gs://specindex-ai-raw-documents/specs/MAINE/3628/bid_tab_3628-20Bid-20Tab-20DOC-20Mt.-20View.pdf,2026-08-07,downloaded,bid_tab
Maine,Vertical,maine_vertical,3776,3776,,https://www.maine.gov/dafs/bgs/sites/maine.gov.dafs.bgs/files/inline-files/3776%20Bid%20Tab%20IFW.pdf,3776%20Bid%20Tab%20IFW.pdf,37499,,,gs://specindex-ai-raw-documents/specs/MAINE/3776/bid_tab_3776-20Bid-20Tab-20IFW.pdf,2026-08-07,downloaded,bid_tab
Maine,Vertical,maine_vertical,3630,3630,,https://www.maine.gov/dafs/bgs/sites/maine.gov.dafs.bgs/files/inline-files/3630%20Legal%20Ad%20DOC%20Paving.pdf,3630%20Legal%20Ad%20DOC%20Paving.pdf,22704,,,gs://specindex-ai-raw-documents/specs/MAINE/3630/advertisement_3630-20Legal-20Ad-20DOC-20Paving.pdf,2026-08-07,downloaded,advertisement
Maine,Vertical,maine_vertical,3630,3630,,https://www.maine.gov/dafs/bgs/sites/maine.gov.dafs.bgs/files/inline-files/3630%20Notice%20to%20Contractors%20DOC%20Paving.pdf,3630%20Notice%20to%20Contractors%20DOC%20Paving.pdf,132411,,,gs://specindex-ai-raw-documents/specs/MAINE/3630/notice_3630-20Notice-20to-20Contractors-20DOC-20Paving.pdf,2026-08-07,downloaded,notice
Maine,Vertical,maine_vertical,3630,3630,,https://www.maine.gov/dafs/bgs/sites/maine.gov.dafs.bgs/files/inline-files/3630%20Addenda%20No.%201%20DOC%20Paving.pdf,3630%20Addenda%20No.%201%20DOC%20Paving.pdf,107840,,,gs://specindex-ai-raw-documents/specs/MAINE/3630/addendum_3630-20Addenda-20No.-201-20DOC-20Paving.pdf,2026-08-07,downloaded,addendum
Maine,Vertical,maine_vertical,3630,3630,,https://www.maine.gov/dafs/bgs/sites/maine.gov.dafs.bgs/files/inline-files/3630%20Bid%20Tabulation%20Form_0.pdf,3630%20Bid%20Tabulation%20Form_0.pdf,37829,,,gs://specindex-ai-raw-documents/specs/MAINE/3630/bid_tab_3630-20Bid-20Tabulation-20Form_0.pdf,2026-08-07,downloaded,bid_tab
Maine,Vertical,maine_vertical,,YMS-Window-Phase-2,,https://www.maine.gov/dafs/bgs/sites/maine.gov.dafs.bgs/files/inline-files/YMS-Window-Phase-2%20Notice%20to%20Contractors.pdf,YMS-Window-Phase-2%20Notice%20to%20Contractors.pdf,95489,,,gs://specindex-ai-raw-documents/specs/MAINE/unknown/notice_YMS-Window-Phase-2-20Notice-20to-20Contractors.pdf,2026-08-07,downloaded,notice
Maine,Vertical,maine_vertical,,2024-03-20-23590-YMS-Window-Phase-2-ADD1.pdf,,https://www.maine.gov/dafs/bgs/sites/maine.gov.dafs.bgs/files/inline-files/2024-03-20-23590-YMS-Window-Phase-2-ADD1.pdf,2024-03-20-23590-YMS-Window-Phase-2-ADD1.pdf,7418794,,,gs://specindex-ai-raw-documents/specs/MAINE/unknown/other_2024-03-20-23590-YMS-Window-Phase-2-ADD1.pdf,2026-08-07,downloaded,other
Maine,Vertical,maine_vertical,3634,3634,,https://www.maine.gov/dafs/bgs/sites/maine.gov.dafs.bgs/files/inline-files/3634%20Notice%20to%20Contractors%20WB%20DC%20Roofing.pdf,3634%20Notice%20to%20Contractors%20WB%20DC%20Roofing.pdf,44061,,,gs://specindex-ai-raw-documents/specs/MAINE/3634/notice_3634-20Notice-20to-20Contractors-20WB-20DC-20Roofing.pdf,2026-08-07,downloaded,notice
Maine,Vertical,maine_vertical,3634,3634,,https://www.maine.gov/dafs/bgs/sites/maine.gov.dafs.bgs/files/inline-files/3634%20Bid%20Tab%20Judicial%20Roof%20West%20Bath.pdf,3634%20Bid%20Tab%20Judicial%20Roof%20West%20Bath.pdf,45620,,,gs://specindex-ai-raw-documents/specs/MAINE/3634/bid_tab_3634-20Bid-20Tab-20Judicial-20Roof-20West-20Bath.pdf,2026-08-07,downloaded,bid_tab
Maine,Vertical,maine_vertical,,Notification,,https://www.maine.gov/dafs/bgs/sites/maine.gov.dafs.bgs/files/inline-files/Notification%20to%20Contractors%20Region%209%20Welding%20Notice.pdf,Notification%20to%20Contractors%20Region%209%20Welding%20Notice.pdf,53902,CSI,31,gs://specindex-ai-raw-documents/specs/MAINE/unknown/notice_Notification-20to-20Contractors-20Region-209-20Welding-20Notice.pdf,2026-08-07,downloaded,notice
Maine,Vertical,maine_vertical,3396,3396,,https://www.maine.gov/dafs/bgs/sites/maine.gov.dafs.bgs/files/inline-files/3396%20MMA%20Waterfront%20Early%20NTC%2019%20Jan%2024_0.pdf,3396%20MMA%20Waterfront%20Early%20NTC%2019%20Jan%2024_0.pdf,44619,,,gs://specindex-ai-raw-documents/specs/MAINE/3396/other_3396-20MMA-20Waterfront-20Early-20NTC-2019-20Jan-2024_0.pdf,2026-08-07,downloaded,other
Maine,Vertical,maine_vertical,3396,3396,,https://www.maine.gov/dafs/bgs/sites/maine.gov.dafs.bgs/files/inline-files/3396%20MMA%20Waterfront%20Early%20NTC%2019%20Jan%2024.pdf,3396%20MMA%20Waterfront%20Early%20NTC%2019%20Jan%2024.pdf,44619,,,gs://specindex-ai-raw-documents/specs/MAINE/3396/other_3396-20MMA-20Waterfront-20Early-20NTC-2019-20Jan-2024.pdf,2026-08-07,downloaded,other
Maine,Vertical,maine_vertical,3482,3482,,https://www.maine.gov/dafs/bgs/sites/maine.gov.dafs.bgs/files/inline-files/3482%20%26%203483%20Legal%20Ad%20Sebago%20Lake.pdf,3482%20%26%203483%20Legal%20Ad%20Sebago%20Lake.pdf,17755,,,gs://specindex-ai-raw-documents/specs/MAINE/3482/advertisement_3482-20-26-203483-20Legal-20Ad-20Sebago-20Lake.pdf,2026-08-07,downloaded,advertisement
Maine,Vertical,maine_vertical,3482,3482,,https://www.maine.gov/dafs/bgs/sites/maine.gov.dafs.bgs/files/inline-files/3482%20%26%203483%20-%20Notice%20to%20Contractors%20Sebago%20Lake.pdf,3482%20%26%203483%20-%20Notice%20to%20Contractors%20Sebago%20Lake.pdf,21479,,,gs://specindex-ai-raw-documents/specs/MAINE/3482/notice_3482-20-26-203483-20--20Notice-20to-20Contractors-20Sebago-20Lake.pdf,2026-08-07,downloaded,notice
Maine,Vertical,maine_vertical,3482,3482,,https://www.maine.gov/dafs/bgs/sites/maine.gov.dafs.bgs/files/inline-files/3482%203483%20Bid%20Tab%20DACF.pdf,3482%203483%20Bid%20Tab%20DACF.pdf,41079,,,gs://specindex-ai-raw-documents/specs/MAINE/3482/bid_tab_3482-203483-20Bid-20Tab-20DACF.pdf,2026-08-07,downloaded,bid_tab
Maine,Vertical,maine_vertical,,RFP,,https://www.maine.gov/dafs/bgs/sites/maine.gov.dafs.bgs/files/inline-files/RFP_Document_Yarmouth.pdf,RFP_Document_Yarmouth.pdf,297658,,,gs://specindex-ai-raw-documents/specs/MAINE/unknown/other_RFP_Document_Yarmouth.pdf,2026-08-07,downloaded,other
Maine,Vertical,maine_vertical,3970,3970,,https://www.maine.gov/dafs/bgs/sites/maine.gov.dafs.bgs/files/inline-files/3970_RFQ_Legal_Ad_DVEM.pdf,3970_RFQ_Legal_Ad_DVEM.pdf,219873,,,gs://specindex-ai-raw-documents/specs/MAINE/3970/advertisement_3970_RFQ_Legal_Ad_DVEM.pdf,2026-08-07,downloaded,advertisement
Maine,Vertical,maine_vertical,3970,3970,,https://www.maine.gov/dafs/bgs/sites/maine.gov.dafs.bgs/files/inline-files/3970_RFQ_Information_Sheet_DVEM.pdf,3970_RFQ_Information_Sheet_DVEM.pdf,217708,,,gs://specindex-ai-raw-documents/specs/MAINE/3970/drawings_3970_RFQ_Information_Sheet_DVEM.pdf,2026-08-07,downloaded,drawings
Maine,Vertical,maine_vertical,,RFQ,,https://www.maine.gov/dafs/bgs/sites/maine.gov.dafs.bgs/files/inline-files/RFQ_Legal_Ad_JRL_DAFS_0.pdf,RFQ_Legal_Ad_JRL_DAFS_0.pdf,103442,,,gs://specindex-ai-raw-documents/specs/MAINE/unknown/advertisement_RFQ_Legal_Ad_JRL_DAFS_0.pdf,2026-08-07,downloaded,advertisement
Maine,Vertical,maine_vertical,,RFQ,,https://www.maine.gov/dafs/bgs/sites/maine.gov.dafs.bgs/files/inline-files/RFQ_Information_Sheet_JRL_DAFS_0.pdf,RFQ_Information_Sheet_JRL_DAFS_0.pdf,267318,,,gs://specindex-ai-raw-documents/specs/MAINE/unknown/drawings_RFQ_Information_Sheet_JRL_DAFS_0.pdf,2026-08-07,downloaded,drawings
Maine,Vertical,maine_vertical,,RFQ,,https://www.maine.gov/dafs/bgs/sites/maine.gov.dafs.bgs/files/inline-files/RFQ_Supporting_Information_JRL_DAFS_0.pdf,RFQ_Supporting_Information_JRL_DAFS_0.pdf,924676,,,gs://specindex-ai-raw-documents/specs/MAINE/unknown/other_RFQ_Supporting_Information_JRL_DAFS_0.pdf,2026-08-07,downloaded,other
Maine,Vertical,maine_vertical,,RFQ,,https://www.maine.gov/dafs/bgs/sites/maine.gov.dafs.bgs/files/inline-files/RFQ_Information_Sheet_Boothbay.pdf,RFQ_Information_Sheet_Boothbay.pdf,261019,,,gs://specindex-ai-raw-documents/specs/MAINE/unknown/drawings_RFQ_Information_Sheet_Boothbay.pdf,2026-08-07,downloaded,drawings
Maine,Vertical,maine_vertical,,RFQ,,https://www.maine.gov/dafs/bgs/sites/maine.gov.dafs.bgs/files/inline-files/RFQ_Legal_Ad_Jr_Sr_HS.pdf,RFQ_Legal_Ad_Jr_Sr_HS.pdf,117035,,,gs://specindex-ai-raw-documents/specs/MAINE/unknown/advertisement_RFQ_Legal_Ad_Jr_Sr_HS.pdf,2026-08-07,downloaded,advertisement
Maine,Vertical,maine_vertical,,RFQ,,https://www.maine.gov/dafs/bgs/sites/maine.gov.dafs.bgs/files/inline-files/RFQ_Information_Sheet_Jr_Sr_HS.pdf,RFQ_Information_Sheet_Jr_Sr_HS.pdf,169910,,,gs://specindex-ai-raw-documents/specs/MAINE/unknown/drawings_RFQ_Information_Sheet_Jr_Sr_HS.pdf,2026-08-07,downloaded,drawings
Maine,Vertical,maine_vertical,,RFQ,,https://www.maine.gov/dafs/bgs/sites/maine.gov.dafs.bgs/files/inline-files/RFQ_Information_Sheet_Phillips_0.pdf,RFQ_Information_Sheet_Phillips_0.pdf,70669,,,gs://specindex-ai-raw-documents/specs/MAINE/unknown/drawings_RFQ_Information_Sheet_Phillips_0.pdf,2026-08-07,downloaded,drawings
Maine,Vertical,maine_vertical,,RFQ,,https://www.maine.gov/dafs/bgs/sites/maine.gov.dafs.bgs/files/inline-files/RFQ%20Legal%20Ad%20Sedgwick.pdf,RFQ%20Legal%20Ad%20Sedgwick.pdf,69433,,,gs://specindex-ai-raw-documents/specs/MAINE/unknown/advertisement_RFQ-20Legal-20Ad-20Sedgwick.pdf,2026-08-07,downloaded,advertisement
Maine,Vertical,maine_vertical,,RFQ,,https://www.maine.gov/dafs/bgs/sites/maine.gov.dafs.bgs/files/inline-files/RFQ%20Information%20Sheet%20Sedwick.pdf,RFQ%20Information%20Sheet%20Sedwick.pdf,148805,,,gs://specindex-ai-raw-documents/specs/MAINE/unknown/drawings_RFQ-20Information-20Sheet-20Sedwick.pdf,2026-08-07,downloaded,drawings
Maine,Vertical,maine_vertical,,RFQ,,https://www.maine.gov/dafs/bgs/sites/maine.gov.dafs.bgs/files/inline-files/RFQ%20Legal%20Ad%20Deer%20Isle_0.pdf,RFQ%20Legal%20Ad%20Deer%20Isle_0.pdf,69911,,,gs://specindex-ai-raw-documents/specs/MAINE/unknown/advertisement_RFQ-20Legal-20Ad-20Deer-20Isle_0.pdf,2026-08-07,downloaded,advertisement
Maine,Vertical,maine_vertical,,RFQ,,https://www.maine.gov/dafs/bgs/sites/maine.gov.dafs.bgs/files/inline-files/RFQ%20Information%20Sheet%20Deer%20Isle.pdf,RFQ%20Information%20Sheet%20Deer%20Isle.pdf,147570,,,gs://specindex-ai-raw-documents/specs/MAINE/unknown/drawings_RFQ-20Information-20Sheet-20Deer-20Isle.pdf,2026-08-07,downloaded,drawings
Maine,Vertical,maine_vertical,,RFQ,,https://www.maine.gov/dafs/bgs/sites/maine.gov.dafs.bgs/files/inline-files/RFQ%20information%20Sheet%20Yarmouth%20Energy%20Con..pdf,RFQ%20information%20Sheet%20Yarmouth%20Energy%20Con..pdf,307413,,,gs://specindex-ai-raw-documents/specs/MAINE/unknown/drawings_RFQ-20information-20Sheet-20Yarmouth-20Energy-20Con..pdf,2026-08-07,downloaded,drawings
Maine,Vertical,maine_vertical,,RFQ,,https://www.maine.gov/dafs/bgs/sites/maine.gov.dafs.bgs/files/inline-files/RFQ%20Information%20Sheet%20Scao%20Commissioning%20rev.%201.7.2026.pdf,RFQ%20Information%20Sheet%20Scao%20Commissioning%20rev.%201.7.2026.pdf,66325,,,gs://specindex-ai-raw-documents/specs/MAINE/unknown/drawings_RFQ-20Information-20Sheet-20Scao-20Commissioning-20rev.-201.7.2026.pdf,2026-08-07,downloaded,drawings
Maine,Vertical,maine_vertical,,RFQ,,https://www.maine.gov/dafs/bgs/sites/maine.gov.dafs.bgs/files/inline-files/RFQ%20Information%20Sheet%20Saco%20Commissioning.pdf,RFQ%20Information%20Sheet%20Saco%20Commissioning.pdf,48277,,,gs://specindex-ai-raw-documents/specs/MAINE/unknown/drawings_RFQ-20Information-20Sheet-20Saco-20Commissioning.pdf,2026-08-07,downloaded,drawings
Maine,Vertical,maine_vertical,,RFQ,,https://www.maine.gov/dafs/bgs/sites/maine.gov.dafs.bgs/files/inline-files/RFQ%20Information%20Sheet%20RSU1.pdf,RFQ%20Information%20Sheet%20RSU1.pdf,66981,,,gs://specindex-ai-raw-documents/specs/MAINE/unknown/drawings_RFQ-20Information-20Sheet-20RSU1.pdf,2026-08-07,downloaded,drawings
Maine,Vertical,maine_vertical,,RFQ,,https://www.maine.gov/dafs/bgs/sites/maine.gov.dafs.bgs/files/inline-files/RFQ%20Information%20Sheet%20SACO%20OR.pdf,RFQ%20Information%20Sheet%20SACO%20OR.pdf,68081,,,gs://specindex-ai-raw-documents/specs/MAINE/unknown/drawings_RFQ-20Information-20Sheet-20SACO-20OR.pdf,2026-08-07,downloaded,drawings
Maine,Vertical,maine_vertical,,RFQ,,https://www.maine.gov/dafs/bgs/sites/maine.gov.dafs.bgs/files/inline-files/RFQ%20Information%20Sheet%20CESD.pdf,RFQ%20Information%20Sheet%20CESD.pdf,153065,,,gs://specindex-ai-raw-documents/specs/MAINE/unknown/drawings_RFQ-20Information-20Sheet-20CESD.pdf,2026-08-07,downloaded,drawings
Maine,Vertical,maine_vertical,,RFQ,,https://www.maine.gov/dafs/bgs/sites/maine.gov.dafs.bgs/files/inline-files/RFQ%20Information%20Sheet%20Yarmouth%20Turf.pdf,RFQ%20Information%20Sheet%20Yarmouth%20Turf.pdf,1545070,,,gs://specindex-ai-raw-documents/specs/MAINE/unknown/drawings_RFQ-20Information-20Sheet-20Yarmouth-20Turf.pdf,2026-08-07,downloaded,drawings
Maine,Vertical,maine_vertical,,RFQ,,https://www.maine.gov/dafs/bgs/sites/maine.gov.dafs.bgs/files/inline-files/RFQ%20Info%20Sheet.pdf,RFQ%20Info%20Sheet.pdf,114527,unreadable,,,2026-08-07,unreadable format,drawings
Maine,Vertical,maine_vertical,,RFQ,,https://www.maine.gov/dafs/bgs/sites/maine.gov.dafs.bgs/files/inline-files/RFQ%20Information%20Sheet%20Bar%20Harbor.pdf,RFQ%20Information%20Sheet%20Bar%20Harbor.pdf,77516,,,gs://specindex-ai-raw-documents/specs/MAINE/unknown/drawings_RFQ-20Information-20Sheet-20Bar-20Harbor.pdf,2026-08-07,downloaded,drawings
Maine,Vertical,maine_vertical,,RFQ,,https://www.maine.gov/dafs/bgs/sites/maine.gov.dafs.bgs/files/inline-files/RFQ%20Legal%20Advertisement%20WES.pdf,RFQ%20Legal%20Advertisement%20WES.pdf,29116,,,gs://specindex-ai-raw-documents/specs/MAINE/unknown/advertisement_RFQ-20Legal-20Advertisement-20WES.pdf,2026-08-07,downloaded,advertisement
Maine,Vertical,maine_vertical,,RFQ,,https://www.maine.gov/dafs/bgs/sites/maine.gov.dafs.bgs/files/inline-files/RFQ%20Information%20Sheet%20WES.pdf,RFQ%20Information%20Sheet%20WES.pdf,144271,,,gs://specindex-ai-raw-documents/specs/MAINE/unknown/drawings_RFQ-20Information-20Sheet-20WES.pdf,2026-08-07,downloaded,drawings
Maine,Vertical,maine_vertical,3861,3861,,https://www.maine.gov/dafs/bgs/sites/maine.gov.dafs.bgs/files/inline-files/3861_%20Legal_Ad_DVEM_0.pdf,3861_%20Legal_Ad_DVEM_0.pdf,69369,,,gs://specindex-ai-raw-documents/specs/MAINE/3861/advertisement_3861_-20Legal_Ad_DVEM_0.pdf,2026-08-07,downloaded,advertisement
Maine,Vertical,maine_vertical,3861,3861,,https://www.maine.gov/dafs/bgs/sites/maine.gov.dafs.bgs/files/inline-files/3861_RFQ_Information_Sheet_DVEM.pdf,3861_RFQ_Information_Sheet_DVEM.pdf,225416,,,gs://specindex-ai-raw-documents/specs/MAINE/3861/drawings_3861_RFQ_Information_Sheet_DVEM.pdf,2026-08-07,downloaded,drawings
Maine,Vertical,maine_vertical,3861,3861,,https://www.maine.gov/dafs/bgs/sites/maine.gov.dafs.bgs/files/inline-files/3861_Technical_Appendix_DVEM%20.pdf,3861_Technical_Appendix_DVEM%20.pdf,207687,,,gs://specindex-ai-raw-documents/specs/MAINE/3861/other_3861_Technical_Appendix_DVEM-20.pdf,2026-08-07,downloaded,other
Maine,Vertical,maine_vertical,3594,3594,,https://www.maine.gov/dafs/bgs/sites/maine.gov.dafs.bgs/files/inline-files/3594_Legal_Ad_DVEM.pdf,3594_Legal_Ad_DVEM.pdf,147965,,,gs://specindex-ai-raw-documents/specs/MAINE/3594/advertisement_3594_Legal_Ad_DVEM.pdf,2026-08-07,downloaded,advertisement
Maine,Vertical,maine_vertical,3954,3954,,https://www.maine.gov/dafs/bgs/sites/maine.gov.dafs.bgs/files/inline-files/3954_RFQ_Information_Sheet_DVEM.pdf,3954_RFQ_Information_Sheet_DVEM.pdf,238035,,,gs://specindex-ai-raw-documents/specs/MAINE/3954/drawings_3954_RFQ_Information_Sheet_DVEM.pdf,2026-08-07,downloaded,drawings
Maine,Vertical,maine_vertical,3934,3934,,https://www.maine.gov/dafs/bgs/sites/maine.gov.dafs.bgs/files/inline-files/3934_RFQ_Legal_Ad_0.pdf,3934_RFQ_Legal_Ad_0.pdf,122613,,,gs://specindex-ai-raw-documents/specs/MAINE/3934/advertisement_3934_RFQ_Legal_Ad_0.pdf,2026-08-07,downloaded,advertisement
Maine,Vertical,maine_vertical,3934,3934,,https://www.maine.gov/dafs/bgs/sites/maine.gov.dafs.bgs/files/inline-files/3934%20RFQ_Information_Sheet_0.pdf,3934%20RFQ_Information_Sheet_0.pdf,260772,,,gs://specindex-ai-raw-documents/specs/MAINE/3934/drawings_3934-20RFQ_Information_Sheet_0.pdf,2026-08-07,downloaded,drawings
Maine,Vertical,maine_vertical,3934,3934,,https://www.maine.gov/dafs/bgs/sites/maine.gov.dafs.bgs/files/inline-files/3934_RFQ_Legal_Ad_1.pdf,3934_RFQ_Legal_Ad_1.pdf,122613,,,gs://specindex-ai-raw-documents/specs/MAINE/3934/advertisement_3934_RFQ_Legal_Ad_1.pdf,2026-08-07,downloaded,advertisement
Maine,Vertical,maine_vertical,3934,3934,,https://www.maine.gov/dafs/bgs/sites/maine.gov.dafs.bgs/files/inline-files/3934%20RFQ_Information_Sheet_1.pdf,3934%20RFQ_Information_Sheet_1.pdf,260772,,,gs://specindex-ai-raw-documents/specs/MAINE/3934/drawings_3934-20RFQ_Information_Sheet_1.pdf,2026-08-07,downloaded,drawings
Maine,Vertical,maine_vertical,3814,3814,,https://www.maine.gov/dafs/bgs/sites/maine.gov.dafs.bgs/files/inline-files/3814_Legal_Ad_DOC_0.pdf,3814_Legal_Ad_DOC_0.pdf,103917,,,gs://specindex-ai-raw-documents/specs/MAINE/3814/advertisement_3814_Legal_Ad_DOC_0.pdf,2026-08-07,downloaded,advertisement
Maine,Vertical,maine_vertical,3814,3814,,https://www.maine.gov/dafs/bgs/sites/maine.gov.dafs.bgs/files/inline-files/3814_RFQ_Information_Sheet_DOC_0.pdf,3814_RFQ_Information_Sheet_DOC_0.pdf,215973,,,gs://specindex-ai-raw-documents/specs/MAINE/3814/drawings_3814_RFQ_Information_Sheet_DOC_0.pdf,2026-08-07,downloaded,drawings
Maine,Vertical,maine_vertical,3814,3814,,https://www.maine.gov/dafs/bgs/sites/maine.gov.dafs.bgs/files/inline-files/3814%20RFQ%20Legal%20Ad%20DOC.pdf,3814%20RFQ%20Legal%20Ad%20DOC.pdf,128422,,,gs://specindex-ai-raw-documents/specs/MAINE/3814/advertisement_3814-20RFQ-20Legal-20Ad-20DOC.pdf,2026-08-07,downloaded,advertisement
Maine,Vertical,maine_vertical,3814,3814,,https://www.maine.gov/dafs/bgs/sites/maine.gov.dafs.bgs/files/inline-files/3814%20RFQ%20Infor.%20Sheet%20DOC.pdf,3814%20RFQ%20Infor.%20Sheet%20DOC.pdf,254593,,,gs://specindex-ai-raw-documents/specs/MAINE/3814/drawings_3814-20RFQ-20Infor.-20Sheet-20DOC.pdf,2026-08-07,downloaded,drawings
Maine,Vertical,maine_vertical,3929,3929,,https://www.maine.gov/dafs/bgs/sites/maine.gov.dafs.bgs/files/inline-files/3929%20RFQ%20Legal%20Ad%20DVEM.pdf,3929%20RFQ%20Legal%20Ad%20DVEM.pdf,186720,,,gs://specindex-ai-raw-documents/specs/MAINE/3929/advertisement_3929-20RFQ-20Legal-20Ad-20DVEM.pdf,2026-08-07,downloaded,advertisement
Maine,Vertical,maine_vertical,3929,3929,,https://www.maine.gov/dafs/bgs/sites/maine.gov.dafs.bgs/files/inline-files/3929%20RFQ%20Information%20Sheet%20DVEM.pdf,3929%20RFQ%20Information%20Sheet%20DVEM.pdf,265163,,,gs://specindex-ai-raw-documents/specs/MAINE/3929/drawings_3929-20RFQ-20Information-20Sheet-20DVEM.pdf,2026-08-07,downloaded,drawings
Maine,Vertical,maine_vertical,3928,3928,,https://www.maine.gov/dafs/bgs/sites/maine.gov.dafs.bgs/files/inline-files/3928%20RFQ%20Legal%20Ad%20DACF_0.pdf,3928%20RFQ%20Legal%20Ad%20DACF_0.pdf,127285,,,gs://specindex-ai-raw-documents/specs/MAINE/3928/advertisement_3928-20RFQ-20Legal-20Ad-20DACF_0.pdf,2026-08-07,downloaded,advertisement
Maine,Vertical,maine_vertical,3928,3928,,https://www.maine.gov/dafs/bgs/sites/maine.gov.dafs.bgs/files/inline-files/3928%20RFQ%20Information%20Sheet%20DACF_0.pdf,3928%20RFQ%20Information%20Sheet%20DACF_0.pdf,222444,,,gs://specindex-ai-raw-documents/specs/MAINE/3928/drawings_3928-20RFQ-20Information-20Sheet-20DACF_0.pdf,2026-08-07,downloaded,drawings
Maine,Vertical,maine_vertical,3904,3904,,https://www.maine.gov/dafs/bgs/sites/maine.gov.dafs.bgs/files/inline-files/3904%20RFQ%20Legal%20Ad%20DVEM.pdf,3904%20RFQ%20Legal%20Ad%20DVEM.pdf,135420,,,gs://specindex-ai-raw-documents/specs/MAINE/3904/advertisement_3904-20RFQ-20Legal-20Ad-20DVEM.pdf,2026-08-07,downloaded,advertisement
Maine,Vertical,maine_vertical,3904,3904,,https://www.maine.gov/dafs/bgs/sites/maine.gov.dafs.bgs/files/inline-files/3904%20RFQ%20Information%20Sheet%20DVEM.pdf,3904%20RFQ%20Information%20Sheet%20DVEM.pdf,255210,,,gs://specindex-ai-raw-documents/specs/MAINE/3904/drawings_3904-20RFQ-20Information-20Sheet-20DVEM.pdf,2026-08-07,downloaded,drawings
Maine,Vertical,maine_vertical,3919,3919,,https://www.maine.gov/dafs/bgs/sites/maine.gov.dafs.bgs/files/inline-files/3919%20RFQ%20Legal%20Ad%20DVEM.pdf,3919%20RFQ%20Legal%20Ad%20DVEM.pdf,125712,,,gs://specindex-ai-raw-documents/specs/MAINE/3919/advertisement_3919-20RFQ-20Legal-20Ad-20DVEM.pdf,2026-08-07,downloaded,advertisement
Maine,Vertical,maine_vertical,3919,3919,,https://www.maine.gov/dafs/bgs/sites/maine.gov.dafs.bgs/files/inline-files/3919%20RFQ%20Information%20Sheet%20DVEM.pdf,3919%20RFQ%20Information%20Sheet%20DVEM.pdf,256991,,,gs://specindex-ai-raw-documents/specs/MAINE/3919/drawings_3919-20RFQ-20Information-20Sheet-20DVEM.pdf,2026-08-07,downloaded,drawings
Maine,Vertical,maine_vertical,3907,3907,,https://www.maine.gov/dafs/bgs/sites/maine.gov.dafs.bgs/files/inline-files/3907%20RFQ%20Legal%20Ad%20DVEM.pdf,3907%20RFQ%20Legal%20Ad%20DVEM.pdf,146789,,,gs://specindex-ai-raw-documents/specs/MAINE/3907/advertisement_3907-20RFQ-20Legal-20Ad-20DVEM.pdf,2026-08-07,downloaded,advertisement
Maine,Vertical,maine_vertical,3907,3907,,https://www.maine.gov/dafs/bgs/sites/maine.gov.dafs.bgs/files/inline-files/3907%20RFQ%20Information%20Sheet%20DVEM_0.pdf,3907%20RFQ%20Information%20Sheet%20DVEM_0.pdf,257576,,,gs://specindex-ai-raw-documents/specs/MAINE/3907/drawings_3907-20RFQ-20Information-20Sheet-20DVEM_0.pdf,2026-08-07,downloaded,drawings
Maine,Vertical,maine_vertical,3906,3906,,https://www.maine.gov/dafs/bgs/sites/maine.gov.dafs.bgs/files/inline-files/3906%20RFQ%20Legal%20Ad%20DVEM.pdf,3906%20RFQ%20Legal%20Ad%20DVEM.pdf,186759,,,gs://specindex-ai-raw-documents/specs/MAINE/3906/advertisement_3906-20RFQ-20Legal-20Ad-20DVEM.pdf,2026-08-07,downloaded,advertisement
Maine,Vertical,maine_vertical,3906,3906,,https://www.maine.gov/dafs/bgs/sites/maine.gov.dafs.bgs/files/inline-files/3906%20RFQ%20Information%20Sheet%20DVEM.pdf,3906%20RFQ%20Information%20Sheet%20DVEM.pdf,251575,,,gs://specindex-ai-raw-documents/specs/MAINE/3906/drawings_3906-20RFQ-20Information-20Sheet-20DVEM.pdf,2026-08-07,downloaded,drawings
Maine,Vertical,maine_vertical,3869,3869,,https://www.maine.gov/dafs/bgs/sites/maine.gov.dafs.bgs/files/inline-files/3869%20Legal%20Ad%20SMCC.pdf,3869%20Legal%20Ad%20SMCC.pdf,109971,,,gs://specindex-ai-raw-documents/specs/MAINE/3869/advertisement_3869-20Legal-20Ad-20SMCC.pdf,2026-08-07,downloaded,advertisement
Maine,Vertical,maine_vertical,3869,3869,,https://www.maine.gov/dafs/bgs/sites/maine.gov.dafs.bgs/files/inline-files/3869%20RFQ%20Information%20Sheet%20SMCC.pdf,3869%20RFQ%20Information%20Sheet%20SMCC.pdf,210419,,,gs://specindex-ai-raw-documents/specs/MAINE/3869/drawings_3869-20RFQ-20Information-20Sheet-20SMCC.pdf,2026-08-07,downloaded,drawings
Maine,Vertical,maine_vertical,3833,3833,,https://www.maine.gov/dafs/bgs/sites/maine.gov.dafs.bgs/files/inline-files/3833%20Legal%20Ad%20DMR.pdf,3833%20Legal%20Ad%20DMR.pdf,75624,,,gs://specindex-ai-raw-documents/specs/MAINE/3833/advertisement_3833-20Legal-20Ad-20DMR.pdf,2026-08-07,downloaded,advertisement
Maine,Vertical,maine_vertical,3833,3833,,https://www.maine.gov/dafs/bgs/sites/maine.gov.dafs.bgs/files/inline-files/3833%20RFQ%20Information%20Sheet%20DMR.pdf,3833%20RFQ%20Information%20Sheet%20DMR.pdf,240355,,,gs://specindex-ai-raw-documents/specs/MAINE/3833/drawings_3833-20RFQ-20Information-20Sheet-20DMR.pdf,2026-08-07,downloaded,drawings
Maine,Vertical,maine_vertical,3873,3873,,https://www.maine.gov/dafs/bgs/sites/maine.gov.dafs.bgs/files/inline-files/3873%20RFQ%20Legal%20Ad.pdf,3873%20RFQ%20Legal%20Ad.pdf,150655,,,gs://specindex-ai-raw-documents/specs/MAINE/3873/advertisement_3873-20RFQ-20Legal-20Ad.pdf,2026-08-07,downloaded,advertisement
Maine,Vertical,maine_vertical,3873,3873,,https://www.maine.gov/dafs/bgs/sites/maine.gov.dafs.bgs/files/inline-files/3873%20RFQ%20Information%20Sheet.pdf,3873%20RFQ%20Information%20Sheet.pdf,245310,,,gs://specindex-ai-raw-documents/specs/MAINE/3873/drawings_3873-20RFQ-20Information-20Sheet.pdf,2026-08-07,downloaded,drawings
Maine,Vertical,maine_vertical,,YHS,,https://www.maine.gov/dafs/bgs/sites/maine.gov.dafs.bgs/files/inline-files/YHS%20Turf%20Field%20Replacement%202013%20Pg.%201-10.pdf,YHS%20Turf%20Field%20Replacement%202013%20Pg.%201-10.pdf,57797865,unreadable,,,2026-08-07,unreadable format,other
Maine,Vertical,maine_vertical,,YHS,,https://www.maine.gov/dafs/bgs/sites/maine.gov.dafs.bgs/files/inline-files/YHS%20Turf%20Field%20Replacement%202013%20Pg.%2010-18.pdf,YHS%20Turf%20Field%20Replacement%202013%20Pg.%2010-18.pdf,49036711,unreadable,,,2026-08-07,unreadable format,other
Maine,Vertical,maine_vertical,,YHS,,https://www.maine.gov/dafs/bgs/sites/maine.gov.dafs.bgs/files/inline-files/YHS%20Turf%20Field%20Replacement%202013%20Pg.%2019.pdf,YHS%20Turf%20Field%20Replacement%202013%20Pg.%2019.pdf,6723223,unreadable,,,2026-08-07,unreadable format,other
Maine,Vertical,maine_vertical,,YHS,,https://www.maine.gov/dafs/bgs/sites/maine.gov.dafs.bgs/files/inline-files/YHS%20Turf%20Field%20Plans%201999-2000%20Pgs.%201-9.pdf,YHS%20Turf%20Field%20Plans%201999-2000%20Pgs.%201-9.pdf,49797777,unreadable,,,2026-08-07,unreadable format,drawings
Maine,Vertical,maine_vertical,,YHS,,https://www.maine.gov/dafs/bgs/sites/maine.gov.dafs.bgs/files/inline-files/YHS%20Turf%20Field%20Plans%201999-2000%20Pgs.%2010-18.pdf,YHS%20Turf%20Field%20Plans%201999-2000%20Pgs.%2010-18.pdf,47939907,unreadable,,,2026-08-07,unreadable format,drawings
Maine,Vertical,maine_vertical,,YHS,,https://www.maine.gov/dafs/bgs/sites/maine.gov.dafs.bgs/files/inline-files/YHS%20Turf%20Field%20Plans%201999-2000%20Pgs.%2019-26.pdf,YHS%20Turf%20Field%20Plans%201999-2000%20Pgs.%2019-26.pdf,42869996,unreadable,,,2026-08-07,unreadable format,drawings
Maine,Vertical,maine_vertical,,YHS,,https://www.maine.gov/dafs/bgs/sites/maine.gov.dafs.bgs/files/inline-files/YHS%20Turf%20Field%20Plans%201992%20Pg.%201-3.pdf,YHS%20Turf%20Field%20Plans%201992%20Pg.%201-3.pdf,36931952,unreadable,,,2026-08-07,unreadable format,drawings
Maine,Vertical,maine_vertical,,YHS,,https://www.maine.gov/dafs/bgs/sites/maine.gov.dafs.bgs/files/inline-files/YHS%20Turf%20Field%20Plans%201992%20Pg.%204-5.pdf,YHS%20Turf%20Field%20Plans%201992%20Pg.%204-5.pdf,25855558,unreadable,,,2026-08-07,unreadable format,drawings
Maine,Vertical,maine_vertical,3853,3853,,https://www.maine.gov/dafs/bgs/sites/maine.gov.dafs.bgs/files/inline-files/3853%20Legal%20Ad%20DACF.pdf,3853%20Legal%20Ad%20DACF.pdf,28616,,,gs://specindex-ai-raw-documents/specs/MAINE/3853/advertisement_3853-20Legal-20Ad-20DACF.pdf,2026-08-07,downloaded,advertisement
Maine,Vertical,maine_vertical,3853,3853,,https://www.maine.gov/dafs/bgs/sites/maine.gov.dafs.bgs/files/inline-files/3853%20RFQ%20Information%20Sheet%20DACF.pdf,3853%20RFQ%20Information%20Sheet%20DACF.pdf,177314,,,gs://specindex-ai-raw-documents/specs/MAINE/3853/drawings_3853-20RFQ-20Information-20Sheet-20DACF.pdf,2026-08-07,downloaded,drawings
Maine,Vertical,maine_vertical,3681,3681,,https://www.maine.gov/dafs/bgs/sites/maine.gov.dafs.bgs/files/inline-files/3681%20RFQ%20Legal%20Ad.pdf,3681%20RFQ%20Legal%20Ad.pdf,10881,,,gs://specindex-ai-raw-documents/specs/MAINE/3681/advertisement_3681-20RFQ-20Legal-20Ad.pdf,2026-08-07,downloaded,advertisement
Maine,Vertical,maine_vertical,3681,3681,,https://www.maine.gov/dafs/bgs/sites/maine.gov.dafs.bgs/files/inline-files/3681%20RFQ%20Information.pdf,3681%20RFQ%20Information.pdf,124442,,,gs://specindex-ai-raw-documents/specs/MAINE/3681/other_3681-20RFQ-20Information.pdf,2026-08-07,downloaded,other
