state,type,portal,project_id,project_name,bid_due_date,document_url,file_name,file_size,spec_format,divisions,gcs_path,retrieved_date,status
Maine,Vertical,maine_vertical,3843,3843,,https://www.maine.gov/dafs/bgs/sites/maine.gov.dafs.bgs/files/inline-files/3843_Project_Manual_DAFS.pdf,3843_Project_Manual_DAFS.pdf,3991753,CSI,00;01;03;04;05;06;07;08;09;10;11;12;22;23;26,gs://specindex-ai-raw-documents/specs/MAINE/3843/specbook_3843_Project_Manual_DAFS.pdf,2026-08-07,downloaded
Maine,Vertical,maine_vertical,3843,3843,,https://www.maine.gov/dafs/bgs/sites/maine.gov.dafs.bgs/files/inline-files/3843_Addendum_1_DAFS.pdf,3843_Addendum_1_DAFS.pdf,2891837,,,,2026-08-07,downloaded
Maine,Vertical,maine_vertical,3843,3843,,https://www.maine.gov/dafs/bgs/sites/maine.gov.dafs.bgs/files/inline-files/3843_Addendum_2_DAFS.pdf,3843_Addendum_2_DAFS.pdf,3856490,CSI,00;01,gs://specindex-ai-raw-documents/specs/MAINE/3843/addendum_3843_Addendum_2_DAFS.pdf,2026-08-07,downloaded
Maine,Vertical,maine_vertical,3843,3843,,https://www.maine.gov/dafs/bgs/sites/maine.gov.dafs.bgs/files/inline-files/3843_Addendum_3_DAFS.pdf,3843_Addendum_3_DAFS.pdf,439960,CSI,00;01,gs://specindex-ai-raw-documents/specs/MAINE/3843/addendum_3843_Addendum_3_DAFS.pdf,2026-08-07,downloaded
Maine,Vertical,maine_vertical,3843,3843,,https://www.maine.gov/dafs/bgs/sites/maine.gov.dafs.bgs/files/inline-files/3843_Drawings_DAFS.pdf,3843_Drawings_DAFS.pdf,17158865,,,,2026-08-07,downloaded
Maine,Vertical,maine_vertical,3843,3843,,https://www.maine.gov/dafs/bgs/sites/maine.gov.dafs.bgs/files/inline-files/3843_Legal_Ad_DAFS.pdf,3843_Legal_Ad_DAFS.pdf,114911,,,,2026-08-07,downloaded
Maine,Vertical,maine_vertical,3843,3843,,https://www.maine.gov/dafs/bgs/sites/maine.gov.dafs.bgs/files/inline-files/3843_Notice_to_Contractors_DAFS_.pdf,3843_Notice_to_Contractors_DAFS_.pdf,208685,,,,2026-08-07,downloaded
Maine,Vertical,maine_vertical,3337,3337,,https://www.maine.gov/dafs/bgs/sites/maine.gov.dafs.bgs/files/inline-files/3337_Project_Manual_DACF.pdf,3337_Project_Manual_DACF.pdf,3858872,CSI,00;01;31;32;33,gs://specindex-ai-raw-documents/specs/MAINE/3337/specbook_3337_Project_Manual_DACF.pdf,2026-08-07,downloaded
Maine,Vertical,maine_vertical,3337,3337,,https://www.maine.gov/dafs/bgs/sites/maine.gov.dafs.bgs/files/inline-files/3337_Drawings_DACF.pdf,3337_Drawings_DACF.pdf,3766968,,,,2026-08-07,downloaded
Maine,Vertical,maine_vertical,3337,3337,,https://www.maine.gov/dafs/bgs/sites/maine.gov.dafs.bgs/files/inline-files/3337_Legal_Ad_DACF.pdf,3337_Legal_Ad_DACF.pdf,109794,,,,2026-08-07,downloaded
Maine,Vertical,maine_vertical,3337,3337,,https://www.maine.gov/dafs/bgs/sites/maine.gov.dafs.bgs/files/inline-files/3337_Notice_to_COntractors_DACF.pdf,3337_Notice_to_COntractors_DACF.pdf,229646,,,,2026-08-07,downloaded
Maine,Vertical,maine_vertical,3337,3337,,https://www.maine.gov/dafs/bgs/sites/maine.gov.dafs.bgs/files/inline-files/3337_Bid_Tabulation_DACF.pdf,3337_Bid_Tabulation_DACF.pdf,212118,,,,2026-08-07,downloaded
Maine,Vertical,maine_vertical,3548,3548,,https://www.maine.gov/dafs/bgs/sites/maine.gov.dafs.bgs/files/inline-files/3548_Project_Manual_DVEM.pdf,3548_Project_Manual_DVEM.pdf,3369370,CSI,00;01,gs://specindex-ai-raw-documents/specs/MAINE/3548/specbook_3548_Project_Manual_DVEM.pdf,2026-08-07,downloaded
Maine,Vertical,maine_vertical,3548,3548,,https://www.maine.gov/dafs/bgs/sites/maine.gov.dafs.bgs/files/inline-files/3548_Addendum_1_DVEM.pdf,3548_Addendum_1_DVEM.pdf,660553,,,,2026-08-07,downloaded
Maine,Vertical,maine_vertical,3548,3548,,https://www.maine.gov/dafs/bgs/sites/maine.gov.dafs.bgs/files/inline-files/3548_Drawings_DVEM.pdf,3548_Drawings_DVEM.pdf,7137215,,,,2026-08-07,downloaded
Maine,Vertical,maine_vertical,3548,3548,,https://www.maine.gov/dafs/bgs/sites/maine.gov.dafs.bgs/files/inline-files/3548_Legal_Ad_DVEM.pdf,3548_Legal_Ad_DVEM.pdf,124415,,,,2026-08-07,downloaded
Maine,Vertical,maine_vertical,3548,3548,,https://www.maine.gov/dafs/bgs/sites/maine.gov.dafs.bgs/files/inline-files/3548_Notice_to_Contractors_DVEM.pdf,3548_Notice_to_Contractors_DVEM.pdf,242244,,,,2026-08-07,downloaded
Maine,Vertical,maine_vertical,3548,3548,,https://www.maine.gov/dafs/bgs/sites/maine.gov.dafs.bgs/files/inline-files/3548_Bid_Tabulation_DVEM.pdf,3548_Bid_Tabulation_DVEM.pdf,127376,,,,2026-08-07,downloaded
Maine,Vertical,maine_vertical,3831,3831,,https://www.maine.gov/dafs/bgs/sites/maine.gov.dafs.bgs/files/inline-files/3831_Project_Manual.pdf,3831_Project_Manual.pdf,25680487,CSI,00;01;02;03;04;05;06;07;08;09;10;11;12;13;14;21;22;23;26;27;28;31;32;33,gs://specindex-ai-raw-documents/specs/MAINE/3831/specbook_3831_Project_Manual.pdf,2026-08-07,downloaded
Maine,Vertical,maine_vertical,3831,3831,,https://www.maine.gov/dafs/bgs/sites/maine.gov.dafs.bgs/files/inline-files/3831_Addendum_1_CMCC.pdf,3831_Addendum_1_CMCC.pdf,12332214,CSI,21;23;26;27,gs://specindex-ai-raw-documents/specs/MAINE/3831/addendum_3831_Addendum_1_CMCC.pdf,2026-08-07,downloaded
Maine,Vertical,maine_vertical,3831,3831,,https://www.maine.gov/dafs/bgs/sites/maine.gov.dafs.bgs/files/inline-files/3831_Drawings_MCCS.pdf,3831_Drawings_MCCS.pdf,37607976,,,,2026-08-07,downloaded
Maine,Vertical,maine_vertical,3831,3831,,https://www.maine.gov/dafs/bgs/sites/maine.gov.dafs.bgs/files/inline-files/3831_Legal_Ad_MCCS.pdf,3831_Legal_Ad_MCCS.pdf,73965,,,,2026-08-07,downloaded
Maine,Vertical,maine_vertical,3831,3831,,https://www.maine.gov/dafs/bgs/sites/maine.gov.dafs.bgs/files/inline-files/3831_Notice_to_Contractors_MCCS.pdf,3831_Notice_to_Contractors_MCCS.pdf,123331,,,,2026-08-07,downloaded
Maine,Vertical,maine_vertical,3831,3831,,https://www.maine.gov/dafs/bgs/sites/maine.gov.dafs.bgs/files/inline-files/3831_Pre_Bid_Sign_In-Sheet.pdf,3831_Pre_Bid_Sign_In-Sheet.pdf,750311,unreadable,,,2026-08-07,unreadable format
Maine,Vertical,maine_vertical,3831,3831,,https://www.maine.gov/dafs/bgs/sites/maine.gov.dafs.bgs/files/inline-files/3831_Bid_Tabulation_CMCC%202026_0.pdf,3831_Bid_Tabulation_CMCC%202026_0.pdf,168156,,,,2026-08-07,downloaded
Maine,Vertical,maine_vertical,3845,3845,,https://www.maine.gov/dafs/bgs/sites/maine.gov.dafs.bgs/files/inline-files/3845_Project_Manual_DIFW.pdf,3845_Project_Manual_DIFW.pdf,2632837,CSI,00;01;23,gs://specindex-ai-raw-documents/specs/MAINE/3845/specbook_3845_Project_Manual_DIFW.pdf,2026-08-07,downloaded
Maine,Vertical,maine_vertical,3845,3845,,https://www.maine.gov/dafs/bgs/sites/maine.gov.dafs.bgs/files/inline-files/3845_Addendum_1_DIFW_0.pdf,3845_Addendum_1_DIFW_0.pdf,579568,,,,2026-08-07,downloaded
Maine,Vertical,maine_vertical,3845,3845,,https://www.maine.gov/dafs/bgs/sites/maine.gov.dafs.bgs/files/inline-files/3845_Drawings_DIFW.pdf,3845_Drawings_DIFW.pdf,21562412,CSI,07,gs://specindex-ai-raw-documents/specs/MAINE/3845/drawings_3845_Drawings_DIFW.pdf,2026-08-07,downloaded
Maine,Vertical,maine_vertical,3845,3845,,https://www.maine.gov/dafs/bgs/sites/maine.gov.dafs.bgs/files/inline-files/3845_Legal_Ad_DIFW.pdf,3845_Legal_Ad_DIFW.pdf,100475,,,,2026-08-07,downloaded
Maine,Vertical,maine_vertical,3845,3845,,https://www.maine.gov/dafs/bgs/sites/maine.gov.dafs.bgs/files/inline-files/3845_Notice%20_to_Contractors_DIFW.pdf,3845_Notice%20_to_Contractors_DIFW.pdf,334731,,,,2026-08-07,downloaded
Maine,Vertical,maine_vertical,3845,3845,,https://www.maine.gov/dafs/bgs/sites/maine.gov.dafs.bgs/files/inline-files/3845_Bid_Tabulation_Form.pdf,3845_Bid_Tabulation_Form.pdf,162323,,,,2026-08-07,downloaded
Maine,Vertical,maine_vertical,3809,3809,,https://www.maine.gov/dafs/bgs/sites/maine.gov.dafs.bgs/files/inline-files/3809_Project%20Manual_MCCS.pdf,3809_Project%20Manual_MCCS.pdf,8882846,CSI,00;01;02;03;04;05;06;07;08;09;10;11;12;13;14;21;22;23;26;27;28;31;32,gs://specindex-ai-raw-documents/specs/MAINE/3809/specbook_3809_Project-20Manual_MCCS.pdf,2026-08-07,downloaded
Maine,Vertical,maine_vertical,3809,3809,,https://www.maine.gov/dafs/bgs/sites/maine.gov.dafs.bgs/files/inline-files/3809_Addendum_1_SMCC_%231_Responses.pdf,3809_Addendum_1_SMCC_%231_Responses.pdf,1396150,,,,2026-08-07,downloaded
Maine,Vertical,maine_vertical,3809,3809,,https://www.maine.gov/dafs/bgs/sites/maine.gov.dafs.bgs/files/inline-files/3809_Addendum_2_SMCC.pdf,3809_Addendum_2_SMCC.pdf,2671880,CSI,01;13;23;26,gs://specindex-ai-raw-documents/specs/MAINE/3809/addendum_3809_Addendum_2_SMCC.pdf,2026-08-07,downloaded
Maine,Vertical,maine_vertical,3809,3809,,https://www.maine.gov/dafs/bgs/sites/maine.gov.dafs.bgs/files/inline-files/3809_Addendum_3_SMCC.pdf,3809_Addendum_3_SMCC.pdf,453336,,,,2026-08-07,downloaded
Maine,Vertical,maine_vertical,3809,3809,,https://www.maine.gov/dafs/bgs/sites/maine.gov.dafs.bgs/files/inline-files/3809_Addendum_4_SMCC.pdf,3809_Addendum_4_SMCC.pdf,10358974,CSI,00;01;02;03;05;06;07;08;09;10;11;12;21;22;23;26;27;28;31;32;33,gs://specindex-ai-raw-documents/specs/MAINE/3809/addendum_3809_Addendum_4_SMCC.pdf,2026-08-07,downloaded
Maine,Vertical,maine_vertical,3809,3809,,https://www.maine.gov/dafs/bgs/sites/maine.gov.dafs.bgs/files/inline-files/3809_Addendum_5_SMCC.pdf,3809_Addendum_5_SMCC.pdf,859935,,,,2026-08-07,downloaded
Maine,Vertical,maine_vertical,3809,3809,,https://www.maine.gov/dafs/bgs/sites/maine.gov.dafs.bgs/files/inline-files/3809_Addendum_6_SMCC.pdf,3809_Addendum_6_SMCC.pdf,441484,,,,2026-08-07,downloaded
Maine,Vertical,maine_vertical,3809,3809,,https://www.maine.gov/dafs/bgs/sites/maine.gov.dafs.bgs/files/inline-files/3809_Drawings_MCCS.pdf,3809_Drawings_MCCS.pdf,17653350,CSI,03;04;08;21;23;26;27,gs://specindex-ai-raw-documents/specs/MAINE/3809/drawings_3809_Drawings_MCCS.pdf,2026-08-07,downloaded
Maine,Vertical,maine_vertical,3809,3809,,https://www.maine.gov/dafs/bgs/sites/maine.gov.dafs.bgs/files/inline-files/3809_Legal_Ad_MCCS.pdf,3809_Legal_Ad_MCCS.pdf,128756,,,,2026-08-07,downloaded
Maine,Vertical,maine_vertical,3809,3809,,https://www.maine.gov/dafs/bgs/sites/maine.gov.dafs.bgs/files/inline-files/3809_Notice_to_Contractors_MCCS.pdf,3809_Notice_to_Contractors_MCCS.pdf,134317,,,,2026-08-07,downloaded
Maine,Vertical,maine_vertical,3809,3809,,https://www.maine.gov/dafs/bgs/sites/maine.gov.dafs.bgs/files/inline-files/3809_Pre_Bid_Sign_in_sheet.pdf,3809_Pre_Bid_Sign_in_sheet.pdf,187671,,,,2026-08-07,downloaded
Maine,Vertical,maine_vertical,3809,3809,,https://www.maine.gov/dafs/bgs/sites/maine.gov.dafs.bgs/files/inline-files/3809_Bid_Tabulation_SMCC.pdf,3809_Bid_Tabulation_SMCC.pdf,150783,,,,2026-08-07,downloaded
Maine,Vertical,maine_vertical,3786,3786,,https://www.maine.gov/dafs/bgs/sites/maine.gov.dafs.bgs/files/inline-files/3786%20Project%20Manual%20KVCC.pdf,3786%20Project%20Manual%20KVCC.pdf,7124341,CSI,00;01;02;03;04;05;06;07;08;09;10;11;12;13;21;22;23;26,gs://specindex-ai-raw-documents/specs/MAINE/3786/specbook_3786-20Project-20Manual-20KVCC.pdf,2026-08-07,downloaded
Maine,Vertical,maine_vertical,3786,3786,,https://www.maine.gov/dafs/bgs/sites/maine.gov.dafs.bgs/files/inline-files/3786%20Addendum%201%20KVCC_0.pdf,3786%20Addendum%201%20KVCC_0.pdf,3134760,CSI,01,gs://specindex-ai-raw-documents/specs/MAINE/3786/addendum_3786-20Addendum-201-20KVCC_0.pdf,2026-08-07,downloaded
Maine,Vertical,maine_vertical,3786,3786,,https://www.maine.gov/dafs/bgs/sites/maine.gov.dafs.bgs/files/inline-files/3786%20Drawings%20KVCC.pdf,3786%20Drawings%20KVCC.pdf,5624560,DOT SS/SP,,gs://specindex-ai-raw-documents/specs/MAINE/3786/drawings_3786-20Drawings-20KVCC.pdf,2026-08-07,downloaded
Maine,Vertical,maine_vertical,3786,3786,,https://www.maine.gov/dafs/bgs/sites/maine.gov.dafs.bgs/files/inline-files/3786%20Legal%20Ad%20MCCS%20KVCC.pdf,3786%20Legal%20Ad%20MCCS%20KVCC.pdf,102390,,,,2026-08-07,downloaded
Maine,Vertical,maine_vertical,3786,3786,,https://www.maine.gov/dafs/bgs/sites/maine.gov.dafs.bgs/files/inline-files/3786%20Notification%20to%20Contractors%20MCCS%20KVCC.pdf,3786%20Notification%20to%20Contractors%20MCCS%20KVCC.pdf,272095,,,,2026-08-07,downloaded
Maine,Vertical,maine_vertical,3786,3786,,https://www.maine.gov/dafs/bgs/sites/maine.gov.dafs.bgs/files/inline-files/3786_Bid_Tabulation_KVCC.pdf,3786_Bid_Tabulation_KVCC.pdf,156765,,,,2026-08-07,downloaded
Maine,Vertical,maine_vertical,3560,3560,,https://www.maine.gov/dafs/bgs/sites/maine.gov.dafs.bgs/files/inline-files/3560%20Project%20Manual.pdf,3560%20Project%20Manual.pdf,20833052,CSI,00;01;02;03;04;05;06;07;08;09;10;11;12;13;14;21;22;23;24;26;31;32;33,gs://specindex-ai-raw-documents/specs/MAINE/3560/specbook_3560-20Project-20Manual.pdf,2026-08-07,downloaded
Maine,Vertical,maine_vertical,3560,3560,,https://www.maine.gov/dafs/bgs/sites/maine.gov.dafs.bgs/files/inline-files/3560%20Addendum%201%20DAFS%20Rev..pdf,3560%20Addendum%201%20DAFS%20Rev..pdf,2951027,,,,2026-08-07,downloaded
Maine,Vertical,maine_vertical,3560,3560,,https://www.maine.gov/dafs/bgs/sites/maine.gov.dafs.bgs/files/inline-files/3560%20Drawings%20DAFS.pdf,3560%20Drawings%20DAFS.pdf,30240149,,,,2026-08-07,downloaded
Maine,Vertical,maine_vertical,3560,3560,,https://www.maine.gov/dafs/bgs/sites/maine.gov.dafs.bgs/files/inline-files/3560%20Legal%20Ad%20DAFS.pdf,3560%20Legal%20Ad%20DAFS.pdf,120776,,,,2026-08-07,downloaded
Maine,Vertical,maine_vertical,3560,3560,,https://www.maine.gov/dafs/bgs/sites/maine.gov.dafs.bgs/files/inline-files/3560%20Notice%20to%20Contractors%20DAFS.pdf,3560%20Notice%20to%20Contractors%20DAFS.pdf,276434,,,,2026-08-07,downloaded
Maine,Vertical,maine_vertical,3560,3560,,https://www.maine.gov/dafs/bgs/sites/maine.gov.dafs.bgs/files/inline-files/3560%20Bids%20Results%20DAFS_0.pdf,3560%20Bids%20Results%20DAFS_0.pdf,271922,,,,2026-08-07,downloaded
Maine,Vertical,maine_vertical,3779,3779,,https://www.maine.gov/dafs/bgs/sites/maine.gov.dafs.bgs/files/inline-files/3779%20Project%20Manual%20DACF_0.pdf,3779%20Project%20Manual%20DACF_0.pdf,5874145,CSI,00;01;02;03;04;05;06;07;08;09;21;31;32;33,gs://specindex-ai-raw-documents/specs/MAINE/3779/specbook_3779-20Project-20Manual-20DACF_0.pdf,2026-08-07,downloaded
Maine,Vertical,maine_vertical,3779,3779,,https://www.maine.gov/dafs/bgs/sites/maine.gov.dafs.bgs/files/inline-files/3779%20Addendum%201%20DACF.pdf,3779%20Addendum%201%20DACF.pdf,1312066,CSI,01,gs://specindex-ai-raw-documents/specs/MAINE/3779/addendum_3779-20Addendum-201-20DACF.pdf,2026-08-07,downloaded
Maine,Vertical,maine_vertical,3779,3779,,https://www.maine.gov/dafs/bgs/sites/maine.gov.dafs.bgs/files/inline-files/3779%20Addendum%201%20Assessment%20DACF.pdf,3779%20Addendum%201%20Assessment%20DACF.pdf,21032539,,,,2026-08-07,downloaded
Maine,Vertical,maine_vertical,3779,3779,,https://www.maine.gov/dafs/bgs/sites/maine.gov.dafs.bgs/files/inline-files/3779%20Addendum%202%20DACF.pdf,3779%20Addendum%202%20DACF.pdf,241186,,,,2026-08-07,downloaded
Maine,Vertical,maine_vertical,3779,3779,,https://www.maine.gov/dafs/bgs/sites/maine.gov.dafs.bgs/files/inline-files/3779%20Addendum%203%20DACF.pdf,3779%20Addendum%203%20DACF.pdf,567531,,,,2026-08-07,downloaded
Maine,Vertical,maine_vertical,3779,3779,,https://www.maine.gov/dafs/bgs/sites/maine.gov.dafs.bgs/files/inline-files/3779%20Addendum%203%20%20TFC%20DACF.pdf,3779%20Addendum%203%20%20TFC%20DACF.pdf,465043,CSI,,gs://specindex-ai-raw-documents/specs/MAINE/3779/addendum_3779-20Addendum-203-20-20TFC-20DACF.pdf,2026-08-07,downloaded
Maine,Vertical,maine_vertical,3779,3779,,https://www.maine.gov/dafs/bgs/sites/maine.gov.dafs.bgs/files/inline-files/3779%20Drawings%20DACF.pdf,3779%20Drawings%20DACF.pdf,9514166,,,,2026-08-07,downloaded
Maine,Vertical,maine_vertical,3779,3779,,https://www.maine.gov/dafs/bgs/sites/maine.gov.dafs.bgs/files/inline-files/3779%20Legal%20Ad%20DACF.pdf,3779%20Legal%20Ad%20DACF.pdf,86339,,,,2026-08-07,downloaded
Maine,Vertical,maine_vertical,3779,3779,,https://www.maine.gov/dafs/bgs/sites/maine.gov.dafs.bgs/files/inline-files/3779%20Notice%20to%20Contractors%20DACF.pdf,3779%20Notice%20to%20Contractors%20DACF.pdf,259352,,,,2026-08-07,downloaded
Maine,Vertical,maine_vertical,3779,3779,,https://www.maine.gov/dafs/bgs/sites/maine.gov.dafs.bgs/files/inline-files/3779%20Bid%20Tabulation.pdf,3779%20Bid%20Tabulation.pdf,153103,,,,2026-08-07,downloaded
Maine,Vertical,maine_vertical,3674,3674,,https://www.maine.gov/dafs/bgs/sites/maine.gov.dafs.bgs/files/inline-files/3674%20Project%20Manual%20SMCC%20MCCS.pdf,3674%20Project%20Manual%20SMCC%20MCCS.pdf,3349414,CSI,00;01;02;03;04;05;06;07;08;09;10;11;12;21;22;23;24;26;27;28;29;31;32;33,gs://specindex-ai-raw-documents/specs/MAINE/3674/specbook_3674-20Project-20Manual-20SMCC-20MCCS.pdf,2026-08-07,downloaded
Maine,Vertical,maine_vertical,3674,3674,,https://www.maine.gov/dafs/bgs/sites/maine.gov.dafs.bgs/files/inline-files/3674%20Addendum%201%202025-08.pdf,3674%20Addendum%201%202025-08.pdf,10386510,,,,2026-08-07,downloaded
Maine,Vertical,maine_vertical,3674,3674,,https://www.maine.gov/dafs/bgs/sites/maine.gov.dafs.bgs/files/inline-files/3674%20Legal%20Ad%20SMCC%20MCCS.pdf,3674%20Legal%20Ad%20SMCC%20MCCS.pdf,34276,,,,2026-08-07,downloaded
Maine,Vertical,maine_vertical,3674,3674,,https://www.maine.gov/dafs/bgs/sites/maine.gov.dafs.bgs/files/inline-files/3674%20Notice%20to%20Contractors%20SMCC%20MCCS.pdf,3674%20Notice%20to%20Contractors%20SMCC%20MCCS.pdf,33207,,,,2026-08-07,downloaded
Maine,Vertical,maine_vertical,3674,3674,,https://www.maine.gov/dafs/bgs/sites/maine.gov.dafs.bgs/files/inline-files/3674%20Drawing%20SMCC%20MCCS.pdf,3674%20Drawing%20SMCC%20MCCS.pdf,12527400,,,,2026-08-07,downloaded
Maine,Vertical,maine_vertical,3674,3674,,https://www.maine.gov/dafs/bgs/sites/maine.gov.dafs.bgs/files/inline-files/3674%20Bid%20Tabulation%20Form.pdf,3674%20Bid%20Tabulation%20Form.pdf,151626,,,,2026-08-07,downloaded
Maine,Vertical,maine_vertical,3852,3852,,https://www.maine.gov/dafs/bgs/sites/maine.gov.dafs.bgs/files/inline-files/3852%20Project%20Manual%20DACF.pdf,3852%20Project%20Manual%20DACF.pdf,1353622,CSI,00;01;02;03;07;08,gs://specindex-ai-raw-documents/specs/MAINE/3852/specbook_3852-20Project-20Manual-20DACF.pdf,2026-08-07,downloaded
Maine,Vertical,maine_vertical,3852,3852,,https://www.maine.gov/dafs/bgs/sites/maine.gov.dafs.bgs/files/inline-files/3852%20Addendum%201%20DACF.pdf,3852%20Addendum%201%20DACF.pdf,13894144,,,,2026-08-07,downloaded
Maine,Vertical,maine_vertical,3852,3852,,https://www.maine.gov/dafs/bgs/sites/maine.gov.dafs.bgs/files/inline-files/3852%20Drawings%20DACF.pdf,3852%20Drawings%20DACF.pdf,2787839,,,,2026-08-07,downloaded
Maine,Vertical,maine_vertical,3852,3852,,https://www.maine.gov/dafs/bgs/sites/maine.gov.dafs.bgs/files/inline-files/3852%20Legal%20Ad%20MFS.pdf,3852%20Legal%20Ad%20MFS.pdf,81298,,,,2026-08-07,downloaded
Maine,Vertical,maine_vertical,3852,3852,,https://www.maine.gov/dafs/bgs/sites/maine.gov.dafs.bgs/files/inline-files/3852%20Notice%20to%20Contractors%20MFS.pdf,3852%20Notice%20to%20Contractors%20MFS.pdf,267289,,,,2026-08-07,downloaded
Maine,Vertical,maine_vertical,3852,3852,,https://www.maine.gov/dafs/bgs/sites/maine.gov.dafs.bgs/files/inline-files/3852%20Bid%20Results.pdf,3852%20Bid%20Results.pdf,208218,,,,2026-08-07,downloaded
Maine,Vertical,maine_vertical,3403,3403,,https://www.maine.gov/dafs/bgs/sites/maine.gov.dafs.bgs/files/inline-files/3403%20Project%20Manual%20DOE%20rebid.pdf,3403%20Project%20Manual%20DOE%20rebid.pdf,7964066,CSI,01,gs://specindex-ai-raw-documents/specs/MAINE/3403/specbook_3403-20Project-20Manual-20DOE-20rebid.pdf,2026-08-07,downloaded
Maine,Vertical,maine_vertical,3403,3403,,https://www.maine.gov/dafs/bgs/sites/maine.gov.dafs.bgs/files/inline-files/3403%20Addendum%201%20DOE%20rebid.pdf,3403%20Addendum%201%20DOE%20rebid.pdf,1634492,,,,2026-08-07,downloaded
Maine,Vertical,maine_vertical,3403,3403,,https://www.maine.gov/dafs/bgs/sites/maine.gov.dafs.bgs/files/inline-files/3403%20Addendum%202%20Rebid%20Connor%202025-06-26%2010377.028_2.pdf,3403%20Addendum%202%20Rebid%20Connor%202025-06-26%2010377.028_2.pdf,525204,,,,2026-08-07,downloaded
Maine,Vertical,maine_vertical,3403,3403,,https://www.maine.gov/dafs/bgs/sites/maine.gov.dafs.bgs/files/inline-files/3403%20Drawings%20DOE%20Rebid.pdf,3403%20Drawings%20DOE%20Rebid.pdf,9019560,CSI,07,gs://specindex-ai-raw-documents/specs/MAINE/3403/drawings_3403-20Drawings-20DOE-20Rebid.pdf,2026-08-07,downloaded
Maine,Vertical,maine_vertical,3403,3403,,https://www.maine.gov/dafs/bgs/sites/maine.gov.dafs.bgs/files/inline-files/3403%20Legal%20Ad%20DOE%20rebid.pdf,3403%20Legal%20Ad%20DOE%20rebid.pdf,531214,,,,2026-08-07,downloaded
Maine,Vertical,maine_vertical,3403,3403,,https://www.maine.gov/dafs/bgs/sites/maine.gov.dafs.bgs/files/inline-files/3403%20Notice%20to%20Contractors%20DOE%20rebid.pdf,3403%20Notice%20to%20Contractors%20DOE%20rebid.pdf,274471,,,,2026-08-07,downloaded
Maine,Vertical,maine_vertical,3403,3403,,https://www.maine.gov/dafs/bgs/sites/maine.gov.dafs.bgs/files/inline-files/3403%20Bid%20Tabulation%20Form.pdf,3403%20Bid%20Tabulation%20Form.pdf,171367,,,,2026-08-07,downloaded
Maine,Vertical,maine_vertical,,Project,,https://www.maine.gov/dafs/bgs/sites/maine.gov.dafs.bgs/files/inline-files/Project%20Manual%20Boothbay%20Sprinkler.pdf,Project%20Manual%20Boothbay%20Sprinkler.pdf,24933828,CSI,00;01;02;21;22,gs://specindex-ai-raw-documents/specs/MAINE/unknown/specbook_Project-20Manual-20Boothbay-20Sprinkler.pdf,2026-08-07,downloaded
Maine,Vertical,maine_vertical,,Project,,https://www.maine.gov/dafs/bgs/sites/maine.gov.dafs.bgs/files/inline-files/Project%20Manual%20YHS%20Science%20Classroom.pdf,Project%20Manual%20YHS%20Science%20Classroom.pdf,5409684,CSI,00;01;02;03;06;07;08;09;10;11;12;21;22;23;24;26;27;28;31,gs://specindex-ai-raw-documents/specs/MAINE/unknown/specbook_Project-20Manual-20YHS-20Science-20Classroom.pdf,2026-08-07,downloaded
Maine,Vertical,maine_vertical,3600,3600,,https://www.maine.gov/dafs/bgs/sites/maine.gov.dafs.bgs/files/inline-files/3600%20Project%20Manual%20IFW.pdf,3600%20Project%20Manual%20IFW.pdf,5295472,CSI,00;01,gs://specindex-ai-raw-documents/specs/MAINE/3600/specbook_3600-20Project-20Manual-20IFW.pdf,2026-08-07,downloaded
Maine,Vertical,maine_vertical,3600,3600,,https://www.maine.gov/dafs/bgs/sites/maine.gov.dafs.bgs/files/inline-files/3600%20Addendum%201.pdf,3600%20Addendum%201.pdf,103424,,,,2026-08-07,downloaded
Maine,Vertical,maine_vertical,3600,3600,,https://www.maine.gov/dafs/bgs/sites/maine.gov.dafs.bgs/files/inline-files/3600%20Drawings%20IFW.pdf,3600%20Drawings%20IFW.pdf,1143142,,,,2026-08-07,downloaded
Maine,Vertical,maine_vertical,3600,3600,,https://www.maine.gov/dafs/bgs/sites/maine.gov.dafs.bgs/files/inline-files/3600%20Notice%20to%20Contractors%20IFW.pdf,3600%20Notice%20to%20Contractors%20IFW.pdf,267878,,,,2026-08-07,downloaded
Maine,Vertical,maine_vertical,3600,3600,,https://www.maine.gov/dafs/bgs/sites/maine.gov.dafs.bgs/files/inline-files/3600%20Bid%20Tabulation%20Form%20.pdf,3600%20Bid%20Tabulation%20Form%20.pdf,33879,,,,2026-08-07,downloaded
Maine,Vertical,maine_vertical,3766,3766,,https://www.maine.gov/dafs/bgs/sites/maine.gov.dafs.bgs/files/inline-files/3766%20Drawings%20and%20Project%20Manual.pdf,3766%20Drawings%20and%20Project%20Manual.pdf,28452806,CSI,00;01;26;27;31;32,gs://specindex-ai-raw-documents/specs/MAINE/3766/drawings_3766-20Drawings-20and-20Project-20Manual.pdf,2026-08-07,downloaded
Maine,Vertical,maine_vertical,3766,3766,,https://www.maine.gov/dafs/bgs/sites/maine.gov.dafs.bgs/files/inline-files/3766%20Addendum%201%20IFW.pdf,3766%20Addendum%201%20IFW.pdf,191793,,,,2026-08-07,downloaded
Maine,Vertical,maine_vertical,3766,3766,,https://www.maine.gov/dafs/bgs/sites/maine.gov.dafs.bgs/files/inline-files/3766%20Notice%20to%20Contractors%20IFW%20Greenville%20Generator.pdf,3766%20Notice%20to%20Contractors%20IFW%20Greenville%20Generator.pdf,312422,,,,2026-08-07,downloaded
Maine,Vertical,maine_vertical,3466,3466,,https://www.maine.gov/dafs/bgs/sites/maine.gov.dafs.bgs/files/inline-files/3466%20Project%20Manual%20ACF%20Mt%20Battie.pdf,3466%20Project%20Manual%20ACF%20Mt%20Battie.pdf,3962898,CSI,00;01,gs://specindex-ai-raw-documents/specs/MAINE/3466/specbook_3466-20Project-20Manual-20ACF-20Mt-20Battie.pdf,2026-08-07,downloaded
Maine,Vertical,maine_vertical,3466,3466,,https://www.maine.gov/dafs/bgs/sites/maine.gov.dafs.bgs/files/inline-files/3466%20Addendum%20%231%20ACF%20Mt%20Battie.pdf,3466%20Addendum%20%231%20ACF%20Mt%20Battie.pdf,65495,,,,2026-08-07,downloaded
Maine,Vertical,maine_vertical,3466,3466,,https://www.maine.gov/dafs/bgs/sites/maine.gov.dafs.bgs/files/inline-files/3466%20Addendum%20%231%20Drawings%20ACF%20Mt%20Battie.pdf,3466%20Addendum%20%231%20Drawings%20ACF%20Mt%20Battie.pdf,5582978,,,,2026-08-07,downloaded
Maine,Vertical,maine_vertical,3466,3466,,https://www.maine.gov/dafs/bgs/sites/maine.gov.dafs.bgs/files/inline-files/3466%20IFB%20Drawings%20ACF%20Mt%20Battie.pdf,3466%20IFB%20Drawings%20ACF%20Mt%20Battie.pdf,2975421,,,,2026-08-07,downloaded
Maine,Vertical,maine_vertical,3466,3466,,https://www.maine.gov/dafs/bgs/sites/maine.gov.dafs.bgs/files/inline-files/3466%20Legal%20Ad%20ACF%20Mt%20Battie.pdf,3466%20Legal%20Ad%20ACF%20Mt%20Battie.pdf,15932,,,,2026-08-07,downloaded
Maine,Vertical,maine_vertical,3466,3466,,https://www.maine.gov/dafs/bgs/sites/maine.gov.dafs.bgs/files/inline-files/3466%20Bid%20Tab%20ACF%20Mt%20Battie.pdf,3466%20Bid%20Tab%20ACF%20Mt%20Battie.pdf,38719,,,,2026-08-07,downloaded
Maine,Vertical,maine_vertical,3799,3799,,https://www.maine.gov/dafs/bgs/sites/maine.gov.dafs.bgs/files/inline-files/3799_Specifications_MJB.pdf,3799_Specifications_MJB.pdf,13946302,CSI,00;01;03;04;05;06;07;08;09;10;12;14;21;22;23;26;31;32;33,gs://specindex-ai-raw-documents/specs/MAINE/3799/specbook_3799_Specifications_MJB.pdf,2026-08-07,downloaded
Maine,Vertical,maine_vertical,3799,3799,,https://www.maine.gov/dafs/bgs/sites/maine.gov.dafs.bgs/files/inline-files/3799_Addendum_1_MJB.pdf,3799_Addendum_1_MJB.pdf,447164,CSI,23;26,gs://specindex-ai-raw-documents/specs/MAINE/3799/addendum_3799_Addendum_1_MJB.pdf,2026-08-07,downloaded
Maine,Vertical,maine_vertical,3799,3799,,https://www.maine.gov/dafs/bgs/sites/maine.gov.dafs.bgs/files/inline-files/3799_Addendum_2_MJB.pdf,3799_Addendum_2_MJB.pdf,105052,,,,2026-08-07,downloaded
Maine,Vertical,maine_vertical,3799,3799,,https://www.maine.gov/dafs/bgs/sites/maine.gov.dafs.bgs/files/inline-files/3799_Addendum_3.pdf,3799_Addendum_3.pdf,2084270,CSI,23;26;32,gs://specindex-ai-raw-documents/specs/MAINE/3799/addendum_3799_Addendum_3.pdf,2026-08-07,downloaded
Maine,Vertical,maine_vertical,3799,3799,,https://www.maine.gov/dafs/bgs/sites/maine.gov.dafs.bgs/files/inline-files/3799_Drawings_MJB.pdf,3799_Drawings_MJB.pdf,33592289,,,,2026-08-07,downloaded
Maine,Vertical,maine_vertical,3799,3799,,https://www.maine.gov/dafs/bgs/sites/maine.gov.dafs.bgs/files/inline-files/3799%20Legal%20AD.pdf,3799%20Legal%20AD.pdf,61258,,,,2026-08-07,downloaded
Maine,Vertical,maine_vertical,3799,3799,,https://www.maine.gov/dafs/bgs/sites/maine.gov.dafs.bgs/files/inline-files/3799%20Notice%20to%20General%20Contractor%20DAFS%20HJCC.pdf,3799%20Notice%20to%20General%20Contractor%20DAFS%20HJCC.pdf,131977,,,,2026-08-07,downloaded
Maine,Vertical,maine_vertical,3799,3799,,https://www.maine.gov/dafs/bgs/sites/maine.gov.dafs.bgs/files/inline-files/3799_Notice_to_Contractors_MJB.pdf,3799_Notice_to_Contractors_MJB.pdf,238474,CSI,26,gs://specindex-ai-raw-documents/specs/MAINE/3799/specbook_3799_Notice_to_Contractors_MJB.pdf,2026-08-07,downloaded
Maine,Vertical,maine_vertical,3799,3799,,https://www.maine.gov/dafs/bgs/sites/maine.gov.dafs.bgs/files/inline-files/3799_Bid_Tabulation_.pdf,3799_Bid_Tabulation_.pdf,130873,,,,2026-08-07,downloaded
Maine,Vertical,maine_vertical,3799,3799,,https://www.maine.gov/dafs/bgs/sites/maine.gov.dafs.bgs/files/inline-files/3799%20Legal%20Ad%20Ellsworth%20Court%20House%202026.pdf,3799%20Legal%20Ad%20Ellsworth%20Court%20House%202026.pdf,126439,,,,2026-08-07,downloaded
Maine,Vertical,maine_vertical,3799,3799,,https://www.maine.gov/dafs/bgs/sites/maine.gov.dafs.bgs/files/inline-files/3799%20RFQ%20Information%20Sheet%20Ellsworth%20Court%20House%202026.pdf,3799%20RFQ%20Information%20Sheet%20Ellsworth%20Court%20House%202026.pdf,240992,,,,2026-08-07,downloaded
Maine,Vertical,maine_vertical,3971,3971,,https://www.maine.gov/dafs/bgs/sites/maine.gov.dafs.bgs/files/inline-files/3971_Specifications_and_Drawings_DVEM.pdf,3971_Specifications_and_Drawings_DVEM.pdf,31616838,unreadable,,,2026-08-07,unreadable format
Maine,Vertical,maine_vertical,3971,3971,,https://www.maine.gov/dafs/bgs/sites/maine.gov.dafs.bgs/files/inline-files/3971_Manual_DVEM.pdf,3971_Manual_DVEM.pdf,36656986,unreadable,,,2026-08-07,unreadable format
Maine,Vertical,maine_vertical,3971,3971,,https://www.maine.gov/dafs/bgs/sites/maine.gov.dafs.bgs/files/inline-files/3971_Legal_Ad_DVEM.pdf,3971_Legal_Ad_DVEM.pdf,130280,,,,2026-08-07,downloaded
Maine,Vertical,maine_vertical,3971,3971,,https://www.maine.gov/dafs/bgs/sites/maine.gov.dafs.bgs/files/inline-files/3971_Notice_to_Contractors_DVEM_0.pdf,3971_Notice_to_Contractors_DVEM_0.pdf,218469,,,,2026-08-07,downloaded
Maine,Vertical,maine_vertical,,Specifications,,https://www.maine.gov/dafs/bgs/sites/maine.gov.dafs.bgs/files/inline-files/Specifications_Yarmouth_Rowe.pdf,Specifications_Yarmouth_Rowe.pdf,1529156,,,,2026-08-07,downloaded
Maine,Vertical,maine_vertical,,Specifications,,https://www.maine.gov/dafs/bgs/sites/maine.gov.dafs.bgs/files/inline-files/Specifications_MSAD75_Bowdoin.pdf,Specifications_MSAD75_Bowdoin.pdf,2370477,CSI,00;01;02;03;33,gs://specindex-ai-raw-documents/specs/MAINE/unknown/specbook_Specifications_MSAD75_Bowdoin.pdf,2026-08-07,downloaded
Maine,Vertical,maine_vertical,,Specifications,,https://www.maine.gov/dafs/bgs/sites/maine.gov.dafs.bgs/files/inline-files/Specifications%20Yarmouth%20Pump%20Station.pdf,Specifications%20Yarmouth%20Pump%20Station.pdf,3586572,CSI,01;26;31;32;33,gs://specindex-ai-raw-documents/specs/MAINE/unknown/specbook_Specifications-20Yarmouth-20Pump-20Station.pdf,2026-08-07,downloaded
Maine,Vertical,maine_vertical,3820,3820,,https://www.maine.gov/dafs/bgs/sites/maine.gov.dafs.bgs/files/inline-files/3820_Specifications_DOC_MSP.pdf,3820_Specifications_DOC_MSP.pdf,2012178,CSI,00;01;02;03;05;06;07;08;09;10;22;23;26;27;31;32,gs://specindex-ai-raw-documents/specs/MAINE/3820/specbook_3820_Specifications_DOC_MSP.pdf,2026-08-07,downloaded
Maine,Vertical,maine_vertical,3820,3820,,https://www.maine.gov/dafs/bgs/sites/maine.gov.dafs.bgs/files/inline-files/3820_Addendum_1_DOC.pdf,3820_Addendum_1_DOC.pdf,196307,,,,2026-08-07,downloaded
Maine,Vertical,maine_vertical,3820,3820,,https://www.maine.gov/dafs/bgs/sites/maine.gov.dafs.bgs/files/inline-files/3820_Drawings_DOC-MSP.pdf,3820_Drawings_DOC-MSP.pdf,13347970,CSI,07;23,gs://specindex-ai-raw-documents/specs/MAINE/3820/drawings_3820_Drawings_DOC-MSP.pdf,2026-08-07,downloaded
Maine,Vertical,maine_vertical,3820,3820,,https://www.maine.gov/dafs/bgs/sites/maine.gov.dafs.bgs/files/inline-files/3820_Legal_Ad_DOC_MSP_0.pdf,3820_Legal_Ad_DOC_MSP_0.pdf,103845,,,,2026-08-07,downloaded
Maine,Vertical,maine_vertical,3820,3820,,https://www.maine.gov/dafs/bgs/sites/maine.gov.dafs.bgs/files/inline-files/3820_Notice_to_Contractors_DOC_MSP.pdf,3820_Notice_to_Contractors_DOC_MSP.pdf,286528,,,,2026-08-07,downloaded
Maine,Vertical,maine_vertical,3820,3820,,https://www.maine.gov/dafs/bgs/sites/maine.gov.dafs.bgs/files/inline-files/3820_Bid_Tabulation_DOC.pdf,3820_Bid_Tabulation_DOC.pdf,154430,,,,2026-08-07,downloaded
Maine,Vertical,maine_vertical,3897,3897,,https://www.maine.gov/dafs/bgs/sites/maine.gov.dafs.bgs/files/inline-files/3897_Specifications_DHHS_Bld%20B.pdf,3897_Specifications_DHHS_Bld%20B.pdf,937335,CSI,01;03;06;07;08;09;33,gs://specindex-ai-raw-documents/specs/MAINE/3897/specbook_3897_Specifications_DHHS_Bld-20B.pdf,2026-08-07,downloaded
Maine,Vertical,maine_vertical,3897,3897,,https://www.maine.gov/dafs/bgs/sites/maine.gov.dafs.bgs/files/inline-files/3897_Addendum_1_DHHS_1.pdf,3897_Addendum_1_DHHS_1.pdf,21769933,,,,2026-08-07,downloaded
Maine,Vertical,maine_vertical,3897,3897,,https://www.maine.gov/dafs/bgs/sites/maine.gov.dafs.bgs/files/inline-files/3897_Drawings_DHHS_Bld%20B..pdf,3897_Drawings_DHHS_Bld%20B..pdf,2017101,,,,2026-08-07,downloaded
Maine,Vertical,maine_vertical,3897,3897,,https://www.maine.gov/dafs/bgs/sites/maine.gov.dafs.bgs/files/inline-files/3897_Legal_%20Ad_DHHS-Bld%20B.pdf,3897_Legal_%20Ad_DHHS-Bld%20B.pdf,123174,,,,2026-08-07,downloaded
Maine,Vertical,maine_vertical,3897,3897,,https://www.maine.gov/dafs/bgs/sites/maine.gov.dafs.bgs/files/inline-files/3897_Notice_to_Contractors_DHHS_Bld%20B.pdf,3897_Notice_to_Contractors_DHHS_Bld%20B.pdf,194575,,,,2026-08-07,downloaded
Maine,Vertical,maine_vertical,3867,3867,,https://www.maine.gov/dafs/bgs/sites/maine.gov.dafs.bgs/files/inline-files/3867_Specifications_DHHS-RPC.pdf,3867_Specifications_DHHS-RPC.pdf,5707042,CSI,01;02,gs://specindex-ai-raw-documents/specs/MAINE/3867/specbook_3867_Specifications_DHHS-RPC.pdf,2026-08-07,downloaded
Maine,Vertical,maine_vertical,3867,3867,,https://www.maine.gov/dafs/bgs/sites/maine.gov.dafs.bgs/files/inline-files/3867_Addendum_1_DHHS_RPC.pdf,3867_Addendum_1_DHHS_RPC.pdf,101708,,,,2026-08-07,downloaded
Maine,Vertical,maine_vertical,3867,3867,,https://www.maine.gov/dafs/bgs/sites/maine.gov.dafs.bgs/files/inline-files/3867_Addendum_2_DHHS.pdf,3867_Addendum_2_DHHS.pdf,230320,,,,2026-08-07,downloaded
Maine,Vertical,maine_vertical,3867,3867,,https://www.maine.gov/dafs/bgs/sites/maine.gov.dafs.bgs/files/inline-files/3867_Legal_%20Ad_DHHS%20RPC.pdf,3867_Legal_%20Ad_DHHS%20RPC.pdf,115758,,,,2026-08-07,downloaded
Maine,Vertical,maine_vertical,3867,3867,,https://www.maine.gov/dafs/bgs/sites/maine.gov.dafs.bgs/files/inline-files/3867_Notice_to_Contractors_DHHS-RPC.pdf,3867_Notice_to_Contractors_DHHS-RPC.pdf,195705,,,,2026-08-07,downloaded
Maine,Vertical,maine_vertical,3867,3867,,https://www.maine.gov/dafs/bgs/sites/maine.gov.dafs.bgs/files/inline-files/3867_Bid_Tabulation_DHHS.pdf,3867_Bid_Tabulation_DHHS.pdf,161138,,,,2026-08-07,downloaded
Maine,Vertical,maine_vertical,3899,3899,,https://www.maine.gov/dafs/bgs/sites/maine.gov.dafs.bgs/files/inline-files/3899_Specifications_DACF%20%282%29_0.pdf,3899_Specifications_DACF%20%282%29_0.pdf,3932689,CSI,00;01,gs://specindex-ai-raw-documents/specs/MAINE/3899/specbook_3899_Specifications_DACF-20-282-29_0.pdf,2026-08-07,downloaded
Maine,Vertical,maine_vertical,3899,3899,,https://www.maine.gov/dafs/bgs/sites/maine.gov.dafs.bgs/files/inline-files/3899%20Specifications%20DACF.pdf,3899%20Specifications%20DACF.pdf,4998681,CSI,00;01,gs://specindex-ai-raw-documents/specs/MAINE/3899/specbook_3899-20Specifications-20DACF.pdf,2026-08-07,downloaded
Maine,Vertical,maine_vertical,3899,3899,,https://www.maine.gov/dafs/bgs/sites/maine.gov.dafs.bgs/files/inline-files/3899_Drawings_DACF%20%282%29_0.pdf,3899_Drawings_DACF%20%282%29_0.pdf,1548357,,,,2026-08-07,downloaded
Maine,Vertical,maine_vertical,3899,3899,,https://www.maine.gov/dafs/bgs/sites/maine.gov.dafs.bgs/files/inline-files/3899_Legal_Ad_DACF_0.pdf,3899_Legal_Ad_DACF_0.pdf,156818,,,,2026-08-07,downloaded
Maine,Vertical,maine_vertical,3899,3899,,https://www.maine.gov/dafs/bgs/sites/maine.gov.dafs.bgs/files/inline-files/3899_Notice%20to%20Contractors_DACF_0.pdf,3899_Notice%20to%20Contractors_DACF_0.pdf,342370,,,,2026-08-07,downloaded
Maine,Vertical,maine_vertical,3899,3899,,https://www.maine.gov/dafs/bgs/sites/maine.gov.dafs.bgs/files/inline-files/3899_Bid_Results_DACF.pdf,3899_Bid_Results_DACF.pdf,467491,,,,2026-08-07,downloaded
Maine,Vertical,maine_vertical,3899,3899,,https://www.maine.gov/dafs/bgs/sites/maine.gov.dafs.bgs/files/inline-files/3899%20Legal%20Ad%20DACF.pdf,3899%20Legal%20Ad%20DACF.pdf,109382,,,,2026-08-07,downloaded
Maine,Vertical,maine_vertical,3899,3899,,https://www.maine.gov/dafs/bgs/sites/maine.gov.dafs.bgs/files/inline-files/3899%20Notice%20to%20Contractors%20DACF.pdf,3899%20Notice%20to%20Contractors%20DACF.pdf,250963,,,,2026-08-07,downloaded
Maine,Vertical,maine_vertical,3899,3899,,https://www.maine.gov/dafs/bgs/sites/maine.gov.dafs.bgs/files/inline-files/3899_Bid_Results_DACF_0.pdf,3899_Bid_Results_DACF_0.pdf,467491,,,,2026-08-07,downloaded
Maine,Vertical,maine_vertical,3393,3393,,https://www.maine.gov/dafs/bgs/sites/maine.gov.dafs.bgs/files/inline-files/3393%20Specifications.pdf,3393%20Specifications.pdf,8628867,CSI,00;01;03;31;32;35,gs://specindex-ai-raw-documents/specs/MAINE/3393/specbook_3393-20Specifications.pdf,2026-08-07,downloaded
Maine,Vertical,maine_vertical,3393,3393,,https://www.maine.gov/dafs/bgs/sites/maine.gov.dafs.bgs/files/inline-files/3393%20Addendum%201.pdf,3393%20Addendum%201.pdf,102772,CSI,03,gs://specindex-ai-raw-documents/specs/MAINE/3393/addendum_3393-20Addendum-201.pdf,2026-08-07,downloaded
Maine,Vertical,maine_vertical,3393,3393,,https://www.maine.gov/dafs/bgs/sites/maine.gov.dafs.bgs/files/inline-files/3393%20Legal%20Ad%20DACF.pdf,3393%20Legal%20Ad%20DACF.pdf,109790,,,,2026-08-07,downloaded
Maine,Vertical,maine_vertical,3393,3393,,https://www.maine.gov/dafs/bgs/sites/maine.gov.dafs.bgs/files/inline-files/3393%20Notice%20to%20Contractors%20DACF.pdf,3393%20Notice%20to%20Contractors%20DACF.pdf,252735,,,,2026-08-07,downloaded
Maine,Vertical,maine_vertical,3393,3393,,https://www.maine.gov/dafs/bgs/sites/maine.gov.dafs.bgs/files/inline-files/3393%20Bid%20Results%20DACF_0.pdf,3393%20Bid%20Results%20DACF_0.pdf,182468,,,,2026-08-07,downloaded
Maine,Vertical,maine_vertical,3894,3894,,https://www.maine.gov/dafs/bgs/sites/maine.gov.dafs.bgs/files/inline-files/3894%20Specifications%20DMR.pdf,3894%20Specifications%20DMR.pdf,16319974,CSI,00;01;02;03;31;32,gs://specindex-ai-raw-documents/specs/MAINE/3894/specbook_3894-20Specifications-20DMR.pdf,2026-08-07,downloaded
Maine,Vertical,maine_vertical,3894,3894,,https://www.maine.gov/dafs/bgs/sites/maine.gov.dafs.bgs/files/inline-files/3894%20Addendum%201%20DMR_0.pdf,3894%20Addendum%201%20DMR_0.pdf,456503,,,,2026-08-07,downloaded
Maine,Vertical,maine_vertical,3894,3894,,https://www.maine.gov/dafs/bgs/sites/maine.gov.dafs.bgs/files/inline-files/3894%20Drawings_0.pdf,3894%20Drawings_0.pdf,16844828,unreadable,,,2026-08-07,unreadable format
Maine,Vertical,maine_vertical,3894,3894,,https://www.maine.gov/dafs/bgs/sites/maine.gov.dafs.bgs/files/inline-files/3894%20Legal%20Ad%20DMR.pdf,3894%20Legal%20Ad%20DMR.pdf,130485,,,,2026-08-07,downloaded
Maine,Vertical,maine_vertical,3894,3894,,https://www.maine.gov/dafs/bgs/sites/maine.gov.dafs.bgs/files/inline-files/3894%20Notice%20to%20Contractors%20DMR.pdf,3894%20Notice%20to%20Contractors%20DMR.pdf,917516,,,,2026-08-07,downloaded
Maine,Vertical,maine_vertical,3894,3894,,https://www.maine.gov/dafs/bgs/sites/maine.gov.dafs.bgs/files/inline-files/3894_Bid_Results_DMR_0.pdf,3894_Bid_Results_DMR_0.pdf,217996,,,,2026-08-07,downloaded
Maine,Vertical,maine_vertical,3748,3748,,https://www.maine.gov/dafs/bgs/sites/maine.gov.dafs.bgs/files/inline-files/3748%20Specifications%20DAFS%20%232.pdf,3748%20Specifications%20DAFS%20%232.pdf,9841565,CSI,00;01;02;03;05;06;07;08;09;31;32,gs://specindex-ai-raw-documents/specs/MAINE/3748/specbook_3748-20Specifications-20DAFS-20-232.pdf,2026-08-07,downloaded
Maine,Vertical,maine_vertical,3748,3748,,https://www.maine.gov/dafs/bgs/sites/maine.gov.dafs.bgs/files/inline-files/3748%20Drawings%20DAFS%20%232.pdf,3748%20Drawings%20DAFS%20%232.pdf,6133113,,,,2026-08-07,downloaded
Maine,Vertical,maine_vertical,3748,3748,,https://www.maine.gov/dafs/bgs/sites/maine.gov.dafs.bgs/files/inline-files/3748%20Legal%20Ad%20DAFS%20%232pdf.pdf,3748%20Legal%20Ad%20DAFS%20%232pdf.pdf,135972,,,,2026-08-07,downloaded
Maine,Vertical,maine_vertical,3748,3748,,https://www.maine.gov/dafs/bgs/sites/maine.gov.dafs.bgs/files/inline-files/3748%20Notice%20to%20Contractors%20DAFS%20%232.pdf,3748%20Notice%20to%20Contractors%20DAFS%20%232.pdf,137668,,,,2026-08-07,downloaded
Maine,Vertical,maine_vertical,3748,3748,,https://www.maine.gov/dafs/bgs/sites/maine.gov.dafs.bgs/files/inline-files/3748_Bid_Tabulation..pdf,3748_Bid_Tabulation..pdf,167932,,,,2026-08-07,downloaded
Maine,Vertical,maine_vertical,3143,3143,,https://www.maine.gov/dafs/bgs/sites/maine.gov.dafs.bgs/files/inline-files/3143%20Specifications%20DAFS.pdf,3143%20Specifications%20DAFS.pdf,25871505,CSI,00;01;02;03;04;05;06;07;08;09;10;11;12;14;21;22;23;26;27;28;31;32;33,gs://specindex-ai-raw-documents/specs/MAINE/3143/specbook_3143-20Specifications-20DAFS.pdf,2026-08-07,downloaded
Maine,Vertical,maine_vertical,3143,3143,,https://www.maine.gov/dafs/bgs/sites/maine.gov.dafs.bgs/files/inline-files/3143%20Addendum%201%20DAFS.pdf,3143%20Addendum%201%20DAFS.pdf,143145,,,,2026-08-07,downloaded
Maine,Vertical,maine_vertical,3143,3143,,https://www.maine.gov/dafs/bgs/sites/maine.gov.dafs.bgs/files/inline-files/3143%20Addendum%202%20DAFS.pdf,3143%20Addendum%202%20DAFS.pdf,43309425,,,,2026-08-07,downloaded
Maine,Vertical,maine_vertical,3143,3143,,https://www.maine.gov/dafs/bgs/sites/maine.gov.dafs.bgs/files/inline-files/3143%20Addendum%203%20DAFS_0.pdf,3143%20Addendum%203%20DAFS_0.pdf,42664740,CSI,01;03;04;07;08;22;23;26;27,gs://specindex-ai-raw-documents/specs/MAINE/3143/addendum_3143-20Addendum-203-20DAFS_0.pdf,2026-08-07,downloaded
Maine,Vertical,maine_vertical,3143,3143,,https://www.maine.gov/dafs/bgs/sites/maine.gov.dafs.bgs/files/inline-files/3143%20Addendum%204%20-%20221%20State%20Street%20Building%20Renovations.pdf,3143%20Addendum%204%20-%20221%20State%20Street%20Building%20Renovations.pdf,81013,,,,2026-08-07,downloaded
Maine,Vertical,maine_vertical,3143,3143,,https://www.maine.gov/dafs/bgs/sites/maine.gov.dafs.bgs/files/inline-files/3143%20Addendum%205%20DAFS.pdf,3143%20Addendum%205%20DAFS.pdf,8884974,CSI,01;27,gs://specindex-ai-raw-documents/specs/MAINE/3143/addendum_3143-20Addendum-205-20DAFS.pdf,2026-08-07,downloaded
Maine,Vertical,maine_vertical,3143,3143,,https://www.maine.gov/dafs/bgs/sites/maine.gov.dafs.bgs/files/inline-files/3143%20Addendum%206%20DAFS.pdf,3143%20Addendum%206%20DAFS.pdf,88161,,,,2026-08-07,downloaded
Maine,Vertical,maine_vertical,3143,3143,,https://www.maine.gov/dafs/bgs/sites/maine.gov.dafs.bgs/files/inline-files/3143%20Addendum%207%20DAFS_Part1.pdf,3143%20Addendum%207%20DAFS_Part1.pdf,33163974,CSI,01;26;27,gs://specindex-ai-raw-documents/specs/MAINE/3143/addendum_3143-20Addendum-207-20DAFS_Part1.pdf,2026-08-07,downloaded
Maine,Vertical,maine_vertical,3143,3143,,https://www.maine.gov/dafs/bgs/sites/maine.gov.dafs.bgs/files/inline-files/3143%20Addendum%207%20DAFS_Part2.pdf,3143%20Addendum%207%20DAFS_Part2.pdf,47810410,unreadable,,,2026-08-07,unreadable format
Maine,Vertical,maine_vertical,3143,3143,,https://www.maine.gov/dafs/bgs/sites/maine.gov.dafs.bgs/files/inline-files/3143%20Addendum%207%20DAFS_Part3.pdf,3143%20Addendum%207%20DAFS_Part3.pdf,9547225,unreadable,,,2026-08-07,unreadable format
Maine,Vertical,maine_vertical,3143,3143,,https://www.maine.gov/dafs/bgs/sites/maine.gov.dafs.bgs/files/inline-files/3143%20%20Drawings%20DAFS_0.pdf,3143%20%20Drawings%20DAFS_0.pdf,45874709,,,,2026-08-07,downloaded
Maine,Vertical,maine_vertical,3143,3143,,https://www.maine.gov/dafs/bgs/sites/maine.gov.dafs.bgs/files/inline-files/3143%20Legal%20Ad%20DAFS.pdf,3143%20Legal%20Ad%20DAFS.pdf,97650,,,,2026-08-07,downloaded
Maine,Vertical,maine_vertical,3143,3143,,https://www.maine.gov/dafs/bgs/sites/maine.gov.dafs.bgs/files/inline-files/3143%20Notice%20to%20Contractors%20DAFS_0.pdf,3143%20Notice%20to%20Contractors%20DAFS_0.pdf,528778,,,,2026-08-07,downloaded
Maine,Vertical,maine_vertical,3143,3143,,https://www.maine.gov/dafs/bgs/sites/maine.gov.dafs.bgs/files/inline-files/3143%20Prebid%20Sign%20In%20Sheet%20DAFS.pdf,3143%20Prebid%20Sign%20In%20Sheet%20DAFS.pdf,871648,unreadable,,,2026-08-07,unreadable format
Maine,Vertical,maine_vertical,3143,3143,,https://www.maine.gov/dafs/bgs/sites/maine.gov.dafs.bgs/files/inline-files/3143%20Bid%20Tabulation%20DAFS.pdf,3143%20Bid%20Tabulation%20DAFS.pdf,178463,CSI,27,gs://specindex-ai-raw-documents/specs/MAINE/3143/specbook_3143-20Bid-20Tabulation-20DAFS.pdf,2026-08-07,downloaded
Maine,Vertical,maine_vertical,3601,3601,,https://www.maine.gov/dafs/bgs/sites/maine.gov.dafs.bgs/files/inline-files/3601%20Specifications%20DACF.pdf,3601%20Specifications%20DACF.pdf,6161664,CSI,00;01;31;32;35,gs://specindex-ai-raw-documents/specs/MAINE/3601/specbook_3601-20Specifications-20DACF.pdf,2026-08-07,downloaded
Maine,Vertical,maine_vertical,3601,3601,,https://www.maine.gov/dafs/bgs/sites/maine.gov.dafs.bgs/files/inline-files/3601%20Addendum%201%20DACF_1.pdf,3601%20Addendum%201%20DACF_1.pdf,105707,,,,2026-08-07,downloaded
Maine,Vertical,maine_vertical,3601,3601,,https://www.maine.gov/dafs/bgs/sites/maine.gov.dafs.bgs/files/inline-files/3601%20Addendum%202%20DACF.pdf,3601%20Addendum%202%20DACF.pdf,1171223,,,,2026-08-07,downloaded
Maine,Vertical,maine_vertical,3601,3601,,https://www.maine.gov/dafs/bgs/sites/maine.gov.dafs.bgs/files/inline-files/3601%20Legal%20Ad%20DACF.pdf,3601%20Legal%20Ad%20DACF.pdf,111437,,,,2026-08-07,downloaded
Maine,Vertical,maine_vertical,3601,3601,,https://www.maine.gov/dafs/bgs/sites/maine.gov.dafs.bgs/files/inline-files/3601%20Notice%20to%20Contractors%20DACF.pdf,3601%20Notice%20to%20Contractors%20DACF.pdf,248952,,,,2026-08-07,downloaded
Maine,Vertical,maine_vertical,3601,3601,,https://www.maine.gov/dafs/bgs/sites/maine.gov.dafs.bgs/files/inline-files/3601%20Bid%20Tabulation.pdf,3601%20Bid%20Tabulation.pdf,181653,,,,2026-08-07,downloaded
Maine,Vertical,maine_vertical,3812,3812,,https://www.maine.gov/dafs/bgs/sites/maine.gov.dafs.bgs/files/inline-files/3812%20Specifications%20DOC.pdf,3812%20Specifications%20DOC.pdf,874130,CSI,00;01;02;07;08;09;26,gs://specindex-ai-raw-documents/specs/MAINE/3812/specbook_3812-20Specifications-20DOC.pdf,2026-08-07,downloaded
Maine,Vertical,maine_vertical,3812,3812,,https://www.maine.gov/dafs/bgs/sites/maine.gov.dafs.bgs/files/inline-files/3812%20Drawings%20DOC.pdf,3812%20Drawings%20DOC.pdf,7550168,,,,2026-08-07,downloaded
Maine,Vertical,maine_vertical,3812,3812,,https://www.maine.gov/dafs/bgs/sites/maine.gov.dafs.bgs/files/inline-files/3812%20Notice%20to%20Contractors%20DOC.pdf,3812%20Notice%20to%20Contractors%20DOC.pdf,167407,,,,2026-08-07,downloaded
Maine,Vertical,maine_vertical,3812,3812,,https://www.maine.gov/dafs/bgs/sites/maine.gov.dafs.bgs/files/inline-files/3812%20ADD%2001%20250826_LCYDC_CLNG_REPLACE.pdf,3812%20ADD%2001%20250826_LCYDC_CLNG_REPLACE.pdf,3406656,CSI,00;01;02;07;08;09;26,gs://specindex-ai-raw-documents/specs/MAINE/3812/specbook_3812-20ADD-2001-20250826_LCYDC_CLNG_REPLACE.pdf,2026-08-07,downloaded
Maine,Vertical,maine_vertical,3812,3812,,https://www.maine.gov/dafs/bgs/sites/maine.gov.dafs.bgs/files/inline-files/3812%20Bid%20Tabulation%20Form%20DOC.pdf,3812%20Bid%20Tabulation%20Form%20DOC.pdf,178570,,,,2026-08-07,downloaded
Maine,Vertical,maine_vertical,3789,3789,,https://www.maine.gov/dafs/bgs/sites/maine.gov.dafs.bgs/files/inline-files/3789%20Specifications%20DOC.pdf,3789%20Specifications%20DOC.pdf,759109,CSI,00;01;02;08;32,gs://specindex-ai-raw-documents/specs/MAINE/3789/specbook_3789-20Specifications-20DOC.pdf,2026-08-07,downloaded
Maine,Vertical,maine_vertical,3789,3789,,https://www.maine.gov/dafs/bgs/sites/maine.gov.dafs.bgs/files/inline-files/3789%20Addendum%2001%20DOC.pdf,3789%20Addendum%2001%20DOC.pdf,1698304,,,,2026-08-07,downloaded
Maine,Vertical,maine_vertical,3789,3789,,https://www.maine.gov/dafs/bgs/sites/maine.gov.dafs.bgs/files/inline-files/3789%20Drawings%20DOC.pdf,3789%20Drawings%20DOC.pdf,7719418,,,,2026-08-07,downloaded
Maine,Vertical,maine_vertical,3789,3789,,https://www.maine.gov/dafs/bgs/sites/maine.gov.dafs.bgs/files/inline-files/3789%20Notice%20to%20Contractors%20DOC.pdf,3789%20Notice%20to%20Contractors%20DOC.pdf,167792,,,,2026-08-07,downloaded
Maine,Vertical,maine_vertical,3789,3789,,https://www.maine.gov/dafs/bgs/sites/maine.gov.dafs.bgs/files/inline-files/3789%20Bid%20Tabulation%20Form%20DOC.pdf,3789%20Bid%20Tabulation%20Form%20DOC.pdf,173236,,,,2026-08-07,downloaded
Maine,Vertical,maine_vertical,3836,3836,,https://www.maine.gov/dafs/bgs/sites/maine.gov.dafs.bgs/files/inline-files/3836%20Specifications%20DACF.pdf,3836%20Specifications%20DACF.pdf,1832928,CSI,00;01;06;07;09,gs://specindex-ai-raw-documents/specs/MAINE/3836/specbook_3836-20Specifications-20DACF.pdf,2026-08-07,downloaded
Maine,Vertical,maine_vertical,3836,3836,,https://www.maine.gov/dafs/bgs/sites/maine.gov.dafs.bgs/files/inline-files/3836%20Addendum%201.pdf,3836%20Addendum%201.pdf,416340,,,,2026-08-07,downloaded
Maine,Vertical,maine_vertical,3836,3836,,https://www.maine.gov/dafs/bgs/sites/maine.gov.dafs.bgs/files/inline-files/3836%20Drawings%20DACF.pdf,3836%20Drawings%20DACF.pdf,2272953,,,,2026-08-07,downloaded
Maine,Vertical,maine_vertical,3836,3836,,https://www.maine.gov/dafs/bgs/sites/maine.gov.dafs.bgs/files/inline-files/3836%20Legal%20Ad%20DACF.pdf,3836%20Legal%20Ad%20DACF.pdf,84272,,,,2026-08-07,downloaded
Maine,Vertical,maine_vertical,3836,3836,,https://www.maine.gov/dafs/bgs/sites/maine.gov.dafs.bgs/files/inline-files/3836%20Notice%20to%20Contractors.pdf,3836%20Notice%20to%20Contractors.pdf,337126,,,,2026-08-07,downloaded
Maine,Vertical,maine_vertical,3836,3836,,https://www.maine.gov/dafs/bgs/sites/maine.gov.dafs.bgs/files/inline-files/3836%20Bid%20Results%20DACF.pdf,3836%20Bid%20Results%20DACF.pdf,200313,,,,2026-08-07,downloaded
Maine,Vertical,maine_vertical,3750,3750,,https://www.maine.gov/dafs/bgs/sites/maine.gov.dafs.bgs/files/inline-files/3750%20IFB%20Specification%20DVEM.pdf,3750%20IFB%20Specification%20DVEM.pdf,5486063,CSI,00;01;02;31;32,gs://specindex-ai-raw-documents/specs/MAINE/3750/specbook_3750-20IFB-20Specification-20DVEM.pdf,2026-08-07,downloaded
Maine,Vertical,maine_vertical,3750,3750,,https://www.maine.gov/dafs/bgs/sites/maine.gov.dafs.bgs/files/inline-files/3750%20Drawings%20DVEM.pdf,3750%20Drawings%20DVEM.pdf,26015399,,,,2026-08-07,downloaded
Maine,Vertical,maine_vertical,3750,3750,,https://www.maine.gov/dafs/bgs/sites/maine.gov.dafs.bgs/files/inline-files/3750%20Legal%20Ad%20DVEM.pdf,3750%20Legal%20Ad%20DVEM.pdf,116462,,,,2026-08-07,downloaded
Maine,Vertical,maine_vertical,3750,3750,,https://www.maine.gov/dafs/bgs/sites/maine.gov.dafs.bgs/files/inline-files/3750%20Notice%20to%20Contractors%20DVEM.pdf,3750%20Notice%20to%20Contractors%20DVEM.pdf,292794,,,,2026-08-07,downloaded
Maine,Vertical,maine_vertical,3750,3750,,https://www.maine.gov/dafs/bgs/sites/maine.gov.dafs.bgs/files/inline-files/3750%20Bid%20Tabulation%20DVEM.pdf,3750%20Bid%20Tabulation%20DVEM.pdf,171132,,,,2026-08-07,downloaded
Maine,Vertical,maine_vertical,3381,3381,,https://www.maine.gov/dafs/bgs/sites/maine.gov.dafs.bgs/files/inline-files/3381%20Specifications%20DAFS.pdf,3381%20Specifications%20DAFS.pdf,1809899,CSI,00;01;02;03;04;05;06;32;33,gs://specindex-ai-raw-documents/specs/MAINE/3381/specbook_3381-20Specifications-20DAFS.pdf,2026-08-07,downloaded
Maine,Vertical,maine_vertical,3381,3381,,https://www.maine.gov/dafs/bgs/sites/maine.gov.dafs.bgs/files/inline-files/3381%20Addendum%201%20Roof%20Area%20B.pdf,3381%20Addendum%201%20Roof%20Area%20B.pdf,364635,,,,2026-08-07,downloaded
Maine,Vertical,maine_vertical,3381,3381,,https://www.maine.gov/dafs/bgs/sites/maine.gov.dafs.bgs/files/inline-files/3381%20Addendum%202%20Roof%20Area%20B.pdf,3381%20Addendum%202%20Roof%20Area%20B.pdf,177760,,,,2026-08-07,downloaded
Maine,Vertical,maine_vertical,3381,3381,,https://www.maine.gov/dafs/bgs/sites/maine.gov.dafs.bgs/files/inline-files/3381%20Drawings%20DAFS.pdf,3381%20Drawings%20DAFS.pdf,2168465,,,,2026-08-07,downloaded
Maine,Vertical,maine_vertical,3381,3381,,https://www.maine.gov/dafs/bgs/sites/maine.gov.dafs.bgs/files/inline-files/3381%20Legal%20Ad%20DAFS.pdf,3381%20Legal%20Ad%20DAFS.pdf,120038,,,,2026-08-07,downloaded
Maine,Vertical,maine_vertical,3381,3381,,https://www.maine.gov/dafs/bgs/sites/maine.gov.dafs.bgs/files/inline-files/3381%20Notice%20to%20Contractors%20DAFS.pdf,3381%20Notice%20to%20Contractors%20DAFS.pdf,475188,,,,2026-08-07,downloaded
Maine,Vertical,maine_vertical,3381,3381,,https://www.maine.gov/dafs/bgs/sites/maine.gov.dafs.bgs/files/inline-files/3381%20Bid%20Tabulation.pdf,3381%20Bid%20Tabulation.pdf,168575,,,,2026-08-07,downloaded
Maine,Vertical,maine_vertical,,YSD,,https://www.maine.gov/dafs/bgs/sites/maine.gov.dafs.bgs/files/inline-files/YSD%20Specifications%20Village%20Elementary.pdf,YSD%20Specifications%20Village%20Elementary.pdf,11842809,CSI,31,gs://specindex-ai-raw-documents/specs/MAINE/unknown/specbook_YSD-20Specifications-20Village-20Elementary.pdf,2026-08-07,downloaded
Maine,Vertical,maine_vertical,,YSD,,https://www.maine.gov/dafs/bgs/sites/maine.gov.dafs.bgs/files/inline-files/YSD%20Drawings%20Village%20Elementary.pdf,YSD%20Drawings%20Village%20Elementary.pdf,7273970,,,,2026-08-07,downloaded
Maine,Vertical,maine_vertical,,YSD,,https://www.maine.gov/dafs/bgs/sites/maine.gov.dafs.bgs/files/inline-files/YSD%20Notice%20to%20contractors%20Village%20Elementary.pdf,YSD%20Notice%20to%20contractors%20Village%20Elementary.pdf,79815,,,,2026-08-07,downloaded
Maine,Vertical,maine_vertical,,YSD,,https://www.maine.gov/dafs/bgs/sites/maine.gov.dafs.bgs/files/inline-files/YSD%20Bid%20Form%20Village%20Elementary.pdf,YSD%20Bid%20Form%20Village%20Elementary.pdf,76011,,,,2026-08-07,downloaded
Maine,Vertical,maine_vertical,,YMS-Window,,https://www.maine.gov/dafs/bgs/sites/maine.gov.dafs.bgs/files/inline-files/YMS-Window%20Specifications.pdf,YMS-Window%20Specifications.pdf,1423914,CSI,00;01;02;03;07;08,gs://specindex-ai-raw-documents/specs/MAINE/unknown/specbook_YMS-Window-20Specifications.pdf,2026-08-07,downloaded
Maine,Vertical,maine_vertical,,YMS-Window,,https://www.maine.gov/dafs/bgs/sites/maine.gov.dafs.bgs/files/inline-files/YMS-Window%20Drawings.pdf,YMS-Window%20Drawings.pdf,7859032,,,,2026-08-07,downloaded
Maine,Vertical,maine_vertical,3709,3709,,https://www.maine.gov/dafs/bgs/sites/maine.gov.dafs.bgs/files/inline-files/3709%20Addendum%201%20DOC.pdf,3709%20Addendum%201%20DOC.pdf,503874,,,,2026-08-07,downloaded
Maine,Vertical,maine_vertical,3709,3709,,https://www.maine.gov/dafs/bgs/sites/maine.gov.dafs.bgs/files/inline-files/3709%20Addendum%202%20DOC.pdf,3709%20Addendum%202%20DOC.pdf,368193,,,,2026-08-07,downloaded
Maine,Vertical,maine_vertical,3709,3709,,https://www.maine.gov/dafs/bgs/sites/maine.gov.dafs.bgs/files/inline-files/3709%20Addendum%203.pdf,3709%20Addendum%203.pdf,122885,,,,2026-08-07,downloaded
Maine,Vertical,maine_vertical,3709,3709,,https://www.maine.gov/dafs/bgs/sites/maine.gov.dafs.bgs/files/inline-files/3709%20Drawings%20DOC_Part1.pdf,3709%20Drawings%20DOC_Part1.pdf,52382706,,,,2026-08-07,downloaded
Maine,Vertical,maine_vertical,3709,3709,,https://www.maine.gov/dafs/bgs/sites/maine.gov.dafs.bgs/files/inline-files/3709%20Drawings%20DOC_Part2.pdf,3709%20Drawings%20DOC_Part2.pdf,45716177,,,,2026-08-07,downloaded
Maine,Vertical,maine_vertical,3709,3709,,https://www.maine.gov/dafs/bgs/sites/maine.gov.dafs.bgs/files/inline-files/3709%20Legal%20Ad%20DOC.pdf,3709%20Legal%20Ad%20DOC.pdf,97272,,,,2026-08-07,downloaded
Maine,Vertical,maine_vertical,3709,3709,,https://www.maine.gov/dafs/bgs/sites/maine.gov.dafs.bgs/files/inline-files/3709%20Notice%20to%20Contractors%20DOC_0.pdf,3709%20Notice%20to%20Contractors%20DOC_0.pdf,241268,,,,2026-08-07,downloaded
Maine,Vertical,maine_vertical,3709,3709,,https://www.maine.gov/dafs/bgs/sites/maine.gov.dafs.bgs/files/inline-files/3709%20Bid%20Form%20DOC.pdf,3709%20Bid%20Form%20DOC.pdf,177520,,,,2026-08-07,downloaded
Maine,Vertical,maine_vertical,3857,3857,,https://www.maine.gov/dafs/bgs/sites/maine.gov.dafs.bgs/files/inline-files/3857%20Addendum%201%20NMCC.pdf,3857%20Addendum%201%20NMCC.pdf,450684,unreadable,,,2026-08-07,unreadable format
Maine,Vertical,maine_vertical,3857,3857,,https://www.maine.gov/dafs/bgs/sites/maine.gov.dafs.bgs/files/inline-files/3857%20Addendum%202%20NMCC.pdf,3857%20Addendum%202%20NMCC.pdf,247208,unreadable,,,2026-08-07,unreadable format
Maine,Vertical,maine_vertical,3857,3857,,https://www.maine.gov/dafs/bgs/sites/maine.gov.dafs.bgs/files/inline-files/3857%20Legal%20Ad%20MCCS%20NMCC.pdf,3857%20Legal%20Ad%20MCCS%20NMCC.pdf,105628,,,,2026-08-07,downloaded
Maine,Vertical,maine_vertical,3857,3857,,https://www.maine.gov/dafs/bgs/sites/maine.gov.dafs.bgs/files/inline-files/3857%20Notice%20to%20Contractors%20MCCS.pdf,3857%20Notice%20to%20Contractors%20MCCS.pdf,1840571,unreadable,,,2026-08-07,unreadable format
Maine,Vertical,maine_vertical,3857,3857,,https://www.maine.gov/dafs/bgs/sites/maine.gov.dafs.bgs/files/inline-files/3857%20Bid%20tabulation%20NMCC.pdf,3857%20Bid%20tabulation%20NMCC.pdf,211266,,,,2026-08-07,downloaded
Maine,Vertical,maine_vertical,3722,3722,,https://www.maine.gov/dafs/bgs/sites/maine.gov.dafs.bgs/files/inline-files/3722%20Addendum%202%20MCCS%20KVCC.pdf,3722%20Addendum%202%20MCCS%20KVCC.pdf,1600240,,,,2026-08-07,downloaded
Maine,Vertical,maine_vertical,3722,3722,,https://www.maine.gov/dafs/bgs/sites/maine.gov.dafs.bgs/files/inline-files/3722%20Legal%20Ad%20KVCC.pdf,3722%20Legal%20Ad%20KVCC.pdf,10100,,,,2026-08-07,downloaded
Maine,Vertical,maine_vertical,3722,3722,,https://www.maine.gov/dafs/bgs/sites/maine.gov.dafs.bgs/files/inline-files/3722%20Notice%20to%20Contractors%20KVCC_0.pdf,3722%20Notice%20to%20Contractors%20KVCC_0.pdf,221992,,,,2026-08-07,downloaded
Maine,Vertical,maine_vertical,3722,3722,,https://www.maine.gov/dafs/bgs/sites/maine.gov.dafs.bgs/files/inline-files/3722%20Bid%20Tabulation%20Form.pdf,3722%20Bid%20Tabulation%20Form.pdf,181805,,,,2026-08-07,downloaded
Maine,Vertical,maine_vertical,3772,3772,,https://www.maine.gov/dafs/bgs/sites/maine.gov.dafs.bgs/files/inline-files/3772%20Addendum%201%20MCCS.pdf,3772%20Addendum%201%20MCCS.pdf,145983,,,,2026-08-07,downloaded
Maine,Vertical,maine_vertical,3679,3679,,https://www.maine.gov/dafs/bgs/sites/maine.gov.dafs.bgs/files/inline-files/3679%20Addendum%201%20WCCC.pdf,3679%20Addendum%201%20WCCC.pdf,151460,,,,2026-08-07,downloaded
Maine,Vertical,maine_vertical,3679,3679,,https://www.maine.gov/dafs/bgs/sites/maine.gov.dafs.bgs/files/inline-files/3679%20Notice%20to%20Contractors%20WCCC%20Residence%20Hall.pdf,3679%20Notice%20to%20Contractors%20WCCC%20Residence%20Hall.pdf,186979,,,,2026-08-07,downloaded
Maine,Vertical,maine_vertical,3310,3310,,https://www.maine.gov/dafs/bgs/sites/maine.gov.dafs.bgs/files/inline-files/3310%20Addendum%201%20DVEM%20Waterville.pdf,3310%20Addendum%201%20DVEM%20Waterville.pdf,498650,CSI,03,gs://specindex-ai-raw-documents/specs/MAINE/3310/addendum_3310-20Addendum-201-20DVEM-20Waterville.pdf,2026-08-07,downloaded
Maine,Vertical,maine_vertical,3310,3310,,https://www.maine.gov/dafs/bgs/sites/maine.gov.dafs.bgs/files/inline-files/3310%20Addendum%202%20DVEM%20Waterville.pdf,3310%20Addendum%202%20DVEM%20Waterville.pdf,767747,,,,2026-08-07,downloaded
Maine,Vertical,maine_vertical,3310,3310,,https://www.maine.gov/dafs/bgs/sites/maine.gov.dafs.bgs/files/inline-files/3310%20Legal%20Ad%20DVEM%20Waterville.pdf,3310%20Legal%20Ad%20DVEM%20Waterville.pdf,280543,,,,2026-08-07,downloaded
Maine,Vertical,maine_vertical,3310,3310,,https://www.maine.gov/dafs/bgs/sites/maine.gov.dafs.bgs/files/inline-files/3310%20Notice%20To%20Contractors%20DVEM%20Waterville.pdf,3310%20Notice%20To%20Contractors%20DVEM%20Waterville.pdf,548107,,,,2026-08-07,downloaded
Maine,Vertical,maine_vertical,3310,3310,,https://www.maine.gov/dafs/bgs/sites/maine.gov.dafs.bgs/files/inline-files/3310%20Bid%20Tab%20DVEM%20Waterville_0.pdf,3310%20Bid%20Tab%20DVEM%20Waterville_0.pdf,46866,,,,2026-08-07,downloaded
Maine,Vertical,maine_vertical,3683,3683,,https://www.maine.gov/dafs/bgs/sites/maine.gov.dafs.bgs/files/inline-files/3683%20ADDENDUM%201%20COMBINED%20DMR%20Boothbay.pdf,3683%20ADDENDUM%201%20COMBINED%20DMR%20Boothbay.pdf,8473251,CSI,01,gs://specindex-ai-raw-documents/specs/MAINE/3683/addendum_3683-20ADDENDUM-201-20COMBINED-20DMR-20Boothbay.pdf,2026-08-07,downloaded
Maine,Vertical,maine_vertical,3683,3683,,https://www.maine.gov/dafs/bgs/sites/maine.gov.dafs.bgs/files/inline-files/3683%20Legal%20Ad%20DMR%20Parking.pdf,3683%20Legal%20Ad%20DMR%20Parking.pdf,51448,,,,2026-08-07,downloaded
Maine,Vertical,maine_vertical,3683,3683,,https://www.maine.gov/dafs/bgs/sites/maine.gov.dafs.bgs/files/inline-files/3683%20Notice%20to%20Contractors%20DMR%20Boothbay%20Parking.pdf,3683%20Notice%20to%20Contractors%20DMR%20Boothbay%20Parking.pdf,20723,,,,2026-08-07,downloaded
Maine,Vertical,maine_vertical,3683,3683,,https://www.maine.gov/dafs/bgs/sites/maine.gov.dafs.bgs/files/inline-files/3683%20Notice%20of%20Electronic%20Plans%20%26%20Specs.pdf,3683%20Notice%20of%20Electronic%20Plans%20%26%20Specs.pdf,154935,,,,2026-08-07,downloaded
Maine,Vertical,maine_vertical,3683,3683,,https://www.maine.gov/dafs/bgs/sites/maine.gov.dafs.bgs/files/inline-files/3683%20Bid%20Tabulation%20DMR.pdf,3683%20Bid%20Tabulation%20DMR.pdf,37513,,,,2026-08-07,downloaded
Maine,Vertical,maine_vertical,,Addendum,,https://www.maine.gov/dafs/bgs/sites/maine.gov.dafs.bgs/files/inline-files/Addendum%201%20Yarmouth%20Pump%20Toilet.pdf,Addendum%201%20Yarmouth%20Pump%20Toilet.pdf,174049,CSI,01;26;31;32;33,gs://specindex-ai-raw-documents/specs/MAINE/unknown/addendum_Addendum-201-20Yarmouth-20Pump-20Toilet.pdf,2026-08-07,downloaded
Maine,Vertical,maine_vertical,,Addendum,,https://www.maine.gov/dafs/bgs/sites/maine.gov.dafs.bgs/files/inline-files/Addendum%201%20YHS%20Science%20Classroom.pdf,Addendum%201%20YHS%20Science%20Classroom.pdf,2699920,CSI,00;01;02;03;06;07;08;09;10;11;12;21;22;23;24;26;27;28;31,gs://specindex-ai-raw-documents/specs/MAINE/unknown/addendum_Addendum-201-20YHS-20Science-20Classroom.pdf,2026-08-07,downloaded
Maine,Vertical,maine_vertical,3305,3305,,https://www.maine.gov/dafs/bgs/sites/maine.gov.dafs.bgs/files/inline-files/3305%20Addendum%20%231%20DHHS%20RPC.pdf,3305%20Addendum%20%231%20DHHS%20RPC.pdf,2260201,CSI,26,gs://specindex-ai-raw-documents/specs/MAINE/3305/addendum_3305-20Addendum-20-231-20DHHS-20RPC.pdf,2026-08-07,downloaded
Maine,Vertical,maine_vertical,3305,3305,,https://www.maine.gov/dafs/bgs/sites/maine.gov.dafs.bgs/files/inline-files/3305%20Addendum%20%232%20DHHS%20RPC.pdf,3305%20Addendum%20%232%20DHHS%20RPC.pdf,91472,,,,2026-08-07,downloaded
Maine,Vertical,maine_vertical,3305,3305,,https://www.maine.gov/dafs/bgs/sites/maine.gov.dafs.bgs/files/inline-files/3305%20Addendum%20%233%2014%20Dec%2023.pdf,3305%20Addendum%20%233%2014%20Dec%2023.pdf,77916,,,,2026-08-07,downloaded
Maine,Vertical,maine_vertical,3305,3305,,https://www.maine.gov/dafs/bgs/sites/maine.gov.dafs.bgs/files/inline-files/3305%20Addendum%20%234%20RPC%20.pdf,3305%20Addendum%20%234%20RPC%20.pdf,76878,,,,2026-08-07,downloaded
Maine,Vertical,maine_vertical,3305,3305,,https://www.maine.gov/dafs/bgs/sites/maine.gov.dafs.bgs/files/inline-files/3305%20Addendum%205%20RPC.pdf,3305%20Addendum%205%20RPC.pdf,316059,CSI,01;26;27;28,gs://specindex-ai-raw-documents/specs/MAINE/3305/addendum_3305-20Addendum-205-20RPC.pdf,2026-08-07,downloaded
Maine,Vertical,maine_vertical,3305,3305,,https://www.maine.gov/dafs/bgs/sites/maine.gov.dafs.bgs/files/inline-files/3305%20Addendum%206%20RPC%20.pdf,3305%20Addendum%206%20RPC%20.pdf,109422,,,,2026-08-07,downloaded
Maine,Vertical,maine_vertical,3305,3305,,https://www.maine.gov/dafs/bgs/sites/maine.gov.dafs.bgs/files/inline-files/3305%20Addendum%207%20RPC.pdf,3305%20Addendum%207%20RPC.pdf,5108309,CSI,26,gs://specindex-ai-raw-documents/specs/MAINE/3305/addendum_3305-20Addendum-207-20RPC.pdf,2026-08-07,downloaded
Maine,Vertical,maine_vertical,3305,3305,,https://www.maine.gov/dafs/bgs/sites/maine.gov.dafs.bgs/files/inline-files/3305%20Addendum%20%238.pdf,3305%20Addendum%20%238.pdf,79020,,,,2026-08-07,downloaded
Maine,Vertical,maine_vertical,3305,3305,,https://www.maine.gov/dafs/bgs/sites/maine.gov.dafs.bgs/files/inline-files/3305%20IFB%20Drawings%20DHHS%20RPC.pdf,3305%20IFB%20Drawings%20DHHS%20RPC.pdf,6413425,CSI,26,gs://specindex-ai-raw-documents/specs/MAINE/3305/drawings_3305-20IFB-20Drawings-20DHHS-20RPC.pdf,2026-08-07,downloaded
Maine,Vertical,maine_vertical,3305,3305,,https://www.maine.gov/dafs/bgs/sites/maine.gov.dafs.bgs/files/inline-files/3305%20Legal%20Ad%20DHHS%20RPC.pdf,3305%20Legal%20Ad%20DHHS%20RPC.pdf,28112,,,,2026-08-07,downloaded
Maine,Vertical,maine_vertical,3305,3305,,https://www.maine.gov/dafs/bgs/sites/maine.gov.dafs.bgs/files/inline-files/3305%20Notice%20to%20Contractors%20DHHS%20RPC.pdf,3305%20Notice%20to%20Contractors%20DHHS%20RPC.pdf,20142,,,,2026-08-07,downloaded
Maine,Vertical,maine_vertical,3305,3305,,https://www.maine.gov/dafs/bgs/sites/maine.gov.dafs.bgs/files/inline-files/3305%20IFB%20Specs%20DHHS%20RPC.pdf,3305%20IFB%20Specs%20DHHS%20RPC.pdf,2062704,CSI,00;01;02;07;26;28,gs://specindex-ai-raw-documents/specs/MAINE/3305/specbook_3305-20IFB-20Specs-20DHHS-20RPC.pdf,2026-08-07,downloaded
Maine,Vertical,maine_vertical,3305,3305,,https://www.maine.gov/dafs/bgs/sites/maine.gov.dafs.bgs/files/inline-files/3305%20Bid%20Tab%20RPC%20Security%20and%20Access%20Control.pdf,3305%20Bid%20Tab%20RPC%20Security%20and%20Access%20Control.pdf,33440,,,,2026-08-07,downloaded
Maine,Vertical,maine_vertical,,Drawings,,https://www.maine.gov/dafs/bgs/sites/maine.gov.dafs.bgs/files/inline-files/Drawings_MSAD75_Bowdoin.pdf,Drawings_MSAD75_Bowdoin.pdf,1991924,CSI,01;09;21;26,gs://specindex-ai-raw-documents/specs/MAINE/unknown/drawings_Drawings_MSAD75_Bowdoin.pdf,2026-08-07,downloaded
Maine,Vertical,maine_vertical,,Drawings,,https://www.maine.gov/dafs/bgs/sites/maine.gov.dafs.bgs/files/inline-files/Drawings%20Yarmouth%20Pump%20Station.pdf,Drawings%20Yarmouth%20Pump%20Station.pdf,5978075,CSI,01,gs://specindex-ai-raw-documents/specs/MAINE/unknown/drawings_Drawings-20Yarmouth-20Pump-20Station.pdf,2026-08-07,downloaded
Maine,Vertical,maine_vertical,,Drawings,,https://www.maine.gov/dafs/bgs/sites/maine.gov.dafs.bgs/files/inline-files/Drawings%20YHS%20Science%20Classroom.pdf,Drawings%20YHS%20Science%20Classroom.pdf,9112334,CSI,09,gs://specindex-ai-raw-documents/specs/MAINE/unknown/drawings_Drawings-20YHS-20Science-20Classroom.pdf,2026-08-07,downloaded
Maine,Vertical,maine_vertical,,CAPE-E,,https://www.maine.gov/dafs/bgs/sites/maine.gov.dafs.bgs/files/inline-files/CAPE-E%20GCPQ%20Ad%20-%20short.pdf,CAPE-E%20GCPQ%20Ad%20-%20short.pdf,138807,,,,2026-08-07,downloaded
Maine,Vertical,maine_vertical,,CAPE-E,,https://www.maine.gov/dafs/bgs/sites/maine.gov.dafs.bgs/files/inline-files/CAPE-E%20GCPQ%20Notice%20-%20long.pdf,CAPE-E%20GCPQ%20Notice%20-%20long.pdf,90098,,,,2026-08-07,downloaded
Maine,Vertical,maine_vertical,,CAPE-E,,https://www.maine.gov/dafs/bgs/sites/maine.gov.dafs.bgs/files/inline-files/CAPE-E%20Pre%20Qual%20Package-Final.pdf,CAPE-E%20Pre%20Qual%20Package-Final.pdf,231772,,,,2026-08-07,downloaded
Maine,Vertical,maine_vertical,,Yarmouth,,https://www.maine.gov/dafs/bgs/sites/maine.gov.dafs.bgs/files/inline-files/Yarmouth_Legal_Ad.pdf,Yarmouth_Legal_Ad.pdf,107586,,,,2026-08-07,downloaded
Maine,Vertical,maine_vertical,,Yarmouth,,https://www.maine.gov/dafs/bgs/sites/maine.gov.dafs.bgs/files/inline-files/Yarmouth_Notice_to_Contractors.pdf,Yarmouth_Notice_to_Contractors.pdf,135385,,,,2026-08-07,downloaded
Maine,Vertical,maine_vertical,,Yarmouth,,https://www.maine.gov/dafs/bgs/sites/maine.gov.dafs.bgs/files/inline-files/Yarmouth_Bid_Form.pdf,Yarmouth_Bid_Form.pdf,141171,,,,2026-08-07,downloaded
Maine,Vertical,maine_vertical,,Yarmouth,,https://www.maine.gov/dafs/bgs/sites/maine.gov.dafs.bgs/files/inline-files/Yarmouth_Paving_Map.pdf,Yarmouth_Paving_Map.pdf,1156583,unreadable,,,2026-08-07,unreadable format
Maine,Vertical,maine_vertical,,Yarmouth,,https://www.maine.gov/dafs/bgs/sites/maine.gov.dafs.bgs/files/inline-files/Yarmouth%20Toilet%20Bid%20Results%202024-03-20.pdf,Yarmouth%20Toilet%20Bid%20Results%202024-03-20.pdf,10430215,unreadable,,,2026-08-07,unreadable format
Maine,Vertical,maine_vertical,,Bid,,https://www.maine.gov/dafs/bgs/sites/maine.gov.dafs.bgs/files/inline-files/Bid_tabulation_Yarmouth.pdf,Bid_tabulation_Yarmouth.pdf,735223,unreadable,,,2026-08-07,unreadable format
Maine,Vertical,maine_vertical,,Bid,,https://www.maine.gov/dafs/bgs/sites/maine.gov.dafs.bgs/files/inline-files/Bid_Tabulation_MSAD_54_0.pdf,Bid_Tabulation_MSAD_54_0.pdf,86966,,,,2026-08-07,downloaded
Maine,Vertical,maine_vertical,,Bid,,https://www.maine.gov/dafs/bgs/sites/maine.gov.dafs.bgs/files/inline-files/Bid%20Tabulation%20Saco%20ESPS.pdf,Bid%20Tabulation%20Saco%20ESPS.pdf,45400,,,,2026-08-07,downloaded
Maine,Vertical,maine_vertical,,Legal,,https://www.maine.gov/dafs/bgs/sites/maine.gov.dafs.bgs/files/inline-files/Legal_Ad_CESD_Early_Site.pdf,Legal_Ad_CESD_Early_Site.pdf,73724,,,,2026-08-07,downloaded
Maine,Vertical,maine_vertical,,Legal,,https://www.maine.gov/dafs/bgs/sites/maine.gov.dafs.bgs/files/inline-files/Legal_Ad_CESD_Construction.pdf,Legal_Ad_CESD_Construction.pdf,74922,,,,2026-08-07,downloaded
Maine,Vertical,maine_vertical,,Legal,,https://www.maine.gov/dafs/bgs/sites/maine.gov.dafs.bgs/files/inline-files/Legal_Ad_MSAD_51_Greeley.pdf,Legal_Ad_MSAD_51_Greeley.pdf,73930,,,,2026-08-07,downloaded
Maine,Vertical,maine_vertical,,Legal,,https://www.maine.gov/dafs/bgs/sites/maine.gov.dafs.bgs/files/inline-files/Legal_Ad_MSAD_54.pdf,Legal_Ad_MSAD_54.pdf,85113,,,,2026-08-07,downloaded
Maine,Vertical,maine_vertical,,Legal,,https://www.maine.gov/dafs/bgs/sites/maine.gov.dafs.bgs/files/inline-files/Legal%20Ad%20Yarmouth%20Pump%20Station.pdf,Legal%20Ad%20Yarmouth%20Pump%20Station.pdf,87717,,,,2026-08-07,downloaded
Maine,Vertical,maine_vertical,,Legal,,https://www.maine.gov/dafs/bgs/sites/maine.gov.dafs.bgs/files/inline-files/Legal_Ad_Phillips_0.pdf,Legal_Ad_Phillips_0.pdf,73315,,,,2026-08-07,downloaded
Maine,Vertical,maine_vertical,,Legal,,https://www.maine.gov/dafs/bgs/sites/maine.gov.dafs.bgs/files/inline-files/Legal%20Ad%20Saco%20Commissioning.pdf,Legal%20Ad%20Saco%20Commissioning.pdf,23045,,,,2026-08-07,downloaded
Maine,Vertical,maine_vertical,,Legal,,https://www.maine.gov/dafs/bgs/sites/maine.gov.dafs.bgs/files/inline-files/Legal%20Ad%20RSU%201.pdf,Legal%20Ad%20RSU%201.pdf,8122,,,,2026-08-07,downloaded
Maine,Vertical,maine_vertical,,Legal,,https://www.maine.gov/dafs/bgs/sites/maine.gov.dafs.bgs/files/inline-files/Legal%20AD%20Saco%20OR.pdf,Legal%20AD%20Saco%20OR.pdf,21922,,,,2026-08-07,downloaded
Maine,Vertical,maine_vertical,,Legal,,https://www.maine.gov/dafs/bgs/sites/maine.gov.dafs.bgs/files/inline-files/Legal%20Ad%20Bar%20Harbor.pdf,Legal%20Ad%20Bar%20Harbor.pdf,62750,,,,2026-08-07,downloaded
Maine,Vertical,maine_vertical,,Notice,,https://www.maine.gov/dafs/bgs/sites/maine.gov.dafs.bgs/files/inline-files/Notice_to_Contractors_CESD_Early_Site.pdf,Notice_to_Contractors_CESD_Early_Site.pdf,267601,,,,2026-08-07,downloaded
Maine,Vertical,maine_vertical,,Notice,,https://www.maine.gov/dafs/bgs/sites/maine.gov.dafs.bgs/files/inline-files/Notice_to_Contractors_CESD_Construction.pdf,Notice_to_Contractors_CESD_Construction.pdf,201141,,,,2026-08-07,downloaded
Maine,Vertical,maine_vertical,,Notice,,https://www.maine.gov/dafs/bgs/sites/maine.gov.dafs.bgs/files/inline-files/Notice_to_Contractors_MSAD75_Bowdoin.pdf,Notice_to_Contractors_MSAD75_Bowdoin.pdf,185602,,,,2026-08-07,downloaded
Maine,Vertical,maine_vertical,,Notice,,https://www.maine.gov/dafs/bgs/sites/maine.gov.dafs.bgs/files/inline-files/Notice_to_Contractors_MSAD_51_Greely.pdf,Notice_to_Contractors_MSAD_51_Greely.pdf,263285,,,,2026-08-07,downloaded
Maine,Vertical,maine_vertical,,Notice,,https://www.maine.gov/dafs/bgs/sites/maine.gov.dafs.bgs/files/inline-files/Notice_to_Contractors_MSAD_54.pdf,Notice_to_Contractors_MSAD_54.pdf,279762,,,,2026-08-07,downloaded
Maine,Vertical,maine_vertical,,Notice,,https://www.maine.gov/dafs/bgs/sites/maine.gov.dafs.bgs/files/inline-files/Notice%20to%20Contractors%20and%20Subcontractors%20Saco%20Rev._0.pdf,Notice%20to%20Contractors%20and%20Subcontractors%20Saco%20Rev._0.pdf,198387,,,,2026-08-07,downloaded
Maine,Vertical,maine_vertical,,Notice,,https://www.maine.gov/dafs/bgs/sites/maine.gov.dafs.bgs/files/inline-files/Notice%20to%20Contractors%20and%20Subcontractors%20Saco.pdf,Notice%20to%20Contractors%20and%20Subcontractors%20Saco.pdf,235186,,,,2026-08-07,downloaded
Maine,Vertical,maine_vertical,,Notice,,https://www.maine.gov/dafs/bgs/sites/maine.gov.dafs.bgs/files/inline-files/Notice%20to%20Contractors%20AOS%2098%20Boothbay%20Sprinkler.pdf,Notice%20to%20Contractors%20AOS%2098%20Boothbay%20Sprinkler.pdf,180744,,,,2026-08-07,downloaded
Maine,Vertical,maine_vertical,,Notice,,https://www.maine.gov/dafs/bgs/sites/maine.gov.dafs.bgs/files/inline-files/Notice%20to%20Contractors%20AOS%2098%20Boothbay.pdf,Notice%20to%20Contractors%20AOS%2098%20Boothbay.pdf,112105,,,,2026-08-07,downloaded
Maine,Vertical,maine_vertical,,Notice,,https://www.maine.gov/dafs/bgs/sites/maine.gov.dafs.bgs/files/inline-files/Notice%20to%20Contractors%20AOS%2091%20Bar%20Harbor_0.pdf,Notice%20to%20Contractors%20AOS%2091%20Bar%20Harbor_0.pdf,77899,,,,2026-08-07,downloaded
Maine,Vertical,maine_vertical,,Notice,,https://www.maine.gov/dafs/bgs/sites/maine.gov.dafs.bgs/files/inline-files/Notice%20to%20Contractors%20OOB%20roof.pdf,Notice%20to%20Contractors%20OOB%20roof.pdf,129817,,,,2026-08-07,downloaded
Maine,Vertical,maine_vertical,,Notice,,https://www.maine.gov/dafs/bgs/sites/maine.gov.dafs.bgs/files/inline-files/Notice%20to%20Contractors%20Region%209%20Culinary%20Bldg.pdf,Notice%20to%20Contractors%20Region%209%20Culinary%20Bldg.pdf,13923,,,,2026-08-07,downloaded
Maine,Vertical,maine_vertical,,Notice,,https://www.maine.gov/dafs/bgs/sites/maine.gov.dafs.bgs/files/inline-files/Notice%20to%20Contractors%20Yaarmouth%20Pump%20Station.pdf,Notice%20to%20Contractors%20Yaarmouth%20Pump%20Station.pdf,189184,,,,2026-08-07,downloaded
Maine,Vertical,maine_vertical,,Notice,,https://www.maine.gov/dafs/bgs/sites/maine.gov.dafs.bgs/files/inline-files/Notice%20to%20Contractors%20YHS%20Science%20Classroom.pdf,Notice%20to%20Contractors%20YHS%20Science%20Classroom.pdf,113632,,,,2026-08-07,downloaded
Maine,Vertical,maine_vertical,,Notice,,https://www.maine.gov/dafs/bgs/sites/maine.gov.dafs.bgs/files/inline-files/Notice_to_Contractors_Yarmouth.pdf,Notice_to_Contractors_Yarmouth.pdf,156151,,,,2026-08-07,downloaded
Maine,Vertical,maine_vertical,,MSAD,,https://www.maine.gov/dafs/bgs/sites/maine.gov.dafs.bgs/files/inline-files/MSAD%2049%20Notice%20to%20Contractors%20Network.pdf,MSAD%2049%20Notice%20to%20Contractors%20Network.pdf,1559498,CSI,01,gs://specindex-ai-raw-documents/specs/MAINE/unknown/specbook_MSAD-2049-20Notice-20to-20Contractors-20Network.pdf,2026-08-07,downloaded
Maine,Vertical,maine_vertical,,MSAD,,https://www.maine.gov/dafs/bgs/sites/maine.gov.dafs.bgs/files/inline-files/MSAD%2051%20Notice%20to%20Contractors%20Cumberland.pdf,MSAD%2051%20Notice%20to%20Contractors%20Cumberland.pdf,274662,,,,2026-08-07,downloaded
Maine,Vertical,maine_vertical,,MSAD,,https://www.maine.gov/dafs/bgs/sites/maine.gov.dafs.bgs/files/inline-files/MSAD%2051%20Bid%20Tabulation%20Sheet.pdf,MSAD%2051%20Bid%20Tabulation%20Sheet.pdf,88784,,,,2026-08-07,downloaded
Maine,Vertical,maine_vertical,,MSAD,,https://www.maine.gov/dafs/bgs/sites/maine.gov.dafs.bgs/files/inline-files/MSAD%2051%20Legal%20Ad.pdf,MSAD%2051%20Legal%20Ad.pdf,64905,,,,2026-08-07,downloaded
Maine,Vertical,maine_vertical,,MSAD,,https://www.maine.gov/dafs/bgs/sites/maine.gov.dafs.bgs/files/inline-files/MSAD%2051%20Notice%20to%20Contractors.pdf,MSAD%2051%20Notice%20to%20Contractors.pdf,300423,unreadable,,,2026-08-07,unreadable format
Maine,Vertical,maine_vertical,,MSAD,,https://www.maine.gov/dafs/bgs/sites/maine.gov.dafs.bgs/files/inline-files/MSAD%2051%20Notice%20to%20Contractors%20Greely%20HS%20Turf.pdf,MSAD%2051%20Notice%20to%20Contractors%20Greely%20HS%20Turf.pdf,279169,,,,2026-08-07,downloaded
Maine,Vertical,maine_vertical,,MSAD,,https://www.maine.gov/dafs/bgs/sites/maine.gov.dafs.bgs/files/inline-files/MSAD%20Notice%20to%20Contractors.pdf,MSAD%20Notice%20to%20Contractors.pdf,22660,,,,2026-08-07,downloaded
Maine,Vertical,maine_vertical,,MSAD,,https://www.maine.gov/dafs/bgs/sites/maine.gov.dafs.bgs/files/inline-files/MSAD%2051%20New%20Facilities%20Bldg%20Notice%20to%20Contractors.pdf,MSAD%2051%20New%20Facilities%20Bldg%20Notice%20to%20Contractors.pdf,140905,,,,2026-08-07,downloaded
Maine,Vertical,maine_vertical,,MSAD,,https://www.maine.gov/dafs/bgs/sites/maine.gov.dafs.bgs/files/inline-files/MSAD%2027%20Notice%20to%20Contractors%20Waterford%2C%20Otisfield%2C%20Harrison.pdf,MSAD%2027%20Notice%20to%20Contractors%20Waterford%2C%20Otisfield%2C%20Harrison.pdf,76732,,,,2026-08-07,downloaded
Maine,Vertical,maine_vertical,,MSAD,,https://www.maine.gov/dafs/bgs/sites/maine.gov.dafs.bgs/files/inline-files/MSAD%2017%20school%20notice%20to%20contractors%20Revision%202.pdf,MSAD%2017%20school%20notice%20to%20contractors%20Revision%202.pdf,77449,,,,2026-08-07,downloaded
Maine,Vertical,maine_vertical,,MSAD,,https://www.maine.gov/dafs/bgs/sites/maine.gov.dafs.bgs/files/inline-files/MSAD%2017%20Notice%20to%20Contractors%20Revised.pdf,MSAD%2017%20Notice%20to%20Contractors%20Revised.pdf,76462,,,,2026-08-07,downloaded
Maine,Vertical,maine_vertical,,MSAD,,https://www.maine.gov/dafs/bgs/sites/maine.gov.dafs.bgs/files/inline-files/MSAD%2017%20Notice%20to%20Contractors.pdf,MSAD%2017%20Notice%20to%20Contractors.pdf,74810,,,,2026-08-07,downloaded
Maine,Vertical,maine_vertical,,MSAD,,https://www.maine.gov/dafs/bgs/sites/maine.gov.dafs.bgs/files/inline-files/MSAD%2051%20Greely%20HS%20Science%20Wing%20Notice.pdf,MSAD%2051%20Greely%20HS%20Science%20Wing%20Notice.pdf,98706,,,,2026-08-07,downloaded
Maine,Vertical,maine_vertical,,MSAD,,https://www.maine.gov/dafs/bgs/sites/maine.gov.dafs.bgs/files/inline-files/MSAD%2051%20Mabel%20Wilson%20Notice.pdf,MSAD%2051%20Mabel%20Wilson%20Notice.pdf,99073,,,,2026-08-07,downloaded
Maine,Vertical,maine_vertical,,MSAD,,https://www.maine.gov/dafs/bgs/sites/maine.gov.dafs.bgs/files/inline-files/MSAD%2075%20Master%20Plan%20-%20RFQ%20Information%20Sheet%20for%20A%26E%20Service%20-%20Final.pdf,MSAD%2075%20Master%20Plan%20-%20RFQ%20Information%20Sheet%20for%20A%26E%20Service%20-%20Final.pdf,295722,,,,2026-08-07,downloaded
Maine,Vertical,maine_vertical,,MSAD,,https://www.maine.gov/dafs/bgs/sites/maine.gov.dafs.bgs/files/inline-files/MSAD%2017%20Legal%20Ad.pdf,MSAD%2017%20Legal%20Ad.pdf,9800,,,,2026-08-07,downloaded
Maine,Vertical,maine_vertical,,MSAD,,https://www.maine.gov/dafs/bgs/sites/maine.gov.dafs.bgs/files/inline-files/MSAD%2017%20RFQ%20information%20sheet.pdf,MSAD%2017%20RFQ%20information%20sheet.pdf,18950,,,,2026-08-07,downloaded
Maine,Vertical,maine_vertical,,MSAD49,,https://www.maine.gov/dafs/bgs/sites/maine.gov.dafs.bgs/files/inline-files/MSAD49%20Notice%20to%20Contractors%20-Lawrence%20AV.pdf,MSAD49%20Notice%20to%20Contractors%20-Lawrence%20AV.pdf,1556305,CSI,01,gs://specindex-ai-raw-documents/specs/MAINE/unknown/specbook_MSAD49-20Notice-20to-20Contractors-20-Lawrence-20AV.pdf,2026-08-07,downloaded
Maine,Vertical,maine_vertical,3749,3749,,https://www.maine.gov/dafs/bgs/sites/maine.gov.dafs.bgs/files/inline-files/3749%20Notice%20to%20Contractors%20DVEM.pdf,3749%20Notice%20to%20Contractors%20DVEM.pdf,246693,,,,2026-08-07,downloaded
Maine,Vertical,maine_vertical,3749,3749,,https://www.maine.gov/dafs/bgs/sites/maine.gov.dafs.bgs/files/inline-files/3749%20Bid%20Tabulation%20Form.pdf,3749%20Bid%20Tabulation%20Form.pdf,176839,,,,2026-08-07,downloaded
Maine,Vertical,maine_vertical,,AOS,,https://www.maine.gov/dafs/bgs/sites/maine.gov.dafs.bgs/files/inline-files/AOS%2090%20Princeton%20Roof%20advertisement%20for%20bids.pdf,AOS%2090%20Princeton%20Roof%20advertisement%20for%20bids.pdf,118935,,,,2026-08-07,downloaded
Maine,Vertical,maine_vertical,,Biddeford,,https://www.maine.gov/dafs/bgs/sites/maine.gov.dafs.bgs/files/inline-files/Biddeford%20Primary%20School%20Notice%20to%20Contractors%20-%20revised_1.pdf,Biddeford%20Primary%20School%20Notice%20to%20Contractors%20-%20revised_1.pdf,81839,,,,2026-08-07,downloaded
Maine,Vertical,maine_vertical,,Biddeford,,https://www.maine.gov/dafs/bgs/sites/maine.gov.dafs.bgs/files/inline-files/Biddeford%20Primary%20School%20Notice%20to%20Contractors.pdf,Biddeford%20Primary%20School%20Notice%20to%20Contractors.pdf,82238,,,,2026-08-07,downloaded
Maine,Vertical,maine_vertical,3628,3628,,https://www.maine.gov/dafs/bgs/sites/maine.gov.dafs.bgs/files/inline-files/3628%20Legal%20Ad%20DOC%20Mt.%20View.pdf,3628%20Legal%20Ad%20DOC%20Mt.%20View.pdf,45209,,,,2026-08-07,downloaded
Maine,Vertical,maine_vertical,3628,3628,,https://www.maine.gov/dafs/bgs/sites/maine.gov.dafs.bgs/files/inline-files/3628%20Notice%20to%20Contractors%20DOC%20Mt%20View.pdf,3628%20Notice%20to%20Contractors%20DOC%20Mt%20View.pdf,,,,,2026-08-07,dead link
Maine,Vertical,maine_vertical,3628,3628,,https://www.maine.gov/dafs/bgs/sites/maine.gov.dafs.bgs/files/inline-files/3628%20Bid%20Tab%20DOC%20Mt.%20View.pdf,3628%20Bid%20Tab%20DOC%20Mt.%20View.pdf,,,,,2026-08-07,dead link
Maine,Vertical,maine_vertical,3776,3776,,https://www.maine.gov/dafs/bgs/sites/maine.gov.dafs.bgs/files/inline-files/3776%20Bid%20Tab%20IFW.pdf,3776%20Bid%20Tab%20IFW.pdf,,,,,2026-08-07,dead link
Maine,Vertical,maine_vertical,3630,3630,,https://www.maine.gov/dafs/bgs/sites/maine.gov.dafs.bgs/files/inline-files/3630%20Legal%20Ad%20DOC%20Paving.pdf,3630%20Legal%20Ad%20DOC%20Paving.pdf,22704,,,,2026-08-07,downloaded
Maine,Vertical,maine_vertical,3630,3630,,https://www.maine.gov/dafs/bgs/sites/maine.gov.dafs.bgs/files/inline-files/3630%20Notice%20to%20Contractors%20DOC%20Paving.pdf,3630%20Notice%20to%20Contractors%20DOC%20Paving.pdf,132411,,,,2026-08-07,downloaded
Maine,Vertical,maine_vertical,3630,3630,,https://www.maine.gov/dafs/bgs/sites/maine.gov.dafs.bgs/files/inline-files/3630%20Addenda%20No.%201%20DOC%20Paving.pdf,3630%20Addenda%20No.%201%20DOC%20Paving.pdf,107840,,,,2026-08-07,downloaded
Maine,Vertical,maine_vertical,3630,3630,,https://www.maine.gov/dafs/bgs/sites/maine.gov.dafs.bgs/files/inline-files/3630%20Bid%20Tabulation%20Form_0.pdf,3630%20Bid%20Tabulation%20Form_0.pdf,37829,,,,2026-08-07,downloaded
Maine,Vertical,maine_vertical,,YMS-Window-Phase-2,,https://www.maine.gov/dafs/bgs/sites/maine.gov.dafs.bgs/files/inline-files/YMS-Window-Phase-2%20Notice%20to%20Contractors.pdf,YMS-Window-Phase-2%20Notice%20to%20Contractors.pdf,95489,,,,2026-08-07,downloaded
Maine,Vertical,maine_vertical,,2024-03-20-23590-YMS-Window-Phase-2-ADD1.pdf,,https://www.maine.gov/dafs/bgs/sites/maine.gov.dafs.bgs/files/inline-files/2024-03-20-23590-YMS-Window-Phase-2-ADD1.pdf,2024-03-20-23590-YMS-Window-Phase-2-ADD1.pdf,7418794,,,,2026-08-07,downloaded
Maine,Vertical,maine_vertical,3634,3634,,https://www.maine.gov/dafs/bgs/sites/maine.gov.dafs.bgs/files/inline-files/3634%20Notice%20to%20Contractors%20WB%20DC%20Roofing.pdf,3634%20Notice%20to%20Contractors%20WB%20DC%20Roofing.pdf,44061,,,,2026-08-07,downloaded
Maine,Vertical,maine_vertical,3634,3634,,https://www.maine.gov/dafs/bgs/sites/maine.gov.dafs.bgs/files/inline-files/3634%20Bid%20Tab%20Judicial%20Roof%20West%20Bath.pdf,3634%20Bid%20Tab%20Judicial%20Roof%20West%20Bath.pdf,45620,,,,2026-08-07,downloaded
Maine,Vertical,maine_vertical,,Notification,,https://www.maine.gov/dafs/bgs/sites/maine.gov.dafs.bgs/files/inline-files/Notification%20to%20Contractors%20Region%209%20Welding%20Notice.pdf,Notification%20to%20Contractors%20Region%209%20Welding%20Notice.pdf,53902,CSI,31,gs://specindex-ai-raw-documents/specs/MAINE/unknown/specbook_Notification-20to-20Contractors-20Region-209-20Welding-20Notice.pdf,2026-08-07,downloaded
Maine,Vertical,maine_vertical,3396,3396,,https://www.maine.gov/dafs/bgs/sites/maine.gov.dafs.bgs/files/inline-files/3396%20MMA%20Waterfront%20Early%20NTC%2019%20Jan%2024_0.pdf,3396%20MMA%20Waterfront%20Early%20NTC%2019%20Jan%2024_0.pdf,44619,,,,2026-08-07,downloaded
Maine,Vertical,maine_vertical,3396,3396,,https://www.maine.gov/dafs/bgs/sites/maine.gov.dafs.bgs/files/inline-files/3396%20MMA%20Waterfront%20Early%20NTC%2019%20Jan%2024.pdf,3396%20MMA%20Waterfront%20Early%20NTC%2019%20Jan%2024.pdf,44619,,,,2026-08-07,downloaded
Maine,Vertical,maine_vertical,3482,3482,,https://www.maine.gov/dafs/bgs/sites/maine.gov.dafs.bgs/files/inline-files/3482%20%26%203483%20Legal%20Ad%20Sebago%20Lake.pdf,3482%20%26%203483%20Legal%20Ad%20Sebago%20Lake.pdf,17755,,,,2026-08-07,downloaded
Maine,Vertical,maine_vertical,3482,3482,,https://www.maine.gov/dafs/bgs/sites/maine.gov.dafs.bgs/files/inline-files/3482%20%26%203483%20-%20Notice%20to%20Contractors%20Sebago%20Lake.pdf,3482%20%26%203483%20-%20Notice%20to%20Contractors%20Sebago%20Lake.pdf,21479,,,,2026-08-07,downloaded
Maine,Vertical,maine_vertical,3482,3482,,https://www.maine.gov/dafs/bgs/sites/maine.gov.dafs.bgs/files/inline-files/3482%203483%20Bid%20Tab%20DACF.pdf,3482%203483%20Bid%20Tab%20DACF.pdf,41079,,,,2026-08-07,downloaded
Maine,Vertical,maine_vertical,,RFP,,https://www.maine.gov/dafs/bgs/sites/maine.gov.dafs.bgs/files/inline-files/RFP_Document_Yarmouth.pdf,RFP_Document_Yarmouth.pdf,297658,,,,2026-08-07,downloaded
Maine,Vertical,maine_vertical,3970,3970,,https://www.maine.gov/dafs/bgs/sites/maine.gov.dafs.bgs/files/inline-files/3970_RFQ_Legal_Ad_DVEM.pdf,3970_RFQ_Legal_Ad_DVEM.pdf,219873,,,,2026-08-07,downloaded
Maine,Vertical,maine_vertical,3970,3970,,https://www.maine.gov/dafs/bgs/sites/maine.gov.dafs.bgs/files/inline-files/3970_RFQ_Information_Sheet_DVEM.pdf,3970_RFQ_Information_Sheet_DVEM.pdf,217708,,,,2026-08-07,downloaded
Maine,Vertical,maine_vertical,,RFQ,,https://www.maine.gov/dafs/bgs/sites/maine.gov.dafs.bgs/files/inline-files/RFQ_Legal_Ad_JRL_DAFS_0.pdf,RFQ_Legal_Ad_JRL_DAFS_0.pdf,103442,,,,2026-08-07,downloaded
Maine,Vertical,maine_vertical,,RFQ,,https://www.maine.gov/dafs/bgs/sites/maine.gov.dafs.bgs/files/inline-files/RFQ_Information_Sheet_JRL_DAFS_0.pdf,RFQ_Information_Sheet_JRL_DAFS_0.pdf,267318,,,,2026-08-07,downloaded
Maine,Vertical,maine_vertical,,RFQ,,https://www.maine.gov/dafs/bgs/sites/maine.gov.dafs.bgs/files/inline-files/RFQ_Supporting_Information_JRL_DAFS_0.pdf,RFQ_Supporting_Information_JRL_DAFS_0.pdf,924676,,,,2026-08-07,downloaded
Maine,Vertical,maine_vertical,,RFQ,,https://www.maine.gov/dafs/bgs/sites/maine.gov.dafs.bgs/files/inline-files/RFQ_Information_Sheet_Boothbay.pdf,RFQ_Information_Sheet_Boothbay.pdf,261019,,,,2026-08-07,downloaded
Maine,Vertical,maine_vertical,,RFQ,,https://www.maine.gov/dafs/bgs/sites/maine.gov.dafs.bgs/files/inline-files/RFQ_Legal_Ad_Jr_Sr_HS.pdf,RFQ_Legal_Ad_Jr_Sr_HS.pdf,117035,,,,2026-08-07,downloaded
Maine,Vertical,maine_vertical,,RFQ,,https://www.maine.gov/dafs/bgs/sites/maine.gov.dafs.bgs/files/inline-files/RFQ_Information_Sheet_Jr_Sr_HS.pdf,RFQ_Information_Sheet_Jr_Sr_HS.pdf,169910,,,,2026-08-07,downloaded
Maine,Vertical,maine_vertical,,RFQ,,https://www.maine.gov/dafs/bgs/sites/maine.gov.dafs.bgs/files/inline-files/RFQ_Information_Sheet_Phillips_0.pdf,RFQ_Information_Sheet_Phillips_0.pdf,70669,,,,2026-08-07,downloaded
Maine,Vertical,maine_vertical,,RFQ,,https://www.maine.gov/dafs/bgs/sites/maine.gov.dafs.bgs/files/inline-files/RFQ%20Legal%20Ad%20Sedgwick.pdf,RFQ%20Legal%20Ad%20Sedgwick.pdf,69433,,,,2026-08-07,downloaded
Maine,Vertical,maine_vertical,,RFQ,,https://www.maine.gov/dafs/bgs/sites/maine.gov.dafs.bgs/files/inline-files/RFQ%20Information%20Sheet%20Sedwick.pdf,RFQ%20Information%20Sheet%20Sedwick.pdf,148805,,,,2026-08-07,downloaded
Maine,Vertical,maine_vertical,,RFQ,,https://www.maine.gov/dafs/bgs/sites/maine.gov.dafs.bgs/files/inline-files/RFQ%20Legal%20Ad%20Deer%20Isle_0.pdf,RFQ%20Legal%20Ad%20Deer%20Isle_0.pdf,69911,,,,2026-08-07,downloaded
Maine,Vertical,maine_vertical,,RFQ,,https://www.maine.gov/dafs/bgs/sites/maine.gov.dafs.bgs/files/inline-files/RFQ%20Information%20Sheet%20Deer%20Isle.pdf,RFQ%20Information%20Sheet%20Deer%20Isle.pdf,147570,,,,2026-08-07,downloaded
Maine,Vertical,maine_vertical,,RFQ,,https://www.maine.gov/dafs/bgs/sites/maine.gov.dafs.bgs/files/inline-files/RFQ%20information%20Sheet%20Yarmouth%20Energy%20Con..pdf,RFQ%20information%20Sheet%20Yarmouth%20Energy%20Con..pdf,307413,,,,2026-08-07,downloaded
Maine,Vertical,maine_vertical,,RFQ,,https://www.maine.gov/dafs/bgs/sites/maine.gov.dafs.bgs/files/inline-files/RFQ%20Information%20Sheet%20Scao%20Commissioning%20rev.%201.7.2026.pdf,RFQ%20Information%20Sheet%20Scao%20Commissioning%20rev.%201.7.2026.pdf,66325,,,,2026-08-07,downloaded
Maine,Vertical,maine_vertical,,RFQ,,https://www.maine.gov/dafs/bgs/sites/maine.gov.dafs.bgs/files/inline-files/RFQ%20Information%20Sheet%20Saco%20Commissioning.pdf,RFQ%20Information%20Sheet%20Saco%20Commissioning.pdf,48277,,,,2026-08-07,downloaded
Maine,Vertical,maine_vertical,,RFQ,,https://www.maine.gov/dafs/bgs/sites/maine.gov.dafs.bgs/files/inline-files/RFQ%20Information%20Sheet%20RSU1.pdf,RFQ%20Information%20Sheet%20RSU1.pdf,66981,,,,2026-08-07,downloaded
Maine,Vertical,maine_vertical,,RFQ,,https://www.maine.gov/dafs/bgs/sites/maine.gov.dafs.bgs/files/inline-files/RFQ%20Information%20Sheet%20SACO%20OR.pdf,RFQ%20Information%20Sheet%20SACO%20OR.pdf,68081,,,,2026-08-07,downloaded
Maine,Vertical,maine_vertical,,RFQ,,https://www.maine.gov/dafs/bgs/sites/maine.gov.dafs.bgs/files/inline-files/RFQ%20Information%20Sheet%20CESD.pdf,RFQ%20Information%20Sheet%20CESD.pdf,153065,,,,2026-08-07,downloaded
Maine,Vertical,maine_vertical,,RFQ,,https://www.maine.gov/dafs/bgs/sites/maine.gov.dafs.bgs/files/inline-files/RFQ%20Information%20Sheet%20Yarmouth%20Turf.pdf,RFQ%20Information%20Sheet%20Yarmouth%20Turf.pdf,1545070,,,,2026-08-07,downloaded
Maine,Vertical,maine_vertical,,RFQ,,https://www.maine.gov/dafs/bgs/sites/maine.gov.dafs.bgs/files/inline-files/RFQ%20Info%20Sheet.pdf,RFQ%20Info%20Sheet.pdf,114527,unreadable,,,2026-08-07,unreadable format
Maine,Vertical,maine_vertical,,RFQ,,https://www.maine.gov/dafs/bgs/sites/maine.gov.dafs.bgs/files/inline-files/RFQ%20Information%20Sheet%20Bar%20Harbor.pdf,RFQ%20Information%20Sheet%20Bar%20Harbor.pdf,77516,,,,2026-08-07,downloaded
Maine,Vertical,maine_vertical,,RFQ,,https://www.maine.gov/dafs/bgs/sites/maine.gov.dafs.bgs/files/inline-files/RFQ%20Legal%20Advertisement%20WES.pdf,RFQ%20Legal%20Advertisement%20WES.pdf,29116,,,,2026-08-07,downloaded
Maine,Vertical,maine_vertical,,RFQ,,https://www.maine.gov/dafs/bgs/sites/maine.gov.dafs.bgs/files/inline-files/RFQ%20Information%20Sheet%20WES.pdf,RFQ%20Information%20Sheet%20WES.pdf,144271,,,,2026-08-07,downloaded
Maine,Vertical,maine_vertical,3861,3861,,https://www.maine.gov/dafs/bgs/sites/maine.gov.dafs.bgs/files/inline-files/3861_%20Legal_Ad_DVEM_0.pdf,3861_%20Legal_Ad_DVEM_0.pdf,69369,,,,2026-08-07,downloaded
Maine,Vertical,maine_vertical,3861,3861,,https://www.maine.gov/dafs/bgs/sites/maine.gov.dafs.bgs/files/inline-files/3861_RFQ_Information_Sheet_DVEM.pdf,3861_RFQ_Information_Sheet_DVEM.pdf,225416,,,,2026-08-07,downloaded
Maine,Vertical,maine_vertical,3861,3861,,https://www.maine.gov/dafs/bgs/sites/maine.gov.dafs.bgs/files/inline-files/3861_Technical_Appendix_DVEM%20.pdf,3861_Technical_Appendix_DVEM%20.pdf,207687,,,,2026-08-07,downloaded
Maine,Vertical,maine_vertical,3594,3594,,https://www.maine.gov/dafs/bgs/sites/maine.gov.dafs.bgs/files/inline-files/3594_Legal_Ad_DVEM.pdf,3594_Legal_Ad_DVEM.pdf,147965,,,,2026-08-07,downloaded
Maine,Vertical,maine_vertical,3954,3954,,https://www.maine.gov/dafs/bgs/sites/maine.gov.dafs.bgs/files/inline-files/3954_RFQ_Information_Sheet_DVEM.pdf,3954_RFQ_Information_Sheet_DVEM.pdf,238035,,,,2026-08-07,downloaded
Maine,Vertical,maine_vertical,3934,3934,,https://www.maine.gov/dafs/bgs/sites/maine.gov.dafs.bgs/files/inline-files/3934_RFQ_Legal_Ad_0.pdf,3934_RFQ_Legal_Ad_0.pdf,122613,,,,2026-08-07,downloaded
Maine,Vertical,maine_vertical,3934,3934,,https://www.maine.gov/dafs/bgs/sites/maine.gov.dafs.bgs/files/inline-files/3934%20RFQ_Information_Sheet_0.pdf,3934%20RFQ_Information_Sheet_0.pdf,260772,,,,2026-08-07,downloaded
Maine,Vertical,maine_vertical,3934,3934,,https://www.maine.gov/dafs/bgs/sites/maine.gov.dafs.bgs/files/inline-files/3934_RFQ_Legal_Ad_1.pdf,3934_RFQ_Legal_Ad_1.pdf,122613,,,,2026-08-07,downloaded
Maine,Vertical,maine_vertical,3934,3934,,https://www.maine.gov/dafs/bgs/sites/maine.gov.dafs.bgs/files/inline-files/3934%20RFQ_Information_Sheet_1.pdf,3934%20RFQ_Information_Sheet_1.pdf,260772,,,,2026-08-07,downloaded
Maine,Vertical,maine_vertical,3814,3814,,https://www.maine.gov/dafs/bgs/sites/maine.gov.dafs.bgs/files/inline-files/3814_Legal_Ad_DOC_0.pdf,3814_Legal_Ad_DOC_0.pdf,103917,,,,2026-08-07,downloaded
Maine,Vertical,maine_vertical,3814,3814,,https://www.maine.gov/dafs/bgs/sites/maine.gov.dafs.bgs/files/inline-files/3814_RFQ_Information_Sheet_DOC_0.pdf,3814_RFQ_Information_Sheet_DOC_0.pdf,215973,,,,2026-08-07,downloaded
Maine,Vertical,maine_vertical,3814,3814,,https://www.maine.gov/dafs/bgs/sites/maine.gov.dafs.bgs/files/inline-files/3814%20RFQ%20Legal%20Ad%20DOC.pdf,3814%20RFQ%20Legal%20Ad%20DOC.pdf,128422,,,,2026-08-07,downloaded
Maine,Vertical,maine_vertical,3814,3814,,https://www.maine.gov/dafs/bgs/sites/maine.gov.dafs.bgs/files/inline-files/3814%20RFQ%20Infor.%20Sheet%20DOC.pdf,3814%20RFQ%20Infor.%20Sheet%20DOC.pdf,254593,,,,2026-08-07,downloaded
Maine,Vertical,maine_vertical,3929,3929,,https://www.maine.gov/dafs/bgs/sites/maine.gov.dafs.bgs/files/inline-files/3929%20RFQ%20Legal%20Ad%20DVEM.pdf,3929%20RFQ%20Legal%20Ad%20DVEM.pdf,186720,,,,2026-08-07,downloaded
Maine,Vertical,maine_vertical,3929,3929,,https://www.maine.gov/dafs/bgs/sites/maine.gov.dafs.bgs/files/inline-files/3929%20RFQ%20Information%20Sheet%20DVEM.pdf,3929%20RFQ%20Information%20Sheet%20DVEM.pdf,265163,,,,2026-08-07,downloaded
Maine,Vertical,maine_vertical,3928,3928,,https://www.maine.gov/dafs/bgs/sites/maine.gov.dafs.bgs/files/inline-files/3928%20RFQ%20Legal%20Ad%20DACF_0.pdf,3928%20RFQ%20Legal%20Ad%20DACF_0.pdf,127285,,,,2026-08-07,downloaded
Maine,Vertical,maine_vertical,3928,3928,,https://www.maine.gov/dafs/bgs/sites/maine.gov.dafs.bgs/files/inline-files/3928%20RFQ%20Information%20Sheet%20DACF_0.pdf,3928%20RFQ%20Information%20Sheet%20DACF_0.pdf,222444,,,,2026-08-07,downloaded
Maine,Vertical,maine_vertical,3904,3904,,https://www.maine.gov/dafs/bgs/sites/maine.gov.dafs.bgs/files/inline-files/3904%20RFQ%20Legal%20Ad%20DVEM.pdf,3904%20RFQ%20Legal%20Ad%20DVEM.pdf,135420,,,,2026-08-07,downloaded
Maine,Vertical,maine_vertical,3904,3904,,https://www.maine.gov/dafs/bgs/sites/maine.gov.dafs.bgs/files/inline-files/3904%20RFQ%20Information%20Sheet%20DVEM.pdf,3904%20RFQ%20Information%20Sheet%20DVEM.pdf,255210,,,,2026-08-07,downloaded
Maine,Vertical,maine_vertical,3919,3919,,https://www.maine.gov/dafs/bgs/sites/maine.gov.dafs.bgs/files/inline-files/3919%20RFQ%20Legal%20Ad%20DVEM.pdf,3919%20RFQ%20Legal%20Ad%20DVEM.pdf,125712,,,,2026-08-07,downloaded
Maine,Vertical,maine_vertical,3919,3919,,https://www.maine.gov/dafs/bgs/sites/maine.gov.dafs.bgs/files/inline-files/3919%20RFQ%20Information%20Sheet%20DVEM.pdf,3919%20RFQ%20Information%20Sheet%20DVEM.pdf,256991,,,,2026-08-07,downloaded
Maine,Vertical,maine_vertical,3907,3907,,https://www.maine.gov/dafs/bgs/sites/maine.gov.dafs.bgs/files/inline-files/3907%20RFQ%20Legal%20Ad%20DVEM.pdf,3907%20RFQ%20Legal%20Ad%20DVEM.pdf,146789,,,,2026-08-07,downloaded
Maine,Vertical,maine_vertical,3907,3907,,https://www.maine.gov/dafs/bgs/sites/maine.gov.dafs.bgs/files/inline-files/3907%20RFQ%20Information%20Sheet%20DVEM_0.pdf,3907%20RFQ%20Information%20Sheet%20DVEM_0.pdf,257576,,,,2026-08-07,downloaded
Maine,Vertical,maine_vertical,3906,3906,,https://www.maine.gov/dafs/bgs/sites/maine.gov.dafs.bgs/files/inline-files/3906%20RFQ%20Legal%20Ad%20DVEM.pdf,3906%20RFQ%20Legal%20Ad%20DVEM.pdf,,,,,2026-08-07,dead link
Maine,Vertical,maine_vertical,3906,3906,,https://www.maine.gov/dafs/bgs/sites/maine.gov.dafs.bgs/files/inline-files/3906%20RFQ%20Information%20Sheet%20DVEM.pdf,3906%20RFQ%20Information%20Sheet%20DVEM.pdf,251575,,,,2026-08-07,downloaded
Maine,Vertical,maine_vertical,3869,3869,,https://www.maine.gov/dafs/bgs/sites/maine.gov.dafs.bgs/files/inline-files/3869%20Legal%20Ad%20SMCC.pdf,3869%20Legal%20Ad%20SMCC.pdf,109971,,,,2026-08-07,downloaded
Maine,Vertical,maine_vertical,3869,3869,,https://www.maine.gov/dafs/bgs/sites/maine.gov.dafs.bgs/files/inline-files/3869%20RFQ%20Information%20Sheet%20SMCC.pdf,3869%20RFQ%20Information%20Sheet%20SMCC.pdf,210419,,,,2026-08-07,downloaded
Maine,Vertical,maine_vertical,3833,3833,,https://www.maine.gov/dafs/bgs/sites/maine.gov.dafs.bgs/files/inline-files/3833%20Legal%20Ad%20DMR.pdf,3833%20Legal%20Ad%20DMR.pdf,75624,,,,2026-08-07,downloaded
Maine,Vertical,maine_vertical,3833,3833,,https://www.maine.gov/dafs/bgs/sites/maine.gov.dafs.bgs/files/inline-files/3833%20RFQ%20Information%20Sheet%20DMR.pdf,3833%20RFQ%20Information%20Sheet%20DMR.pdf,240355,,,,2026-08-07,downloaded
Maine,Vertical,maine_vertical,3873,3873,,https://www.maine.gov/dafs/bgs/sites/maine.gov.dafs.bgs/files/inline-files/3873%20RFQ%20Legal%20Ad.pdf,3873%20RFQ%20Legal%20Ad.pdf,150655,,,,2026-08-07,downloaded
Maine,Vertical,maine_vertical,3873,3873,,https://www.maine.gov/dafs/bgs/sites/maine.gov.dafs.bgs/files/inline-files/3873%20RFQ%20Information%20Sheet.pdf,3873%20RFQ%20Information%20Sheet.pdf,245310,,,,2026-08-07,downloaded
Maine,Vertical,maine_vertical,,YHS,,https://www.maine.gov/dafs/bgs/sites/maine.gov.dafs.bgs/files/inline-files/YHS%20Turf%20Field%20Replacement%202013%20Pg.%201-10.pdf,YHS%20Turf%20Field%20Replacement%202013%20Pg.%201-10.pdf,57797865,unreadable,,,2026-08-07,unreadable format
Maine,Vertical,maine_vertical,,YHS,,https://www.maine.gov/dafs/bgs/sites/maine.gov.dafs.bgs/files/inline-files/YHS%20Turf%20Field%20Replacement%202013%20Pg.%2010-18.pdf,YHS%20Turf%20Field%20Replacement%202013%20Pg.%2010-18.pdf,49036711,unreadable,,,2026-08-07,unreadable format
Maine,Vertical,maine_vertical,,YHS,,https://www.maine.gov/dafs/bgs/sites/maine.gov.dafs.bgs/files/inline-files/YHS%20Turf%20Field%20Replacement%202013%20Pg.%2019.pdf,YHS%20Turf%20Field%20Replacement%202013%20Pg.%2019.pdf,6723223,unreadable,,,2026-08-07,unreadable format
Maine,Vertical,maine_vertical,,YHS,,https://www.maine.gov/dafs/bgs/sites/maine.gov.dafs.bgs/files/inline-files/YHS%20Turf%20Field%20Plans%201999-2000%20Pgs.%201-9.pdf,YHS%20Turf%20Field%20Plans%201999-2000%20Pgs.%201-9.pdf,49797777,unreadable,,,2026-08-07,unreadable format
Maine,Vertical,maine_vertical,,YHS,,https://www.maine.gov/dafs/bgs/sites/maine.gov.dafs.bgs/files/inline-files/YHS%20Turf%20Field%20Plans%201999-2000%20Pgs.%2010-18.pdf,YHS%20Turf%20Field%20Plans%201999-2000%20Pgs.%2010-18.pdf,47939907,unreadable,,,2026-08-07,unreadable format
Maine,Vertical,maine_vertical,,YHS,,https://www.maine.gov/dafs/bgs/sites/maine.gov.dafs.bgs/files/inline-files/YHS%20Turf%20Field%20Plans%201999-2000%20Pgs.%2019-26.pdf,YHS%20Turf%20Field%20Plans%201999-2000%20Pgs.%2019-26.pdf,42869996,unreadable,,,2026-08-07,unreadable format
Maine,Vertical,maine_vertical,,YHS,,https://www.maine.gov/dafs/bgs/sites/maine.gov.dafs.bgs/files/inline-files/YHS%20Turf%20Field%20Plans%201992%20Pg.%201-3.pdf,YHS%20Turf%20Field%20Plans%201992%20Pg.%201-3.pdf,36931952,unreadable,,,2026-08-07,unreadable format
Maine,Vertical,maine_vertical,,YHS,,https://www.maine.gov/dafs/bgs/sites/maine.gov.dafs.bgs/files/inline-files/YHS%20Turf%20Field%20Plans%201992%20Pg.%204-5.pdf,YHS%20Turf%20Field%20Plans%201992%20Pg.%204-5.pdf,25855558,unreadable,,,2026-08-07,unreadable format
Maine,Vertical,maine_vertical,3853,3853,,https://www.maine.gov/dafs/bgs/sites/maine.gov.dafs.bgs/files/inline-files/3853%20Legal%20Ad%20DACF.pdf,3853%20Legal%20Ad%20DACF.pdf,28616,,,,2026-08-07,downloaded
Maine,Vertical,maine_vertical,3853,3853,,https://www.maine.gov/dafs/bgs/sites/maine.gov.dafs.bgs/files/inline-files/3853%20RFQ%20Information%20Sheet%20DACF.pdf,3853%20RFQ%20Information%20Sheet%20DACF.pdf,177314,,,,2026-08-07,downloaded
Maine,Vertical,maine_vertical,3681,3681,,https://www.maine.gov/dafs/bgs/sites/maine.gov.dafs.bgs/files/inline-files/3681%20RFQ%20Legal%20Ad.pdf,3681%20RFQ%20Legal%20Ad.pdf,10881,,,,2026-08-07,downloaded
Maine,Vertical,maine_vertical,3681,3681,,https://www.maine.gov/dafs/bgs/sites/maine.gov.dafs.bgs/files/inline-files/3681%20RFQ%20Information.pdf,3681%20RFQ%20Information.pdf,124442,,,,2026-08-07,downloaded
