state,type,portal,project_id,project_name,bid_due_date,document_url,file_name,file_size,spec_format,divisions,gcs_path,retrieved_date,status
Alaska,Vertical,alaska_vertical,,Snowden Administration Building Facade                                                         &nbs...,,https://aws.state.ak.us/OnlinePublicNotices/Notices/Attachment.aspx?id=163202,Attachment.aspx?id=163202,1094921,CSI,02;03;07;08;09,gs://specindex-ai-raw-documents/specs/ALASKA/unknown/specbook_Attachment.aspx-id-163202.pdf,2026-08-07,downloaded
Alaska,Vertical,alaska_vertical,,Snowden Administration Building Facade                                                         &nbs...,,https://aws.state.ak.us/OnlinePublicNotices/Notices/Attachment.aspx?id=163229,Attachment.aspx?id=163229,149050,,,,2026-08-07,downloaded
Alaska,Vertical,alaska_vertical,,Snowden Administration Building Facade                                                         &nbs...,,https://aws.state.ak.us/OnlinePublicNotices/Notices/Attachment.aspx?id=163298,Attachment.aspx?id=163298,142719,,,,2026-08-07,downloaded
Alaska,Vertical,alaska_vertical,,Snowden Administration Building Facade                                                         &nbs...,,https://aws.state.ak.us/OnlinePublicNotices/Notices/Attachment.aspx?id=163201,Attachment.aspx?id=163201,13026251,,,,2026-08-07,downloaded
Alaska,Vertical,alaska_vertical,,Snowden Administration Building Facade                                                         &nbs...,,https://aws.state.ak.us/OnlinePublicNotices/Notices/Attachment.aspx?id=163203,Attachment.aspx?id=163203,279421,,,,2026-08-07,downloaded
Alaska,Vertical,alaska_vertical,,Snowden Administration Building Facade                                                         &nbs...,,https://aws.state.ak.us/OnlinePublicNotices/Notices/Attachment.aspx?id=163204,Attachment.aspx?id=163204,1058596,CSI,00;01,gs://specindex-ai-raw-documents/specs/ALASKA/unknown/specbook_Attachment.aspx-id-163204.pdf,2026-08-07,downloaded
Alaska,Vertical,alaska_vertical,,Snowden Administration Building Facade                                                         &nbs...,,https://aws.state.ak.us/OnlinePublicNotices/Notices/Attachment.aspx?id=163299,Attachment.aspx?id=163299,131883,,,,2026-08-07,downloaded
Alaska,Vertical,alaska_vertical,,Fivemile Hydroelectric - Phase 1 Construction The Work under this Contract consists of the construction of a pioneer roa,,https://aws.state.ak.us/OnlinePublicNotices/Notices/Attachment.aspx?id=163254,Attachment.aspx?id=163254,8924067,CSI,00;01;02;31;40,gs://specindex-ai-raw-documents/specs/ALASKA/unknown/specbook_Attachment.aspx-id-163254.pdf,2026-08-07,downloaded
Alaska,Vertical,alaska_vertical,,Fivemile Hydroelectric - Phase 1 Construction The Work under this Contract consists of the construction of a pioneer roa,,https://aws.state.ak.us/OnlinePublicNotices/Notices/Attachment.aspx?id=163300,Attachment.aspx?id=163300,106299,,,,2026-08-07,downloaded
Alaska,Vertical,alaska_vertical,ADA-09745,"ADA-09745 Sealed Bid Offering - Proposal to Lease State Airport Land at Kodiak Airport In accordance with 17 AAC 45.300,",,https://aws.state.ak.us/OnlinePublicNotices/Notices/Attachment.aspx?id=163324,Attachment.aspx?id=163324,864554,unreadable,,,2026-08-07,unreadable format
Alaska,Vertical,alaska_vertical,,Regulatory Commission of Alaska: Notice of Utility Tariff Filing (ENSTAR) Notice of Utility Tariff FilingThe REGULATORY ,,https://aws.state.ak.us/OnlinePublicNotices/Notices/Attachment.aspx?id=163287,Attachment.aspx?id=163287,125212,,,,2026-08-07,downloaded
Alaska,Vertical,alaska_vertical,,Palmer Courthouse Janitorial ITB The Alaska Court System is seeking bids for a new janitorial contract for the Palmer Co,,https://aws.state.ak.us/OnlinePublicNotices/Notices/Attachment.aspx?id=163259,Attachment.aspx?id=163259,651922,,,,2026-08-07,downloaded
Alaska,Vertical,alaska_vertical,,"ITB 2527H058 Beaver Rural Airport Maintenance The Department of Transportation and Public Facilities, Division of Progra",,https://aws.state.ak.us/OnlinePublicNotices/Notices/Attachment.aspx?id=163258,Attachment.aspx?id=163258,1449546,,,,2026-08-07,downloaded
Alaska,Vertical,alaska_vertical,,RFP 2027-1200-0020 Applicant Medical Examinations Point of Contact:ITB documents and all questions should be directed to,,https://aws.state.ak.us/OnlinePublicNotices/Notices/Attachment.aspx?id=163251,Attachment.aspx?id=163251,4368542,,,,2026-08-07,downloaded
Alaska,Vertical,alaska_vertical,,ITB TITLE: 2527H032 Chenega Bay Rural Airport Maintenance 2527H032 ITB TITLE: 2527H032 Chenega Bay Rural Airport Mainten,,https://aws.state.ak.us/OnlinePublicNotices/Notices/Attachment.aspx?id=163212,Attachment.aspx?id=163212,2281985,,,,2026-08-07,downloaded
Alaska,Vertical,alaska_vertical,,Request for Public Comment - City of Fairbanks Systemic Signal Uprades Stage 2 Request for Public CommentCity of Fairban,,https://aws.state.ak.us/OnlinePublicNotices/Notices/Attachment.aspx?id=163186,Attachment.aspx?id=163186,1041191,unreadable,,,2026-08-07,unreadable format
Alaska,Vertical,alaska_vertical,,"ITB 2527H027 AMHS Lands&#39; End Uniforms The Department of Transportation and Public Facilities (DOT&amp;PF), through i",,https://aws.state.ak.us/OnlinePublicNotices/Notices/Attachment.aspx?id=163195,Attachment.aspx?id=163195,914768,,,,2026-08-07,downloaded
Arkansas,DOT,arkansas_dot,030531,030531,,https://media.ark.org/ardot/030531_2-proposal.pdf,030531_2-proposal.pdf,9659794,DOT SS/SP,,gs://specindex-ai-raw-documents/specs/ARKANSAS/030531/proposal_030531_2-proposal.pdf,2026-08-07,downloaded
Arkansas,DOT,arkansas_dot,030531,030531,,https://media.ark.org/ardot/030531_notice.pdf,030531_notice.pdf,65900,,,,2026-08-07,downloaded
Arkansas,DOT,arkansas_dot,030531,030531,,https://media.ark.org/ardot/030531_qa-2.pdf,030531_qa-2.pdf,56355,,,,2026-08-07,downloaded
Arkansas,DOT,arkansas_dot,030531,030531,,https://media.ark.org/ardot/030531_2-plans.pdf,030531_2-plans.pdf,29843403,,,,2026-08-07,downloaded
Arkansas,DOT,arkansas_dot,A30046,A30046,,https://media.ark.org/ardot/A30046_proposal.pdf,A30046_proposal.pdf,4941261,DOT SS/SP,,gs://specindex-ai-raw-documents/specs/ARKANSAS/A30046/proposal_A30046_proposal.pdf,2026-08-07,downloaded
Arkansas,DOT,arkansas_dot,A30046,A30046,,https://media.ark.org/ardot/A30046_notice.pdf,A30046_notice.pdf,58045,,,,2026-08-07,downloaded
Arkansas,DOT,arkansas_dot,A30046,A30046,,https://media.ark.org/ardot/A30046_qa-1.pdf,A30046_qa-1.pdf,99508,,,,2026-08-07,downloaded
Arkansas,DOT,arkansas_dot,A30046,A30046,,https://media.ark.org/ardot/A30046_plans.pdf,A30046_plans.pdf,6878777,,,,2026-08-07,downloaded
Arkansas,DOT,arkansas_dot,090702,090702,,https://media.ark.org/ardot/090702_proposal.pdf,090702_proposal.pdf,9638956,DOT SS/SP,,gs://specindex-ai-raw-documents/specs/ARKANSAS/090702/proposal_090702_proposal.pdf,2026-08-07,downloaded
Arkansas,DOT,arkansas_dot,090702,090702,,https://media.ark.org/ardot/090702_notice.pdf,090702_notice.pdf,61980,,,,2026-08-07,downloaded
Arkansas,DOT,arkansas_dot,090702,090702,,https://media.ark.org/ardot/090702_qa.pdf,090702_qa.pdf,23339,,,,2026-08-07,downloaded
Arkansas,DOT,arkansas_dot,090702,090702,,https://media.ark.org/ardot/090702_plans.pdf,090702_plans.pdf,9015433,DOT SS/SP,,gs://specindex-ai-raw-documents/specs/ARKANSAS/090702/proposal_090702_plans.pdf,2026-08-07,downloaded
Arkansas,DOT,arkansas_dot,012535,012535,,https://media.ark.org/ardot/012535_1-proposal.pdf,012535_1-proposal.pdf,7320434,DOT SS/SP,,gs://specindex-ai-raw-documents/specs/ARKANSAS/012535/proposal_012535_1-proposal.pdf,2026-08-07,downloaded
Arkansas,DOT,arkansas_dot,012535,012535,,https://media.ark.org/ardot/012535_notice.pdf,012535_notice.pdf,61597,,,,2026-08-07,downloaded
Arkansas,DOT,arkansas_dot,012535,012535,,https://media.ark.org/ardot/012535_qa.pdf,012535_qa.pdf,22785,,,,2026-08-07,downloaded
Arkansas,DOT,arkansas_dot,012535,012535,,https://media.ark.org/ardot/012535_1-plans.pdf,012535_1-plans.pdf,183957428,,,,2026-08-07,downloaded
Arkansas,DOT,arkansas_dot,SA5143,SA5143,,https://media.ark.org/ardot/SA5143_proposal.pdf,SA5143_proposal.pdf,11956803,DOT SS/SP,,gs://specindex-ai-raw-documents/specs/ARKANSAS/SA5143/proposal_SA5143_proposal.pdf,2026-08-07,downloaded
Arkansas,DOT,arkansas_dot,SA5143,SA5143,,https://media.ark.org/ardot/SA5143_notice.pdf,SA5143_notice.pdf,57385,,,,2026-08-07,downloaded
Arkansas,DOT,arkansas_dot,SA5143,SA5143,,https://media.ark.org/ardot/SA5143_qa.pdf,SA5143_qa.pdf,23310,,,,2026-08-07,downloaded
Arkansas,DOT,arkansas_dot,SA5865,SA5865,,https://media.ark.org/ardot/SA5865_proposal.pdf,SA5865_proposal.pdf,11939565,DOT SS/SP,,gs://specindex-ai-raw-documents/specs/ARKANSAS/SA5865/proposal_SA5865_proposal.pdf,2026-08-07,downloaded
Arkansas,DOT,arkansas_dot,SA5865,SA5865,,https://media.ark.org/ardot/SA5865_notice.pdf,SA5865_notice.pdf,57438,,,,2026-08-07,downloaded
Arkansas,DOT,arkansas_dot,SA5865,SA5865,,https://media.ark.org/ardot/SA5865_qa.pdf,SA5865_qa.pdf,22506,,,,2026-08-07,downloaded
Arkansas,DOT,arkansas_dot,110812,110812,,https://media.ark.org/ardot/110812_proposal.pdf,110812_proposal.pdf,10872587,DOT SS/SP,,gs://specindex-ai-raw-documents/specs/ARKANSAS/110812/proposal_110812_proposal.pdf,2026-08-07,downloaded
Arkansas,DOT,arkansas_dot,110812,110812,,https://media.ark.org/ardot/110812-Constructability-Review.pdf,110812-Constructability-Review.pdf,653899,,,,2026-08-07,downloaded
Arkansas,DOT,arkansas_dot,110812,110812,,https://media.ark.org/ardot/110812_notice.pdf,110812_notice.pdf,112168,,,,2026-08-07,downloaded
Arkansas,DOT,arkansas_dot,110812,110812,,https://media.ark.org/ardot/110812_qa.pdf,110812_qa.pdf,23273,,,,2026-08-07,downloaded
Arkansas,DOT,arkansas_dot,110812,110812,,https://media.ark.org/ardot/110812_plans.pdf,110812_plans.pdf,84805057,DOT SS/SP,,gs://specindex-ai-raw-documents/specs/ARKANSAS/110812/proposal_110812_plans.pdf,2026-08-07,downloaded
multi,DOT,bidexpress,T041501C,System Enhancement (Engineering),,https://s3-us-west-2.amazonaws.com/azdotproductiondefault-adotcloud-prod-s3-files/document/02e2f208faef45d68f8117749a6278ba.pdf,02e2f208faef45d68f8117749a6278ba.pdf,11466088,DOT SS/SP,,gs://specindex-ai-raw-documents/specs/MULTI/T041501C/proposal_02e2f208faef45d68f8117749a6278ba.pdf,2026-08-07,downloaded
multi,DOT,bidexpress,F028801C,ROUNDABOUT,,https://s3-us-west-2.amazonaws.com/azdotproductiondefault-adotcloud-prod-s3-files/document/fd3b1f2acfff48b5a259bef7923de476.pdf,fd3b1f2acfff48b5a259bef7923de476.pdf,3074596,DOT SS/SP,,gs://specindex-ai-raw-documents/specs/MULTI/F028801C/proposal_fd3b1f2acfff48b5a259bef7923de476.pdf,2026-08-07,downloaded
multi,DOT,bidexpress,T040901C,System Enhancement (Safety Improvements),,https://s3-us-west-2.amazonaws.com/azdotproductiondefault-adotcloud-prod-s3-files/document/43c7b0ff2fba4547a224501a3edb338f.pdf,43c7b0ff2fba4547a224501a3edb338f.pdf,1918925,DOT SS/SP,,gs://specindex-ai-raw-documents/specs/MULTI/T040901C/proposal_43c7b0ff2fba4547a224501a3edb338f.pdf,2026-08-07,downloaded
multi,DOT,bidexpress,T043901C,INSTALL RUMBLE STRIPS &amp; WIDEN SHOULDERS,,https://s3-us-west-2.amazonaws.com/azdotproductiondefault-adotcloud-prod-s3-files/document/0e764be25d5f4dd5a0c290f01867fbe0.pdf,0e764be25d5f4dd5a0c290f01867fbe0.pdf,6801707,,,,2026-08-07,downloaded
multi,DOT,bidexpress,F070301C,System Enhancement (Safety Improvements),,https://s3-us-west-2.amazonaws.com/azdotproductiondefault-adotcloud-prod-s3-files/document/6f967d79e04549cdabd13ba0aed297f7.pdf,6f967d79e04549cdabd13ba0aed297f7.pdf,2493454,DOT SS/SP,,gs://specindex-ai-raw-documents/specs/MULTI/F070301C/proposal_6f967d79e04549cdabd13ba0aed297f7.pdf,2026-08-07,downloaded
multi,DOT,bidexpress,T042301C,ROADWAY IMPROVEMENTS,,https://s3-us-west-2.amazonaws.com/azdotproductiondefault-adotcloud-prod-s3-files/document/19e73476319a4f3192ea090f560b83e7.pdf,19e73476319a4f3192ea090f560b83e7.pdf,1979532,DOT SS/SP,,gs://specindex-ai-raw-documents/specs/MULTI/T042301C/proposal_19e73476319a4f3192ea090f560b83e7.pdf,2026-08-07,downloaded
multi,DOT,bidexpress,F079301C,Fence Replacement,,https://s3-us-west-2.amazonaws.com/azdotproductiondefault-adotcloud-prod-s3-files/document/10a093fddf3d40098126e183bf34d432.pdf,10a093fddf3d40098126e183bf34d432.pdf,1417184,DOT SS/SP,,gs://specindex-ai-raw-documents/specs/MULTI/F079301C/proposal_10a093fddf3d40098126e183bf34d432.pdf,2026-08-07,downloaded
multi,DOT,bidexpress,T071901C,CONSTRUCT MULTI USE PATH,,https://s3-us-west-2.amazonaws.com/azdotproductiondefault-adotcloud-prod-s3-files/document/8a363fb892084ea5a0fdb26930201846.pdf,8a363fb892084ea5a0fdb26930201846.pdf,2541347,DOT SS/SP,,gs://specindex-ai-raw-documents/specs/MULTI/T071901C/proposal_8a363fb892084ea5a0fdb26930201846.pdf,2026-08-07,downloaded
multi,DOT,bidexpress,F071901C,Capacity Additions (Major Widening),,https://s3-us-west-2.amazonaws.com/azdotproductiondefault-adotcloud-prod-s3-files/document/6de057db25f54c78b27cde5f66b6bc35.pdf,6de057db25f54c78b27cde5f66b6bc35.pdf,38476562,DOT SS/SP,,gs://specindex-ai-raw-documents/specs/MULTI/F071901C/proposal_6de057db25f54c78b27cde5f66b6bc35.pdf,2026-08-07,downloaded
multi,DOT,bidexpress,F073801C,New Facilities (Construction of New Roads),,https://s3-us-west-2.amazonaws.com/azdotproductiondefault-adotcloud-prod-s3-files/document/5d60e6434e214538bfea96a84adeff54.pdf,5d60e6434e214538bfea96a84adeff54.pdf,3542406,,,,2026-08-07,downloaded
multi,DOT,bidexpress,F073601C,System Enhancement (Traffic Mgmt and Engineering),,https://s3-us-west-2.amazonaws.com/azdotproductiondefault-adotcloud-prod-s3-files/document/32583403a5ad4c6e841a173a6467e5e4.pdf,32583403a5ad4c6e841a173a6467e5e4.pdf,2189088,DOT SS/SP,,gs://specindex-ai-raw-documents/specs/MULTI/F073601C/proposal_32583403a5ad4c6e841a173a6467e5e4.pdf,2026-08-07,downloaded
multi,DOT,bidexpress,T053701C,System Enhancement (Engineering),,https://s3-us-west-2.amazonaws.com/azdotproductiondefault-adotcloud-prod-s3-files/document/03fc02a7e58344abb2803a8c4763bbea.pdf,03fc02a7e58344abb2803a8c4763bbea.pdf,2716339,DOT SS/SP,,gs://specindex-ai-raw-documents/specs/MULTI/T053701C/proposal_03fc02a7e58344abb2803a8c4763bbea.pdf,2026-08-07,downloaded
multi,DOT,bidexpress,F076501C,CCTV INSTALLATION,,https://s3-us-west-2.amazonaws.com/azdotproductiondefault-adotcloud-prod-s3-files/document/6bc5dba06df64d8b9d0e4edfe151c99e.pdf,6bc5dba06df64d8b9d0e4edfe151c99e.pdf,8494610,DOT SS/SP,,gs://specindex-ai-raw-documents/specs/MULTI/F076501C/proposal_6bc5dba06df64d8b9d0e4edfe151c99e.pdf,2026-08-07,downloaded
multi,DOT,bidexpress,F089401C,Approach Repairs,,https://s3-us-west-2.amazonaws.com/azdotproductiondefault-adotcloud-prod-s3-files/document/10c9ffaef19143f191237ac2f16e9db2.pdf,10c9ffaef19143f191237ac2f16e9db2.pdf,2082375,DOT SS/SP,,gs://specindex-ai-raw-documents/specs/MULTI/F089401C/proposal_10c9ffaef19143f191237ac2f16e9db2.pdf,2026-08-07,downloaded
Delaware,Vertical,delaware_vertical,OMB-MC3804000169,James T. Vaughn Correctional Center New K-9 Facility,,https://bidcondocs.delaware.gov/OMB/OMB-MC3804000169-specs.pdf,OMB-MC3804000169-specs.pdf,10527410,CSI,00;01;02;03;04;05;06;07;08;09;10;11;12;13;14;21;22;23;25;26;27;28;31;32;33,gs://specindex-ai-raw-documents/specs/DELAWARE/OMB-MC3804000169/specbook_OMB-MC3804000169-specs.pdf,2026-08-07,downloaded
Delaware,Vertical,delaware_vertical,OMB-MC3804000169,James T. Vaughn Correctional Center New K-9 Facility,,https://bidcondocs.delaware.gov/OMB/OMB-MC3804000169-rfp.pdf,OMB-MC3804000169-rfp.pdf,123856,,,,2026-08-07,downloaded
Delaware,Vertical,delaware_vertical,OMB-MC3804000169,James T. Vaughn Correctional Center New K-9 Facility,,https://bidcondocs.delaware.gov/OMB/OMB-MC3804000169-wages.pdf,OMB-MC3804000169-wages.pdf,278910,,,,2026-08-07,downloaded
Delaware,Vertical,delaware_vertical,OMB-MC1002001111A,DSP Headquarters Boiler Replacement,,https://bidcondocs.delaware.gov/OMB/OMB-MC1002001111A-specs.pdf,OMB-MC1002001111A-specs.pdf,12196914,CSI,00;01;03;22;23;26,gs://specindex-ai-raw-documents/specs/DELAWARE/OMB-MC1002001111A/specbook_OMB-MC1002001111A-specs.pdf,2026-08-07,downloaded
Delaware,Vertical,delaware_vertical,OMB-MC1002001111A,DSP Headquarters Boiler Replacement,,https://bidcondocs.delaware.gov/OMB/OMB-MC1002001111A-rfp.pdf,OMB-MC1002001111A-rfp.pdf,92408,,,,2026-08-07,downloaded
Delaware,Vertical,delaware_vertical,OMB-MC1002001111A,DSP Headquarters Boiler Replacement,,https://bidcondocs.delaware.gov/OMB/OMB-MC1002001111A-wages.pdf,OMB-MC1002001111A-wages.pdf,1020662,,,,2026-08-07,downloaded
Delaware,Vertical,delaware_vertical,OMB-MJ0213000001A,JP Court 4 Lobby Expansion,,https://bidcondocs.delaware.gov/OMB/OMB-MJ0213000001A-specs.pdf,OMB-MJ0213000001A-specs.pdf,5205547,CSI,00;01;02;03;04;05;06;07;08;09;10;11;12;22;23;26;27;28;31;32,gs://specindex-ai-raw-documents/specs/DELAWARE/OMB-MJ0213000001A/specbook_OMB-MJ0213000001A-specs.pdf,2026-08-07,downloaded
Delaware,Vertical,delaware_vertical,OMB-MJ0213000001A,JP Court 4 Lobby Expansion,,https://bidcondocs.delaware.gov/OMB/OMB-MJ0213000001A-rfp.pdf,OMB-MJ0213000001A-rfp.pdf,116013,,,,2026-08-07,downloaded
Delaware,Vertical,delaware_vertical,OMB-MJ0213000001A,JP Court 4 Lobby Expansion,,https://bidcondocs.delaware.gov/OMB/OMB-MJ0213000001A-wages.pdf,OMB-MJ0213000001A-wages.pdf,1360133,,,,2026-08-07,downloaded
Delaware,Vertical,delaware_vertical,OMB-MC2006000214,Reith Hall Stained Glass Window Restoration,,https://bidcondocs.delaware.gov/OMB/OMB-MC2006000214-specs..pdf,OMB-MC2006000214-specs..pdf,11251406,CSI,00;01;02;06;07;08;09,gs://specindex-ai-raw-documents/specs/DELAWARE/OMB-MC2006000214/specbook_OMB-MC2006000214-specs..pdf,2026-08-07,downloaded
Delaware,Vertical,delaware_vertical,OMB-MC2006000214,Reith Hall Stained Glass Window Restoration,,https://bidcondocs.delaware.gov/OMB/OMB-MC2006000214-rfp.pdf,OMB-MC2006000214-rfp.pdf,141542,,,,2026-08-07,downloaded
Delaware,Vertical,delaware_vertical,OMB-MC2006000214,Reith Hall Stained Glass Window Restoration,,https://bidcondocs.delaware.gov/OMB/OMB-MC2006000214-dwgs..pdf,OMB-MC2006000214-dwgs..pdf,190505,,,,2026-08-07,downloaded
Delaware,Vertical,delaware_vertical,OMB-MC2006000214,Reith Hall Stained Glass Window Restoration,,https://bidcondocs.delaware.gov/OMB/OMB-MC2006000214-wages.pdf,OMB-MC2006000214-wages.pdf,218703,,,,2026-08-07,downloaded
Delaware,Vertical,delaware_vertical,OMB-MC5508000005,Transportation Management Center Cooling Tower Replacement,,https://bidcondocs.delaware.gov/OMB/OMB-MC5508000005-SPECS.pdf,OMB-MC5508000005-SPECS.pdf,7126645,CSI,00;01;02;23;26,gs://specindex-ai-raw-documents/specs/DELAWARE/OMB-MC5508000005/specbook_OMB-MC5508000005-SPECS.pdf,2026-08-07,downloaded
Delaware,Vertical,delaware_vertical,OMB-MC5508000005,Transportation Management Center Cooling Tower Replacement,,https://bidcondocs.delaware.gov/OMB/OMB-MC5508000005-AD1.pdf,OMB-MC5508000005-AD1.pdf,740489,CSI,00,gs://specindex-ai-raw-documents/specs/DELAWARE/OMB-MC5508000005/specbook_OMB-MC5508000005-AD1.pdf,2026-08-07,downloaded
Delaware,Vertical,delaware_vertical,OMB-MC5508000005,Transportation Management Center Cooling Tower Replacement,,https://bidcondocs.delaware.gov/OMB/OMB-MC5508000005-RFP.pdf,OMB-MC5508000005-RFP.pdf,103902,,,,2026-08-07,downloaded
Delaware,Vertical,delaware_vertical,OMB-MC5508000005,Transportation Management Center Cooling Tower Replacement,,https://bidcondocs.delaware.gov/OMB/OMB-MC5508000005-dwgs..pdf,OMB-MC5508000005-dwgs..pdf,190510,,,,2026-08-07,downloaded
Delaware,Vertical,delaware_vertical,OMB-MC5508000005,Transportation Management Center Cooling Tower Replacement,,https://bidcondocs.delaware.gov/OMB/OMB-MC5508000005-WAGES.pdf,OMB-MC5508000005-WAGES.pdf,54713,unreadable,,,2026-08-07,unreadable format
Delaware,Vertical,delaware_vertical,OMB-MJ1002000087A,Leonard L Williams Justice Center Escalator Replacement,,https://bidcondocs.delaware.gov/OMB/OMB-MJ1002000087A-SPECS.pdf,OMB-MJ1002000087A-SPECS.pdf,8185311,CSI,00;01;03;06;07;09;14;21;26,gs://specindex-ai-raw-documents/specs/DELAWARE/OMB-MJ1002000087A/specbook_OMB-MJ1002000087A-SPECS.pdf,2026-08-07,downloaded
Delaware,Vertical,delaware_vertical,OMB-MJ1002000087A,Leonard L Williams Justice Center Escalator Replacement,,https://bidcondocs.delaware.gov/OMB/OMB-MJ1002000087A-ad1.pdf,OMB-MJ1002000087A-ad1.pdf,668714,,,,2026-08-07,downloaded
Delaware,Vertical,delaware_vertical,OMB-MJ1002000087A,Leonard L Williams Justice Center Escalator Replacement,,https://bidcondocs.delaware.gov/OMB/OMB-MJ1002000087A-RFP.pdf,OMB-MJ1002000087A-RFP.pdf,91519,,,,2026-08-07,downloaded
Delaware,Vertical,delaware_vertical,OMB-MJ1002000087A,Leonard L Williams Justice Center Escalator Replacement,,https://bidcondocs.delaware.gov/OMB/OMB-MJ1002000087A-dwg.pdf,OMB-MJ1002000087A-dwg.pdf,190529,,,,2026-08-07,downloaded
Delaware,Vertical,delaware_vertical,OMB-MJ1002000087A,Leonard L Williams Justice Center Escalator Replacement,,https://bidcondocs.delaware.gov/OMB/OMB-MJ1002000087A-wages.pdf,OMB-MJ1002000087A-wages.pdf,1033838,,,,2026-08-07,downloaded
Delaware,Vertical,delaware_vertical,OMB-MJ3804000111,Baylor Women's Correctional Institution Infirmary Expansion,,https://bidcondocs.delaware.gov/OMB/OMB-MJ3804000111-specs.pdf,OMB-MJ3804000111-specs.pdf,34226844,CSI,00;01;02;03;04;05;06;07;08;09;10;11;12;21;22;23;26;27;28;31;32;33,gs://specindex-ai-raw-documents/specs/DELAWARE/OMB-MJ3804000111/specbook_OMB-MJ3804000111-specs.pdf,2026-08-07,downloaded
Delaware,Vertical,delaware_vertical,OMB-MJ3804000111,Baylor Women's Correctional Institution Infirmary Expansion,,https://bidcondocs.delaware.gov/OMB/OMB-MJ3804000111-Addendum No. 1.pdf,OMB-MJ3804000111-Addendum No. 1.pdf,,,,,2026-08-07,dead link
Delaware,Vertical,delaware_vertical,OMB-MJ3804000111,Baylor Women's Correctional Institution Infirmary Expansion,,https://bidcondocs.delaware.gov/OMB/OMB-MJ3804000111-rfp.pdf,OMB-MJ3804000111-rfp.pdf,693138,,,,2026-08-07,downloaded
Delaware,Vertical,delaware_vertical,OMB-MJ3804000111,Baylor Women's Correctional Institution Infirmary Expansion,,https://bidcondocs.delaware.gov/OMB/OMB-MJ3804000111-dwgs...pdf,OMB-MJ3804000111-dwgs...pdf,29641,unreadable,,,2026-08-07,unreadable format
Delaware,Vertical,delaware_vertical,OMB-MJ3804000111,Baylor Women's Correctional Institution Infirmary Expansion,,https://bidcondocs.delaware.gov/OMB/OMB-MJ3804000111-wages.pdf,OMB-MJ3804000111-wages.pdf,121430,unreadable,,,2026-08-07,unreadable format
Delaware,Vertical,delaware_vertical,OMB-MJ4506000006,Hi-Grade Evidence Storage Building,,https://bidcondocs.delaware.gov/OMB/OMB-MJ4506000006-SPECS.pdf,OMB-MJ4506000006-SPECS.pdf,29152399,CSI,00;01;02;03;04;05;06;07;08;09;10;21;22;23;26;28;31;32;33,gs://specindex-ai-raw-documents/specs/DELAWARE/OMB-MJ4506000006/specbook_OMB-MJ4506000006-SPECS.pdf,2026-08-07,downloaded
Delaware,Vertical,delaware_vertical,OMB-MJ4506000006,Hi-Grade Evidence Storage Building,,https://bidcondocs.delaware.gov/OMB/OMB-MJ4506000006-ad1.pdf,OMB-MJ4506000006-ad1.pdf,984087,,,,2026-08-07,downloaded
Delaware,Vertical,delaware_vertical,OMB-MJ4506000006,Hi-Grade Evidence Storage Building,,https://bidcondocs.delaware.gov/OMB/OMB-MJ4506000006-RFP.pdf,OMB-MJ4506000006-RFP.pdf,116591,,,,2026-08-07,downloaded
Delaware,Vertical,delaware_vertical,OMB-MJ4506000006,Hi-Grade Evidence Storage Building,,https://bidcondocs.delaware.gov/OMB/OMB-MJ4506000006-dwg.pdf,OMB-MJ4506000006-dwg.pdf,28107,unreadable,,,2026-08-07,unreadable format
Delaware,Vertical,delaware_vertical,OMB-MJ4506000006,Hi-Grade Evidence Storage Building,,https://bidcondocs.delaware.gov/OMB/OMB-MJ4506000006-WAGES.pdf,OMB-MJ4506000006-WAGES.pdf,98764,unreadable,,,2026-08-07,unreadable format
Delaware,Vertical,delaware_vertical,ARNG202610-BBTSTRKLGT,BBTS Running Track Lighting,,https://bidcondocs.delaware.gov/ARNG/ARNG202610-BBTSTRKLGT_specs.pdf,ARNG202610-BBTSTRKLGT_specs.pdf,8940805,CSI,00;01;02;03;26;31;33,gs://specindex-ai-raw-documents/specs/DELAWARE/ARNG202610-BBTSTRKLGT/specbook_ARNG202610-BBTSTRKLGT_specs.pdf,2026-08-07,downloaded
Delaware,Vertical,delaware_vertical,ARNG202610-BBTSTRKLGT,BBTS Running Track Lighting,,https://bidcondocs.delaware.gov/ARNG/ARNG202610-BBTSTRKLGT-0itb.pdf,ARNG202610-BBTSTRKLGT-0itb.pdf,109893,,,,2026-08-07,downloaded
Delaware,Vertical,delaware_vertical,ARNG202610-BBTSTRKLGT,BBTS Running Track Lighting,,https://bidcondocs.delaware.gov/ARNG/ARNG202610-BBTSTRKLGT_epp.pdf,ARNG202610-BBTSTRKLGT_epp.pdf,98232,,,,2026-08-07,downloaded
Delaware,Vertical,delaware_vertical,ARNG202610-BBTSTRKLGT,BBTS Running Track Lighting,,https://bidcondocs.delaware.gov/ARNG/ARNG202610-BBTSTRKLGT_pw.pdf,ARNG202610-BBTSTRKLGT_pw.pdf,64818,,,,2026-08-07,downloaded
Delaware,Vertical,delaware_vertical,ASD2622-BMROOF,Brick Mill Elementary School - Roof Recover,,https://bidcondocs.delaware.gov/ASD/ASD2622-BMFROOF_specs.pdf,ASD2622-BMFROOF_specs.pdf,12661362,CSI,00;01;02;06;07,gs://specindex-ai-raw-documents/specs/DELAWARE/ASD2622-BMROOF/specbook_ASD2622-BMFROOF_specs.pdf,2026-08-07,downloaded
Delaware,Vertical,delaware_vertical,ASD2622-BMROOF,Brick Mill Elementary School - Roof Recover,,https://bidcondocs.delaware.gov/ASD/ASD2622-BMFROOF_itb.pdf,ASD2622-BMFROOF_itb.pdf,200166,,,,2026-08-07,downloaded
Delaware,Vertical,delaware_vertical,ASD2622-BMROOF,Brick Mill Elementary School - Roof Recover,,https://bidcondocs.delaware.gov/ASD/ASD2622-BMFROOF_epp.pdf,ASD2622-BMFROOF_epp.pdf,100116,,,,2026-08-07,downloaded
Delaware,Vertical,delaware_vertical,ASD2622-BMROOF,Brick Mill Elementary School - Roof Recover,,https://bidcondocs.delaware.gov/ASD/ASD2622-BMFROOF_pw.pdf,ASD2622-BMFROOF_pw.pdf,956087,,,,2026-08-07,downloaded
Delaware,Vertical,delaware_vertical,NAT26001-THWILDVIEW,Ted Harvey Conservation Area Viewing Platforms,,https://bidcondocs.delaware.gov/NAT/NAT26001-THWILDVIEW_specs.pdf,NAT26001-THWILDVIEW_specs.pdf,10578880,CSI,00;01;13;31;32,gs://specindex-ai-raw-documents/specs/DELAWARE/NAT26001-THWILDVIEW/specbook_NAT26001-THWILDVIEW_specs.pdf,2026-08-07,downloaded
Delaware,Vertical,delaware_vertical,NAT26001-THWILDVIEW,Ted Harvey Conservation Area Viewing Platforms,,https://bidcondocs.delaware.gov/NAT/NAT26001-THWILDVIEW_itb.pdf,NAT26001-THWILDVIEW_itb.pdf,193178,,,,2026-08-07,downloaded
Delaware,Vertical,delaware_vertical,NAT26001-THWILDVIEW,Ted Harvey Conservation Area Viewing Platforms,,https://bidcondocs.delaware.gov/NAT/NAT26001-THWILDVIEW_epp.pdf,NAT26001-THWILDVIEW_epp.pdf,97575,,,,2026-08-07,downloaded
Delaware,Vertical,delaware_vertical,NAT26001-THWILDVIEW,Ted Harvey Conservation Area Viewing Platforms,,https://bidcondocs.delaware.gov/NAT/NAT26001-THWILDVIEW_pw.pdf,NAT26001-THWILDVIEW_pw.pdf,921056,,,,2026-08-07,downloaded
Delaware,Vertical,delaware_vertical,CSD26001-WH_BPA,CSD William Henry School Bid Pac A Demolition,,https://bidcondocs.delaware.gov/CSD/CSD26001-WH_BPA_specs.pdf,CSD26001-WH_BPA_specs.pdf,15303379,CSI,00;01;02,gs://specindex-ai-raw-documents/specs/DELAWARE/CSD26001-WH_BPA/specbook_CSD26001-WH_BPA_specs.pdf,2026-08-07,downloaded
Delaware,Vertical,delaware_vertical,CSD26001-WH_BPA,CSD William Henry School Bid Pac A Demolition,,https://bidcondocs.delaware.gov/CSD/CSD26001-WH_BPA_itb.pdf,CSD26001-WH_BPA_itb.pdf,241030,,,,2026-08-07,downloaded
Delaware,Vertical,delaware_vertical,CSD26001-WH_BPA,CSD William Henry School Bid Pac A Demolition,,https://bidcondocs.delaware.gov/CSD/CSD26001-WH_BPA_epp.pdf,CSD26001-WH_BPA_epp.pdf,92772,,,,2026-08-07,downloaded
Delaware,Vertical,delaware_vertical,CSD26001-WH_BPA,CSD William Henry School Bid Pac A Demolition,,https://bidcondocs.delaware.gov/CSD/CSD26001-WH_BPA_pw.pdf,CSD26001-WH_BPA_pw.pdf,241479,,,,2026-08-07,downloaded
Delaware,Vertical,delaware_vertical,OMB-MJ0217000003-BP5,Customs House Renovation and Addition,,https://bidcondocs.delaware.gov/OMB/OMB-MJ0217000003-BP5-specifications Part 1.pdf,OMB-MJ0217000003-BP5-specifications Part 1.pdf,,,,,2026-08-07,dead link
Delaware,Vertical,delaware_vertical,OMB-MJ0217000003-BP5,Customs House Renovation and Addition,,https://bidcondocs.delaware.gov/OMB/OMB-MJ0217000003-BP5-specifications Part 2.pdf,OMB-MJ0217000003-BP5-specifications Part 2.pdf,,,,,2026-08-07,dead link
Delaware,Vertical,delaware_vertical,OMB-MJ0217000003-BP5,Customs House Renovation and Addition,,https://bidcondocs.delaware.gov/OMB/OMB-MJ0217000003-BP5-specifications Part 3.pdf,OMB-MJ0217000003-BP5-specifications Part 3.pdf,,,,,2026-08-07,dead link
Delaware,Vertical,delaware_vertical,OMB-MJ0217000003-BP5,Customs House Renovation and Addition,,https://bidcondocs.delaware.gov/OMB/OMB-MJ0217000003-BP5-rfp.pdf,OMB-MJ0217000003-BP5-rfp.pdf,478378,unreadable,,,2026-08-07,unreadable format
Delaware,Vertical,delaware_vertical,OMB-MJ0217000003-BP5,Customs House Renovation and Addition,,https://bidcondocs.delaware.gov/OMB/OMB-MJ0217000003-BP5-wages.pdf,OMB-MJ0217000003-BP5-wages.pdf,324244,unreadable,,,2026-08-07,unreadable format
Delaware,Vertical,delaware_vertical,NAT202301-LEIPSICRESEARCHDOCK,Leipsic Research Dock Facility,,https://bidcondocs.delaware.gov/NAT/NAT202301-LEIPSICRESEARCHDOCK_specs.pdf,NAT202301-LEIPSICRESEARCHDOCK_specs.pdf,33574183,CSI,00;01;02;03;05;06;07;08;09;10;11;12;13;14;20;22;23;26;27;28;31;32;33,gs://specindex-ai-raw-documents/specs/DELAWARE/NAT202301-LEIPSICRESEARCHDOCK/specbook_NAT202301-LEIPSICRESEARCHDOCK_specs.pdf,2026-08-07,downloaded
Delaware,Vertical,delaware_vertical,NAT202301-LEIPSICRESEARCHDOCK,Leipsic Research Dock Facility,,https://bidcondocs.delaware.gov/NAT/NAT202301-LEIPSICRESEARCHDOCK_ad1.pdf,NAT202301-LEIPSICRESEARCHDOCK_ad1.pdf,119626,,,,2026-08-07,downloaded
Delaware,Vertical,delaware_vertical,NAT202301-LEIPSICRESEARCHDOCK,Leipsic Research Dock Facility,,https://bidcondocs.delaware.gov/NAT/NAT202301-LEIPSICRESEARCHDOCK_itb.pdf,NAT202301-LEIPSICRESEARCHDOCK_itb.pdf,111305,,,,2026-08-07,downloaded
Delaware,Vertical,delaware_vertical,NAT202301-LEIPSICRESEARCHDOCK,Leipsic Research Dock Facility,,https://bidcondocs.delaware.gov/NAT/NAT202301-LEIPSICRESEARCHDOCK_epp.pdf,NAT202301-LEIPSICRESEARCHDOCK_epp.pdf,106548,,,,2026-08-07,downloaded
Delaware,Vertical,delaware_vertical,NAT202301-LEIPSICRESEARCHDOCK,Leipsic Research Dock Facility,,https://bidcondocs.delaware.gov/NAT/NAT202301-LEIPSICRESEARCHDOCK_pw.pdf,NAT202301-LEIPSICRESEARCHDOCK_pw.pdf,2983347,,,,2026-08-07,downloaded
Delaware,Vertical,delaware_vertical,DNGJLWS209094,Relocate Main Gate Complex,,https://bidcondocs.delaware.gov/DNG/DNG-JLWS209094_specs.pdf,DNG-JLWS209094_specs.pdf,28977200,CSI,00;01;02;03;04;05;06;07;08;09;10;12;13;20;22;23;26;27;28;31;32;33;34,gs://specindex-ai-raw-documents/specs/DELAWARE/DNGJLWS209094/specbook_DNG-JLWS209094_specs.pdf,2026-08-07,downloaded
Delaware,Vertical,delaware_vertical,DNGJLWS209094,Relocate Main Gate Complex,,https://bidcondocs.delaware.gov/DNG/DNG-JLWS209094_itb.pdf,DNG-JLWS209094_itb.pdf,164848,,,,2026-08-07,downloaded
Delaware,Vertical,delaware_vertical,DNGJLWS209094,Relocate Main Gate Complex,,https://bidcondocs.delaware.gov/DNG/DNG-JLWS209094_epp.pdf,DNG-JLWS209094_epp.pdf,93071,,,,2026-08-07,downloaded
Delaware,Vertical,delaware_vertical,DNGJLWS209094,Relocate Main Gate Complex,,https://bidcondocs.delaware.gov/DNG/DNG-JLWS209094_pw.pdf,DNG-JLWS209094_pw.pdf,1006352,,,,2026-08-07,downloaded
Delaware,Vertical,delaware_vertical,OMB-MC3512000045A,Northeast State Service Center Reimagining Project,,https://bidcondocs.delaware.gov/OMB/OMB - MC3512000045A - specs.pdf,OMB - MC3512000045A - specs.pdf,,,,,2026-08-07,dead link
Delaware,Vertical,delaware_vertical,OMB-MC3512000045A,Northeast State Service Center Reimagining Project,,https://bidcondocs.delaware.gov/OMB/OMB -MC3512000045A - AD1.pdf,OMB -MC3512000045A - AD1.pdf,,,,,2026-08-07,dead link
Delaware,Vertical,delaware_vertical,OMB-MC3512000045A,Northeast State Service Center Reimagining Project,,https://bidcondocs.delaware.gov/OMB/OMB - MC3512000045A - RFP.pdf,OMB - MC3512000045A - RFP.pdf,,,,,2026-08-07,dead link
Delaware,Vertical,delaware_vertical,OMB-MC3512000045A,Northeast State Service Center Reimagining Project,,https://bidcondocs.delaware.gov/OMB/OMB - MC3512000045A - dwgs.pdf,OMB - MC3512000045A - dwgs.pdf,,,,,2026-08-07,dead link
Delaware,Vertical,delaware_vertical,OMB-MC3512000045A,Northeast State Service Center Reimagining Project,,https://bidcondocs.delaware.gov/OMB/OMB - MC3512000045A -WAGES.pdf,OMB - MC3512000045A -WAGES.pdf,,,,,2026-08-07,dead link
Delaware,Vertical,delaware_vertical,DSUPC24008-THOMDEMOLI,Thomasson Building Demolition,,https://bidcondocs.delaware.gov/DSU/DSUPC24008-THOMDEMOLI_specs.pdf,DSUPC24008-THOMDEMOLI_specs.pdf,10287998,CSI,00;01;02;26;31;32;33,gs://specindex-ai-raw-documents/specs/DELAWARE/DSUPC24008-THOMDEMOLI/specbook_DSUPC24008-THOMDEMOLI_specs.pdf,2026-08-07,downloaded
Delaware,Vertical,delaware_vertical,DSUPC24008-THOMDEMOLI,Thomasson Building Demolition,,https://bidcondocs.delaware.gov/DSU/DSUPC24008-THOMDEMOLI_ad1.pdf,DSUPC24008-THOMDEMOLI_ad1.pdf,268999,,,,2026-08-07,downloaded
Delaware,Vertical,delaware_vertical,DSUPC24008-THOMDEMOLI,Thomasson Building Demolition,,https://bidcondocs.delaware.gov/DSU/DSUPC24008-THOMDEMOLI_itb.pdf,DSUPC24008-THOMDEMOLI_itb.pdf,1915522,,,,2026-08-07,downloaded
Delaware,Vertical,delaware_vertical,DSUPC24008-THOMDEMOLI,Thomasson Building Demolition,,https://bidcondocs.delaware.gov/DSU/DSUPC24008-THOMDEMOLI_epp.pdf,DSUPC24008-THOMDEMOLI_epp.pdf,92169,,,,2026-08-07,downloaded
Delaware,Vertical,delaware_vertical,DSUPC24008-THOMDEMOLI,Thomasson Building Demolition,,https://bidcondocs.delaware.gov/DSU/DSUPC24008-THOMDEMOLI_pw.pdf,DSUPC24008-THOMDEMOLI_pw.pdf,660331,,,,2026-08-07,downloaded
Delaware,Vertical,delaware_vertical,ARNG23006-SRCREFURB,Scannell Refurbishment ,,https://bidcondocs.delaware.gov/ARNG/ARNG23006-SRCREFURB_specs.pdf,ARNG23006-SRCREFURB_specs.pdf,5127583,CSI,00;01;02;06;07;08;09;10;14;23;26;28;32,gs://specindex-ai-raw-documents/specs/DELAWARE/ARNG23006-SRCREFURB/specbook_ARNG23006-SRCREFURB_specs.pdf,2026-08-07,downloaded
Delaware,Vertical,delaware_vertical,ARNG23006-SRCREFURB,Scannell Refurbishment ,,https://bidcondocs.delaware.gov/ARNG/ARNG23006-SRCREFURB_ad1.pdf,ARNG23006-SRCREFURB_ad1.pdf,729844,,,,2026-08-07,downloaded
Delaware,Vertical,delaware_vertical,ARNG23006-SRCREFURB,Scannell Refurbishment ,,https://bidcondocs.delaware.gov/ARNG/ARNG23006-SRCREFURB_itb.pdf,ARNG23006-SRCREFURB_itb.pdf,134562,,,,2026-08-07,downloaded
Delaware,Vertical,delaware_vertical,ARNG23006-SRCREFURB,Scannell Refurbishment ,,https://bidcondocs.delaware.gov/ARNG/ARNG23006-SRCREFURB_epp.pdf,ARNG23006-SRCREFURB_epp.pdf,93012,,,,2026-08-07,downloaded
Delaware,Vertical,delaware_vertical,ARNG23006-SRCREFURB,Scannell Refurbishment ,,https://bidcondocs.delaware.gov/ARNG/ARNG23006-SRCREFURB_pw.pdf,ARNG23006-SRCREFURB_pw.pdf,974787,,,,2026-08-07,downloaded
Delaware,Vertical,delaware_vertical,RCCD027002-HMLSTRANS,Homeless and Foster Care Student Transportation,,https://bidcondocs.delaware.gov/RCCD/RCCD027002-HMLSTRANS_ad1.pdf,RCCD027002-HMLSTRANS_ad1.pdf,272029,,,,2026-08-07,downloaded
Delaware,Vertical,delaware_vertical,RCCD027002-HMLSTRANS,Homeless and Foster Care Student Transportation,,https://bidcondocs.delaware.gov/RCCD/RCCD027002-HMLSTRANS_ad2.pdf,RCCD027002-HMLSTRANS_ad2.pdf,225294,,,,2026-08-07,downloaded
Delaware,Vertical,delaware_vertical,RCCD027002-HMLSTRANS,Homeless and Foster Care Student Transportation,,https://bidcondocs.delaware.gov/RCCD/RCCD027002-HMLSTRANS_ad3.pdf,RCCD027002-HMLSTRANS_ad3.pdf,261579,,,,2026-08-07,downloaded
Delaware,Vertical,delaware_vertical,RCCD027002-HMLSTRANS,Homeless and Foster Care Student Transportation,,https://bidcondocs.delaware.gov/RCCD/RCCD027002-HMLSTRANS_ad4.pdf,RCCD027002-HMLSTRANS_ad4.pdf,206642,,,,2026-08-07,downloaded
Delaware,Vertical,delaware_vertical,RCCD027002-HMLSTRANS,Homeless and Foster Care Student Transportation,,https://bidcondocs.delaware.gov/RCCD/RCCD027002-HMLSTRANS_rfp.pdf,RCCD027002-HMLSTRANS_rfp.pdf,502404,,,,2026-08-07,downloaded
Delaware,Vertical,delaware_vertical,OMB26710-SUPMNCAP,Supplemental Statewide Minor Capital Projects,,https://bidcondocs.delaware.gov/OMB/OMB26710-SUPMNCAP_ad1.pdf,OMB26710-SUPMNCAP_ad1.pdf,87806,,,,2026-08-07,downloaded
Delaware,Vertical,delaware_vertical,OMB26710-SUPMNCAP,Supplemental Statewide Minor Capital Projects,,https://bidcondocs.delaware.gov/OMB/OMB26710-SUPMNCAP_attA.pdf,OMB26710-SUPMNCAP_attA.pdf,231986,,,,2026-08-07,downloaded
Delaware,Vertical,delaware_vertical,OMB26710-SUPMNCAP,Supplemental Statewide Minor Capital Projects,,https://bidcondocs.delaware.gov/OMB/OMB26710-SUPMNCAP_rfq.pdf,OMB26710-SUPMNCAP_rfq.pdf,131975,,,,2026-08-07,downloaded
Delaware,Vertical,delaware_vertical,LAB26R001-SCP,Statewide Co-Op Program,,https://bidcondocs.delaware.gov/LAB/LAB26R001-SCP-rfp.pdf,LAB26R001-SCP-rfp.pdf,1557833,,,,2026-08-07,downloaded
Delaware,Vertical,delaware_vertical,LAB26R001-SCP,Statewide Co-Op Program,,https://bidcondocs.delaware.gov/LAB/LAB26R001-SCP_appC.pdf,LAB26R001-SCP_appC.pdf,1935432,,,,2026-08-07,downloaded
Delaware,Vertical,delaware_vertical,LAB26R001-SCP,Statewide Co-Op Program,,https://bidcondocs.delaware.gov/LAB/LAB26R001-SCP_appE.pdf,LAB26R001-SCP_appE.pdf,474536,,,,2026-08-07,downloaded
Delaware,Vertical,delaware_vertical,HSS26081-MITA,Medicaid Information Technology Architecture State Self-Assessment & Related Svc,,https://bidcondocs.delaware.gov/HSS/HSS26081-MITA-rfpps.pdf,HSS26081-MITA-rfpps.pdf,1366883,,,,2026-08-07,downloaded
Delaware,Vertical,delaware_vertical,HSS26081-MITA,Medicaid Information Technology Architecture State Self-Assessment & Related Svc,,https://bidcondocs.delaware.gov/HSS/HSS26081-MITA-appB.pdf,HSS26081-MITA-appB.pdf,183205,,,,2026-08-07,downloaded
Delaware,Vertical,delaware_vertical,HSS27005-EVV,"Electronic Visit Verification Data Aggr, Validation, Compliance, & Oversight Svc",,https://bidcondocs.delaware.gov/HSS/HSS27005-EVV-rfp.pdf,HSS27005-EVV-rfp.pdf,1301647,,,,2026-08-07,downloaded
Delaware,Vertical,delaware_vertical,HSS27005-EVV,"Electronic Visit Verification Data Aggr, Validation, Compliance, & Oversight Svc",,https://bidcondocs.delaware.gov/HSS/HSS27005-EVV-appB.pdf,HSS27005-EVV-appB.pdf,227533,,,,2026-08-07,downloaded
Delaware,Vertical,delaware_vertical,NAT26002-SESPRA,Risk Analysis of Delaware’s Critical Energy Infrastructure,,https://bidcondocs.delaware.gov/NAT/NAT26002-SESPRA_rfp.pdf,NAT26002-SESPRA_rfp.pdf,1206254,,,,2026-08-07,downloaded
Delaware,Vertical,delaware_vertical,GSS27608-DOC_DESTRUCT,Secured Document and Data Destruction,,https://bidcondocs.delaware.gov/GSS/GSS27608-DOC_DESTRUCT_appC.pdf,GSS27608-DOC_DESTRUCT_appC.pdf,143785,,,,2026-08-07,downloaded
Delaware,Vertical,delaware_vertical,GSS27608-DOC_DESTRUCT,Secured Document and Data Destruction,,https://bidcondocs.delaware.gov/GSS/GSS27608-DOC_DESTRUCT_rfp.pdf,GSS27608-DOC_DESTRUCT_rfp.pdf,1392769,,,,2026-08-07,downloaded
Delaware,Vertical,delaware_vertical,T202201701,CEDAR NECK ROAD PATHWAY,,https://gssdocs.deldot.delaware.gov/bids/T202201701 Construction Plans.pdf,T202201701 Construction Plans.pdf,,,,,2026-08-07,dead link
Delaware,Vertical,delaware_vertical,T202201701,CEDAR NECK ROAD PATHWAY,,https://gssdocs.deldot.delaware.gov/bids/T202201701 Proposal.pdf,T202201701 Proposal.pdf,,,,,2026-08-07,dead link
Delaware,Vertical,delaware_vertical,COL02701-BULLRSTFRM,Level 3 UL 752 Bullet Resistant Frame and Door,,https://bidcondocs.delaware.gov/COL/COL02701-BULLRSTFRM_rfp.pdf,COL02701-BULLRSTFRM_rfp.pdf,2159757,CSI,,gs://specindex-ai-raw-documents/specs/DELAWARE/COL02701-BULLRSTFRM/specbook_COL02701-BULLRSTFRM_rfp.pdf,2026-08-07,downloaded
Delaware,Vertical,delaware_vertical,T202566204,"RESILIENCY IMPROVEMENTS, KC, CYPRESS BRANCH RD",,https://gssdocs.deldot.delaware.gov/bids/T2025066204 Construction Plans.pdf,T2025066204 Construction Plans.pdf,,,,,2026-08-07,dead link
Delaware,Vertical,delaware_vertical,T202566204,"RESILIENCY IMPROVEMENTS, KC, CYPRESS BRANCH RD",,https://gssdocs.deldot.delaware.gov/bids/T202566204 Proposal.pdf,T202566204 Proposal.pdf,,,,,2026-08-07,dead link
Delaware,Vertical,delaware_vertical,HSS27002-BRSTFDPERF,Support for the WIC Breastfeeding Performance Improvement Project,,https://bidcondocs.delaware.gov/HSS/HSS27002-BRSTFDPERF_appB.pdf,HSS27002-BRSTFDPERF_appB.pdf,262890,,,,2026-08-07,downloaded
Delaware,Vertical,delaware_vertical,HSS27002-BRSTFDPERF,Support for the WIC Breastfeeding Performance Improvement Project,,https://bidcondocs.delaware.gov/HSS/HSS27002-BRSTFDPERF_rfp.pdf,HSS27002-BRSTFDPERF_rfp.pdf,1221183,,,,2026-08-07,downloaded
Delaware,Vertical,delaware_vertical,DOT262213-P4PROG,Prioritization Process Pilot Program,,https://bidcondocs.delaware.gov/DOT/DOT262213-P4PROG_rfp.pdf,DOT262213-P4PROG_rfp.pdf,353891,,,,2026-08-07,downloaded
Delaware,Vertical,delaware_vertical,HSS27009-RWADAP,Ryan White Aids Drug Assistance Program,,https://bidcondocs.delaware.gov/HSS/HSS27009-RWADAP_appB.pdf,HSS27009-RWADAP_appB.pdf,236511,,,,2026-08-07,downloaded
Delaware,Vertical,delaware_vertical,HSS27009-RWADAP,Ryan White Aids Drug Assistance Program,,https://bidcondocs.delaware.gov/HSS/HSS27009-RWADAP_rfp.pdf,HSS27009-RWADAP_rfp.pdf,1211974,,,,2026-08-07,downloaded
Delaware,Vertical,delaware_vertical,DSU260715-BANNERFINA,Banner Finance Consultant,,https://bidcondocs.delaware.gov/DSU/DSU260715-BANNERFINA_ov.pdf,DSU260715-BANNERFINA_ov.pdf,128688,,,,2026-08-07,downloaded
Delaware,Vertical,delaware_vertical,DSU260715-BANNERFINA,Banner Finance Consultant,,https://bidcondocs.delaware.gov/DSU/DSU260715-BANNERFINA_rfp.pdf,DSU260715-BANNERFINA_rfp.pdf,943913,,,,2026-08-07,downloaded
Delaware,Vertical,delaware_vertical,T202606501,"OPEN END- PATCHING AND THIN OVERLAY,  CENTRAL DISTRICT, FY 26 - 29",,https://gssdocs.deldot.delaware.gov/bids/T202606501 Plans.pdf,T202606501 Plans.pdf,,,,,2026-08-07,dead link
Delaware,Vertical,delaware_vertical,T202606501,"OPEN END- PATCHING AND THIN OVERLAY,  CENTRAL DISTRICT, FY 26 - 29",,https://gssdocs.deldot.delaware.gov/bids/T202606501 Proposal.pdf,T202606501 Proposal.pdf,,,,,2026-08-07,dead link
Delaware,Vertical,delaware_vertical,T202606504,"OPEN END - PAVEMENT PRESERVATION, CENTRAL, FY 26 - 29",,https://gssdocs.deldot.delaware.gov/bids/T202606504 Plans.pdf,T202606504 Plans.pdf,,,,,2026-08-07,dead link
Delaware,Vertical,delaware_vertical,T202606504,"OPEN END - PAVEMENT PRESERVATION, CENTRAL, FY 26 - 29",,https://gssdocs.deldot.delaware.gov/bids/T202606504 Proposal.pdf,T202606504 Proposal.pdf,,,,,2026-08-07,dead link
Delaware,Vertical,delaware_vertical,GSS26956-FLS_ALRM,False Alarm Reduction Services,,https://bidcondocs.delaware.gov/GSS/GSS26956-FLS_ALRM_appA.pdf,GSS26956-FLS_ALRM_appA.pdf,131440,,,,2026-08-07,downloaded
Delaware,Vertical,delaware_vertical,GSS26956-FLS_ALRM,False Alarm Reduction Services,,https://bidcondocs.delaware.gov/GSS/GSS26956-FLS_ALRM_appD.pdf,GSS26956-FLS_ALRM_appD.pdf,356659,,,,2026-08-07,downloaded
Delaware,Vertical,delaware_vertical,GSS26956-FLS_ALRM,False Alarm Reduction Services,,https://bidcondocs.delaware.gov/GSS/GSS26956-FLS_ALRM_rfp.pdf,GSS26956-FLS_ALRM_rfp.pdf,878144,,,,2026-08-07,downloaded
Delaware,Vertical,delaware_vertical,DOE27001-YV_YC,"Your Voices, Your Choices - Teacher Driven Projects",,https://bidcondocs.delaware.gov/DOE/DOE27001-yv_yc_rfp.pdf,DOE27001-yv_yc_rfp.pdf,958058,,,,2026-08-07,downloaded
Delaware,Vertical,delaware_vertical,T202611302,"US 301 MEDIAN BARRIER, SR 896 TO MD LINE",,https://gssdocs.deldot.delaware.gov/bids/T202611302  Proposal.pdf,T202611302  Proposal.pdf,,,,,2026-08-07,dead link
Delaware,Vertical,delaware_vertical,T202611302,"US 301 MEDIAN BARRIER, SR 896 TO MD LINE",,https://gssdocs.deldot.delaware.gov/bids/T202611302 Construction Plans.pdf,T202611302 Construction Plans.pdf,,,,,2026-08-07,dead link
Delaware,Vertical,delaware_vertical,T202606301,"PAVEMENT & REHABILITATION, SUSSEX I,  (US 13 NB & SB, DELMAR TO LAUREL), 2026",,https://gssdocs.deldot.delaware.gov/bids/T202606301 Construction Plans.pdf,T202606301 Construction Plans.pdf,,,,,2026-08-07,dead link
Delaware,Vertical,delaware_vertical,T202606301,"PAVEMENT & REHABILITATION, SUSSEX I,  (US 13 NB & SB, DELMAR TO LAUREL), 2026",,https://gssdocs.deldot.delaware.gov/bids/T202606301 Plans.pdf,T202606301 Plans.pdf,,,,,2026-08-07,dead link
Delaware,Vertical,delaware_vertical,T202606301,"PAVEMENT & REHABILITATION, SUSSEX I,  (US 13 NB & SB, DELMAR TO LAUREL), 2026",,https://gssdocs.deldot.delaware.gov/bids/T202606301 Proposal.pdf,T202606301 Proposal.pdf,,,,,2026-08-07,dead link
Delaware,Vertical,delaware_vertical,HSS27006-OCCSS,Open and Continuous Consulting and Support Services,,https://bidcondocs.delaware.gov/HSS/HSS27006-OCCSS_appE.pdf,HSS27006-OCCSS_appE.pdf,69815,,,,2026-08-07,downloaded
Delaware,Vertical,delaware_vertical,HSS27006-OCCSS,Open and Continuous Consulting and Support Services,,https://bidcondocs.delaware.gov/HSS/HSS27006-OCCSS_rfp.pdf,HSS27006-OCCSS_rfp.pdf,1357180,,,,2026-08-07,downloaded
Delaware,Vertical,delaware_vertical,HSS27003-MBLWTRTRMT,Operation of Mobile Groundwater Treatment Systems for PFAS,,https://bidcondocs.delaware.gov/HSS/HSS27003-MBLWTRTRMT_rfp.pdf,HSS27003-MBLWTRTRMT_rfp.pdf,1191773,,,,2026-08-07,downloaded
Delaware,Vertical,delaware_vertical,CYF2604-FAMILY,Family Search & Engagement,,https://bidcondocs.delaware.gov/CYF/CYF2604-FAMILY_ac.pdf,CYF2604-FAMILY_ac.pdf,102674,,,,2026-08-07,downloaded
Delaware,Vertical,delaware_vertical,CYF2604-FAMILY,Family Search & Engagement,,https://bidcondocs.delaware.gov/CYF/CYF2604-FAMILY_rfp.pdf,CYF2604-FAMILY_rfp.pdf,369594,,,,2026-08-07,downloaded
Delaware,Vertical,delaware_vertical,NAT062626-PERMIT_MOD,Permitting Modernization ,,https://bidcondocs.delaware.gov/NAT/NAT062626-PERMIT_MOD_rfp.pdf,NAT062626-PERMIT_MOD_rfp.pdf,1309467,,,,2026-08-07,downloaded
Delaware,Vertical,delaware_vertical,SRS27937-BULK_LPG,Bulk Liquified Petroleum Gas - Propane,,https://bidcondocs.delaware.gov/SRS/SRS27937-BULK_LPG_appB.pdf,SRS27937-BULK_LPG_appB.pdf,2274975,,,,2026-08-07,downloaded
Delaware,Vertical,delaware_vertical,SRS27937-BULK_LPG,Bulk Liquified Petroleum Gas - Propane,,https://bidcondocs.delaware.gov/SRS/SRS27937-BULK_LPG_itb.pdf,SRS27937-BULK_LPG_itb.pdf,1439711,,,,2026-08-07,downloaded
Delaware,Vertical,delaware_vertical,SRS27937-BULK_LPG,Bulk Liquified Petroleum Gas - Propane,,https://bidcondocs.delaware.gov/SRS/SRS27937-BULK_LPG_qa.pdf,SRS27937-BULK_LPG_qa.pdf,409981,,,,2026-08-07,downloaded
Delaware,Vertical,delaware_vertical,DSU260612-CRMSYSTEMS,Customer Relationship Management (CRM) System,,https://bidcondocs.delaware.gov/DSU/DSU260612-CRMSYSTEMS_ov.pdf,DSU260612-CRMSYSTEMS_ov.pdf,129091,,,,2026-08-07,downloaded
Delaware,Vertical,delaware_vertical,DSU260612-CRMSYSTEMS,Customer Relationship Management (CRM) System,,https://bidcondocs.delaware.gov/DSU/DSU260612-CRMSYSTEMS_rfp.pdf,DSU260612-CRMSYSTEMS_rfp.pdf,1007511,,,,2026-08-07,downloaded
Delaware,Vertical,delaware_vertical,DTCC2604-CAFETERIA,Cafeteria Services for the Stanton and George Campuses,,https://bidcondocs.delaware.gov/DTCC/DTCC2604-CAFETERIA_qa.pdf,DTCC2604-CAFETERIA_qa.pdf,156457,,,,2026-08-07,downloaded
Delaware,Vertical,delaware_vertical,DTCC2604-CAFETERIA,Cafeteria Services for the Stanton and George Campuses,,https://bidcondocs.delaware.gov/DTCC/DTCC2604-CAFETERIA_rfp.pdf,DTCC2604-CAFETERIA_rfp.pdf,910911,,,,2026-08-07,downloaded
Delaware,Vertical,delaware_vertical,HSS26021C-HCBS,HCB Services for Individuals with Intellectual/Developmental Disabilities,,https://bidcondocs.delaware.gov/HSS/HSS26021C-HCBS_rfp.pdf,HSS26021C-HCBS_rfp.pdf,1727775,,,,2026-08-07,downloaded
Delaware,Vertical,delaware_vertical,T202153104.03,DOVER BUS CANOPY SOLAR PANELS - READVERTISEMENT,,https://gssdocs.deldot.delaware.gov/bids/T202153104-03 Construction Plans.pdf,T202153104-03 Construction Plans.pdf,,,,,2026-08-07,dead link
Delaware,Vertical,delaware_vertical,T202153104.03,DOVER BUS CANOPY SOLAR PANELS - READVERTISEMENT,,https://gssdocs.deldot.delaware.gov/bids/T202153104-03 FTA Required Documents.pdf,T202153104-03 FTA Required Documents.pdf,,,,,2026-08-07,dead link
Delaware,Vertical,delaware_vertical,T202153104.03,DOVER BUS CANOPY SOLAR PANELS - READVERTISEMENT,,https://gssdocs.deldot.delaware.gov/bids/T202153104-03 OJT_prog_guide.pdf,T202153104-03 OJT_prog_guide.pdf,,,,,2026-08-07,dead link
Delaware,Vertical,delaware_vertical,T202153104.03,DOVER BUS CANOPY SOLAR PANELS - READVERTISEMENT,,https://gssdocs.deldot.delaware.gov/bids/T202153104-03 Proposal.pdf,T202153104-03 Proposal.pdf,,,,,2026-08-07,dead link
Delaware,Vertical,delaware_vertical,T202153104.03,DOVER BUS CANOPY SOLAR PANELS - READVERTISEMENT,,https://gssdocs.deldot.delaware.gov/bids/T202153104-03 Referenced Documents.pdf,T202153104-03 Referenced Documents.pdf,,,,,2026-08-07,dead link
Delaware,Vertical,delaware_vertical,DOT2606-NEVI_2,National Electric Vehicle Infrastructure (NEVI) Round 2,,https://bidcondocs.delaware.gov/DOT/DOT262606-NEVI_2_appA.pdf,DOT262606-NEVI_2_appA.pdf,374156,,,,2026-08-07,downloaded
Delaware,Vertical,delaware_vertical,DOT2606-NEVI_2,National Electric Vehicle Infrastructure (NEVI) Round 2,,https://bidcondocs.delaware.gov/DOT/DOT262606-NEVI_2_appB.pdf,DOT262606-NEVI_2_appB.pdf,261579,,,,2026-08-07,downloaded
Delaware,Vertical,delaware_vertical,DOT2606-NEVI_2,National Electric Vehicle Infrastructure (NEVI) Round 2,,https://bidcondocs.delaware.gov/DOT/DOT262606-NEVI_2_appC.pdf,DOT262606-NEVI_2_appC.pdf,339643,,,,2026-08-07,downloaded
Delaware,Vertical,delaware_vertical,DOT2606-NEVI_2,National Electric Vehicle Infrastructure (NEVI) Round 2,,https://bidcondocs.delaware.gov/DOT/DOT262606-NEVI_2_appD.pdf,DOT262606-NEVI_2_appD.pdf,241612,,,,2026-08-07,downloaded
Delaware,Vertical,delaware_vertical,DOT2606-NEVI_2,National Electric Vehicle Infrastructure (NEVI) Round 2,,https://bidcondocs.delaware.gov/DOT/DOT262606-NEVI_2_rfp.pdf,DOT262606-NEVI_2_rfp.pdf,1602925,,,,2026-08-07,downloaded
Delaware,Vertical,delaware_vertical,HSS26080-ADVPLNWVR,Advanced Planning for Individuals Receiving DDDS Services's HCBS,,https://bidcondocs.delaware.gov/HSS/HSS26080-ADVPLNWVR_rfp.pdf,HSS26080-ADVPLNWVR_rfp.pdf,1255206,,,,2026-08-07,downloaded
Delaware,Vertical,delaware_vertical,NAT270001-AIRQUALITY,Air Quality Forecasting,,https://bidcondocs.delaware.gov/NAT/NAT270001-AIRQUALITY_rfp.pdf,NAT270001-AIRQUALITY_rfp.pdf,930800,,,,2026-08-07,downloaded
Florida,DOT,florida_dot,T2A56,T2A56,,https://ftp.fdot.gov/public/file/5ntdg0ukeky7ban-p302lw/T2A56BSN.pdf,T2A56BSN.pdf,61325,,,,2026-08-07,downloaded
Florida,DOT,florida_dot,T2A56,T2A56,,https://ftp.fdot.gov/public/file/pspislpczkare8wpmffhxa/T2A56Addendum001.pdf,T2A56Addendum001.pdf,219001,,,,2026-08-07,downloaded
Florida,DOT,florida_dot,T2A56,T2A56,,https://ftp.fdot.gov/public/file/gyzndz3n70wdmabc7uao9g/T2A56Addendum002.pdf,T2A56Addendum002.pdf,268838,,,,2026-08-07,downloaded
Florida,DOT,florida_dot,T2A56,T2A56,,https://ftp.fdot.gov/public/file/en3chzwu8eikz82qfcgliw/T2A56-Bid-Tab.pdf,T2A56-Bid-Tab.pdf,399677,,,,2026-08-07,downloaded
Florida,DOT,florida_dot,T1922,T1922,,https://ftp.fdot.gov/public/file/5yan01qbj0yupqjgy1nlbw/T1922BSN.pdf,T1922BSN.pdf,61466,,,,2026-08-07,downloaded
Florida,DOT,florida_dot,T1922,T1922,,https://ftp.fdot.gov/public/file/59svrzf3w0qd2qq8n1ic1w/T1922Addendum001.pdf,T1922Addendum001.pdf,7709359,,,,2026-08-07,downloaded
Florida,DOT,florida_dot,T1922,T1922,,https://ftp.fdot.gov/public/file/xhmwpsar30g01gpzj7awpq/T1922-Bid-Tab.pdf,T1922-Bid-Tab.pdf,383928,,,,2026-08-07,downloaded
Florida,DOT,florida_dot,T2A49,T2A49,,https://ftp.fdot.gov/public/file/tngeea0vjk2_y7onm2oqvg/T2A49BSN.pdf,T2A49BSN.pdf,86536,,,,2026-08-07,downloaded
Florida,DOT,florida_dot,T2A49,T2A49,,https://ftp.fdot.gov/public/file/zjvcisobwe61go-hljhoja/T2A49-Bid-Tab.pdf,T2A49-Bid-Tab.pdf,264244,,,,2026-08-07,downloaded
Florida,DOT,florida_dot,T2A54,T2A54,,https://ftp.fdot.gov/public/file/bexn7raidewaakttos0cjw/T2A54BSN.pdf,T2A54BSN.pdf,93014,,,,2026-08-07,downloaded
Florida,DOT,florida_dot,T2A54,T2A54,,https://ftp.fdot.gov/public/file/m3goolxyhua2t6mu5ohhnq/T2A54-Bid-Tab.pdf,T2A54-Bid-Tab.pdf,342156,,,,2026-08-07,downloaded
Florida,DOT,florida_dot,T3929,T3929,,https://ftp.fdot.gov/public/file/l8u1bkj26eerxddedqlp6g/T3929BSN.pdf,T3929BSN.pdf,84889,,,,2026-08-07,downloaded
Florida,DOT,florida_dot,T3929,T3929,,https://ftp.fdot.gov/public/file/15_pwutf0ekdak3xqq-sqq/T3929-Bid-Tab.pdf,T3929-Bid-Tab.pdf,340135,,,,2026-08-07,downloaded
Florida,DOT,florida_dot,T3954,T3954,,https://ftp.fdot.gov/public/file/zmdcddplmuuzmob_tvi_0a/T3954BSN.pdf,T3954BSN.pdf,85026,,,,2026-08-07,downloaded
Florida,DOT,florida_dot,T3954,T3954,,https://ftp.fdot.gov/public/file/dvnob1e3keotmo96i-2e6a/T3954Addendum001.pdf,T3954Addendum001.pdf,221769,,,,2026-08-07,downloaded
Florida,DOT,florida_dot,T3954,T3954,,https://ftp.fdot.gov/public/file/peptb9fqokuiq1juvcmxya/T3954-Bid-Tab.pdf,T3954-Bid-Tab.pdf,277754,,,,2026-08-07,downloaded
Florida,DOT,florida_dot,T3988,T3988,,https://ftp.fdot.gov/public/file/_ker8bjymk-rye5u4enzug/T3988BSN.pdf,T3988BSN.pdf,92911,,,,2026-08-07,downloaded
Florida,DOT,florida_dot,T3988,T3988,,https://ftp.fdot.gov/public/file/gccpddvx70ugv0urdfe3eg/T3988-Bid-Tab.pdf,T3988-Bid-Tab.pdf,301631,,,,2026-08-07,downloaded
Florida,DOT,florida_dot,T3990,T3990,,https://ftp.fdot.gov/public/file/pqt1h3zhq0az1t8m8ta1ra/T3990BSN.pdf,T3990BSN.pdf,46453,,,,2026-08-07,downloaded
Florida,DOT,florida_dot,T3990,T3990,,https://ftp.fdot.gov/public/file/gn0463pprusaci3jdxrtrg/T3990-Bid-Tab.pdf,T3990-Bid-Tab.pdf,292165,,,,2026-08-07,downloaded
Florida,DOT,florida_dot,T4749,T4749,,https://ftp.fdot.gov/public/file/nlqv3yd0eku4wx2_eoxa-w/T4749BSN.pdf,T4749BSN.pdf,85015,,,,2026-08-07,downloaded
Florida,DOT,florida_dot,T4749,T4749,,https://ftp.fdot.gov/public/file/on6ydqvxhk6kawcpo5vtma/T4749Addendum001.pdf,T4749Addendum001.pdf,1308070,,,,2026-08-07,downloaded
Florida,DOT,florida_dot,T4749,T4749,,https://ftp.fdot.gov/public/file/8kmar3rolu6pg7r8ak--zw/T4749-Bid-Tab.pdf,T4749-Bid-Tab.pdf,274425,,,,2026-08-07,downloaded
Florida,DOT,florida_dot,T4750,T4750,,https://ftp.fdot.gov/public/file/hjlqwqom40-xyevrow7eva/T4750BSN.pdf,T4750BSN.pdf,80649,,,,2026-08-07,downloaded
Florida,DOT,florida_dot,T4750,T4750,,https://ftp.fdot.gov/public/file/m3d6wncsa06hmhuofhzaww/T4750-Bid-Tab.pdf,T4750-Bid-Tab.pdf,313802,,,,2026-08-07,downloaded
Florida,DOT,florida_dot,T5874,T5874,,https://ftp.fdot.gov/public/file/ljy7vtx15kkmnusoie1qbg/T5874BSN.pdf,T5874BSN.pdf,138876,,,,2026-08-07,downloaded
Florida,DOT,florida_dot,T5874,T5874,,https://ftp.fdot.gov/public/file/uzuobspr0eushurwt4ityg/T5874Addendum001.pdf,T5874Addendum001.pdf,226012,,,,2026-08-07,downloaded
Florida,DOT,florida_dot,T5874,T5874,,https://ftp.fdot.gov/public/file/a47ib35qpkeo4gjqyl6srq/T5874-Bid-Tab.pdf,T5874-Bid-Tab.pdf,394682,,,,2026-08-07,downloaded
Florida,DOT,florida_dot,T5875,T5875,,https://ftp.fdot.gov/public/file/ahg1ag09xu2h09pyaizm7w/T5875BSN.pdf,T5875BSN.pdf,55223,,,,2026-08-07,downloaded
Florida,DOT,florida_dot,T5875,T5875,,https://ftp.fdot.gov/public/file/dxt5eqz9ykclmvwirpr7uq/T5875Addendum001.pdf,T5875Addendum001.pdf,411238,,,,2026-08-07,downloaded
Florida,DOT,florida_dot,T5875,T5875,,https://ftp.fdot.gov/public/file/ep_nptn-yuy1j4yjvxksha/T5875-Bid-Tab.pdf,T5875-Bid-Tab.pdf,343964,,,,2026-08-07,downloaded
Florida,DOT,florida_dot,T6618,T6618,,https://ftp.fdot.gov/public/file/ab7sly0v9kwxaqjpr3prew/T6618BSN.pdf,T6618BSN.pdf,91265,,,,2026-08-07,downloaded
Florida,DOT,florida_dot,T6618,T6618,,https://ftp.fdot.gov/public/file/qf6rhpnlaei40xx5czhelw/T6618-Bid-Tab.pdf,T6618-Bid-Tab.pdf,339349,,,,2026-08-07,downloaded
Florida,DOT,florida_dot,T7577,T7577,,https://ftp.fdot.gov/public/file/_aj1szf69ksch3rji8axia/T7577BSN.pdf,T7577BSN.pdf,59061,,,,2026-08-07,downloaded
Florida,DOT,florida_dot,T7577,T7577,,https://ftp.fdot.gov/public/file/aegumwfq-k6uy0bjm4ieew/T7577-Bid-Tab.pdf,T7577-Bid-Tab.pdf,451107,,,,2026-08-07,downloaded
Florida,DOT,florida_dot,T7579,T7579,,https://ftp.fdot.gov/public/file/f8lubazdne6wj7nbn2g7la/T7579BSN.pdf,T7579BSN.pdf,89446,,,,2026-08-07,downloaded
Florida,DOT,florida_dot,T7579,T7579,,https://ftp.fdot.gov/public/file/dssozjvhmka0s63mpusung/T7579-Bid-Tab.pdf,T7579-Bid-Tab.pdf,329220,,,,2026-08-07,downloaded
Florida,DOT,florida_dot,T7580,T7580,,https://ftp.fdot.gov/public/file/l3diic0omkwrpudj0cc5ea/T7580BSN.pdf,T7580BSN.pdf,79477,,,,2026-08-07,downloaded
Florida,DOT,florida_dot,T7580,T7580,,https://ftp.fdot.gov/public/file/mr31_m4fjeaqvkfix288cq/T7580-Bid-Tab.pdf,T7580-Bid-Tab.pdf,289148,,,,2026-08-07,downloaded
Florida,DOT,florida_dot,T2A37,T2A37,,https://ftp.fdot.gov/public/file/a3oxdpvinks-j6vejyw_cq/T2A37BSN.pdf,T2A37BSN.pdf,59264,,,,2026-08-07,downloaded
Florida,DOT,florida_dot,T2A37,T2A37,,https://ftp.fdot.gov/public/file/_jfwiu6hbeelm2rbhhxu4q/T2A37Addendum001.pdf,T2A37Addendum001.pdf,224746,,,,2026-08-07,downloaded
Florida,DOT,florida_dot,T2A37,T2A37,,https://ftp.fdot.gov/public/file/tfk-b1grhu2uyw9rvb3zgg/T2A37Addendum002.pdf,T2A37Addendum002.pdf,753005,,,,2026-08-07,downloaded
Florida,DOT,florida_dot,T2A37,T2A37,,https://ftp.fdot.gov/public/file/w-yhmhwjxek4icletkx1kg/T2A37-Bid%20Tab.pdf,T2A37-Bid%20Tab.pdf,379241,,,,2026-08-07,downloaded
Florida,DOT,florida_dot,T1813,T1813,,https://ftp.fdot.gov/public/file/y6xhqsw82ky49tc4ery2cw/T1813BSN.pdf,T1813BSN.pdf,72432,,,,2026-08-07,downloaded
Florida,DOT,florida_dot,T1813,T1813,,https://ftp.fdot.gov/public/file/lc0vm0zcskgo53ggwenpnq/T1813Addendum001.pdf,T1813Addendum001.pdf,1056825,,,,2026-08-07,downloaded
Florida,DOT,florida_dot,T1813,T1813,,https://ftp.fdot.gov/public/file/l3jhwtusxka8rhk-is4ptw/T1813-Bid%20Tab.pdf,T1813-Bid%20Tab.pdf,413400,,,,2026-08-07,downloaded
Florida,DOT,florida_dot,T1916,T1916,,https://ftp.fdot.gov/public/file/edkdihxmtkktlcrp6ynvtg/T1916BSN.pdf,T1916BSN.pdf,64876,,,,2026-08-07,downloaded
Florida,DOT,florida_dot,T1916,T1916,,https://ftp.fdot.gov/public/file/dbkjn4xsy02-ytpgp8kj6q/T1916Addendum001.pdf,T1916Addendum001.pdf,1218289,,,,2026-08-07,downloaded
Florida,DOT,florida_dot,T1916,T1916,,https://ftp.fdot.gov/public/file/f_xrmvigd0ysfpowwc-biq/T1916-Bid%20Tab.pdf,T1916-Bid%20Tab.pdf,423628,,,,2026-08-07,downloaded
Florida,DOT,florida_dot,T2A33,T2A33,,https://ftp.fdot.gov/public/file/yqekickk9kkaeea3frandw/T2A33BSN.pdf,T2A33BSN.pdf,131187,,,,2026-08-07,downloaded
Florida,DOT,florida_dot,T2A33,T2A33,,https://ftp.fdot.gov/public/file/c6-ctywkeekmduht3r9spg/T2A33-Bid%20Tab.pdf,T2A33-Bid%20Tab.pdf,391734,,,,2026-08-07,downloaded
Florida,DOT,florida_dot,T2A36,T2A36,,https://ftp.fdot.gov/public/file/htzi0jkvrkg9t83tmxex1g/T2A36BSN.pdf,T2A36BSN.pdf,55890,,,,2026-08-07,downloaded
Florida,DOT,florida_dot,T2A36,T2A36,,https://ftp.fdot.gov/public/file/fcuwtizmik-aicd37uohra/T2A36-Bid%20Tab.pdf,T2A36-Bid%20Tab.pdf,280551,,,,2026-08-07,downloaded
Florida,DOT,florida_dot,T2A57,T2A57,,https://ftp.fdot.gov/public/file/n3j9frfb4ks9on1fczc7vw/T2A57BSN.pdf,T2A57BSN.pdf,53478,,,,2026-08-07,downloaded
Florida,DOT,florida_dot,T2A57,T2A57,,https://ftp.fdot.gov/public/file/8eilzh4kp0qyeyhsxygh4g/T2A57-Bid%20Tab.pdf,T2A57-Bid%20Tab.pdf,332578,,,,2026-08-07,downloaded
Florida,DOT,florida_dot,T2A58,T2A58,,https://ftp.fdot.gov/public/file/4u18uqqt8us86kdtnpq8rw/T2A58BSN.pdf,T2A58BSN.pdf,54979,,,,2026-08-07,downloaded
Florida,DOT,florida_dot,T2A58,T2A58,,https://ftp.fdot.gov/public/file/u4d5m5uyweeiekbuhv8gpw/T2A58-Bid%20Tab.pdf,T2A58-Bid%20Tab.pdf,306823,,,,2026-08-07,downloaded
Florida,DOT,florida_dot,T2A59,T2A59,,https://ftp.fdot.gov/public/file/cwyie2hudu2myh5hxjkclg/T2A59BSN.pdf,T2A59BSN.pdf,49501,,,,2026-08-07,downloaded
Florida,DOT,florida_dot,T2A59,T2A59,,https://ftp.fdot.gov/public/file/luq9pozj3eyz6ijeoppgxg/T2A59-Bid%20Tab.pdf,T2A59-Bid%20Tab.pdf,323738,,,,2026-08-07,downloaded
Florida,DOT,florida_dot,T2A60,T2A60,,https://ftp.fdot.gov/public/file/czbll10vxugknbhmoizmbw/T2A60BSN.pdf,T2A60BSN.pdf,83481,,,,2026-08-07,downloaded
Florida,DOT,florida_dot,T2A60,T2A60,,https://ftp.fdot.gov/public/file/zzci4fp_80kyjlhzdlugkw/T2A60-Bid%20Tab.pdf,T2A60-Bid%20Tab.pdf,168715,,,,2026-08-07,downloaded
Florida,DOT,florida_dot,T3928,T3928,,https://ftp.fdot.gov/public/file/ovrfxkfg70o6xq9ulsalfq/T3928BSN.pdf,T3928BSN.pdf,84909,,,,2026-08-07,downloaded
Florida,DOT,florida_dot,T3928,T3928,,https://ftp.fdot.gov/public/file/wjmdwd7ax0kgy-vtonvf1g/T3928Addendum001.pdf,T3928Addendum001.pdf,202352,,,,2026-08-07,downloaded
Florida,DOT,florida_dot,T3928,T3928,,https://ftp.fdot.gov/public/file/cbyb2-4m5egxacknetskzw/T3928-Bid%20Tab.pdf,T3928-Bid%20Tab.pdf,317086,,,,2026-08-07,downloaded
Florida,DOT,florida_dot,T3966,T3966,,https://ftp.fdot.gov/public/file/-t14roxvme-yprimvtkmdq/T3966BSN.pdf,T3966BSN.pdf,65198,,,,2026-08-07,downloaded
Florida,DOT,florida_dot,T3966,T3966,,https://ftp.fdot.gov/public/file/x4iangvnreyamrxcjypt_w/T3966-Bid%20Tab.pdf,T3966-Bid%20Tab.pdf,373014,,,,2026-08-07,downloaded
Florida,DOT,florida_dot,T4739,T4739,,https://ftp.fdot.gov/public/file/sse5qgmeckyxj8piekrg1g/T4739BSN.pdf,T4739BSN.pdf,98300,,,,2026-08-07,downloaded
Florida,DOT,florida_dot,T4739,T4739,,https://ftp.fdot.gov/public/file/46r9icmpieq1egmqsnbi7w/T4739-Bid%20Tab.pdf,T4739-Bid%20Tab.pdf,230522,,,,2026-08-07,downloaded
Florida,DOT,florida_dot,T4751,T4751,,https://ftp.fdot.gov/public/file/fdnecgkfweujech-ybr7yg/T4751BSN.pdf,T4751BSN.pdf,99034,,,,2026-08-07,downloaded
Florida,DOT,florida_dot,T4751,T4751,,https://ftp.fdot.gov/public/file/l8dfcuovwum9py6xc9ezfg/T4751-Bid%20Tab.pdf,T4751-Bid%20Tab.pdf,303284,,,,2026-08-07,downloaded
Florida,DOT,florida_dot,T5868,T5868,,https://ftp.fdot.gov/public/file/dli_9bspt0gmqjthmnedug/T5868BSN.pdf,T5868BSN.pdf,53463,,,,2026-08-07,downloaded
Florida,DOT,florida_dot,T5868,T5868,,https://ftp.fdot.gov/public/file/vuvqaqnm6eivo2qjquljwq/T5868-Bid%20Tab.pdf,T5868-Bid%20Tab.pdf,200633,,,,2026-08-07,downloaded
Florida,DOT,florida_dot,T6619,T6619,,https://ftp.fdot.gov/public/file/yoviigsjmkw2s1o2vtiayw/T6619BSN.pdf,T6619BSN.pdf,104011,,,,2026-08-07,downloaded
Florida,DOT,florida_dot,T6619,T6619,,https://ftp.fdot.gov/public/file/t6rj7umlyeeimygjyzadkg/T6619-Bid%20Tab.pdf,T6619-Bid%20Tab.pdf,344470,,,,2026-08-07,downloaded
Florida,DOT,florida_dot,T7583,T7583,,https://ftp.fdot.gov/public/file/viljr6pnweufvkxozs2fbq/T7583BSN.pdf,T7583BSN.pdf,72852,,,,2026-08-07,downloaded
Florida,DOT,florida_dot,T7583,T7583,,https://ftp.fdot.gov/public/file/jzbzkkmlj02afo6ye4-ddw/T7583Addendum001.pdf,T7583Addendum001.pdf,1005931,,,,2026-08-07,downloaded
Florida,DOT,florida_dot,T7583,T7583,,https://ftp.fdot.gov/public/file/t1rtvdbvn0qipvbcfn7v1q/T7583-Bid%20Tab.pdf,T7583-Bid%20Tab.pdf,398464,,,,2026-08-07,downloaded
Florida,DOT,florida_dot,T7601,T7601,,https://ftp.fdot.gov/public/file/aaw-drzwek2xh76l4cq9pq/T7601BSN.pdf,T7601BSN.pdf,105315,,,,2026-08-07,downloaded
Florida,DOT,florida_dot,T7601,T7601,,https://ftp.fdot.gov/public/file/9u4nezlrvkq_yrc01hnq9g/T7601Addendum001.pdf,T7601Addendum001.pdf,479493,,,,2026-08-07,downloaded
Florida,DOT,florida_dot,T7601,T7601,,https://ftp.fdot.gov/public/file/wy13jmoj8ugbgcjh6vkafa/T7601-Bid%20Tab.pdf,T7601-Bid%20Tab.pdf,377165,,,,2026-08-07,downloaded
Florida,DOT,florida_dot,T1920,T1920,,https://ftp.fdot.gov/public/file/bgvuxszoxkiyq6vviswvaa/T1920BSN.pdf,T1920BSN.pdf,77955,,,,2026-08-07,downloaded
Florida,DOT,florida_dot,T1920,T1920,,https://ftp.fdot.gov/public/file/uiql4vbcskwdcsukstxtzq/T1920Addendum001.pdf,T1920Addendum001.pdf,928863,,,,2026-08-07,downloaded
Florida,DOT,florida_dot,T1920,T1920,,https://ftp.fdot.gov/public/file/0_bfmj2iy0og4jxbl7rn2a/T1920Addendum002.pdf,T1920Addendum002.pdf,908885,,,,2026-08-07,downloaded
Florida,DOT,florida_dot,T1920,T1920,,https://ftp.fdot.gov/public/file/svxwngly-02ublkklfgbna/T1920.pdf,T1920.pdf,444404,,,,2026-08-07,downloaded
Florida,DOT,florida_dot,T1920,T1920,,https://ftp.fdot.gov/public/file/qedqtribx0q_0h2ipnp7wq/T1920-Bid-Tab.pdf,T1920-Bid-Tab.pdf,514309,,,,2026-08-07,downloaded
Florida,DOT,florida_dot,T3845,T3845,,https://ftp.fdot.gov/public/file/pmnjoaf7e0qjwockdfcowa/T3845BSN.pdf,T3845BSN.pdf,81881,,,,2026-08-07,downloaded
Florida,DOT,florida_dot,T3845,T3845,,https://ftp.fdot.gov/public/file/mwyrwaompeo_vphnkstpcq/T3845Addendum001.pdf,T3845Addendum001.pdf,239536,,,,2026-08-07,downloaded
Florida,DOT,florida_dot,T3845,T3845,,https://ftp.fdot.gov/public/file/sxcu2fh9ykohvc_x2ppaxg/T3845Addendum002.pdf,T3845Addendum002.pdf,193231,,,,2026-08-07,downloaded
Florida,DOT,florida_dot,T3845,T3845,,https://ftp.fdot.gov/public/file/rvutwwjowu-eebj3ajmvhw/T3845Addendum003.pdf,T3845Addendum003.pdf,1147010,,,,2026-08-07,downloaded
Florida,DOT,florida_dot,T3845,T3845,,https://ftp.fdot.gov/public/file/9i5swmmfgegltdq60hly0a/T3845-Bid-Tab.pdf,T3845-Bid-Tab.pdf,542947,,,,2026-08-07,downloaded
Florida,DOT,florida_dot,T5876,T5876,,https://ftp.fdot.gov/public/file/2lylay-92kglhbrjteubag/T5876BSN.pdf,T5876BSN.pdf,58094,,,,2026-08-07,downloaded
Florida,DOT,florida_dot,T5876,T5876,,https://ftp.fdot.gov/public/file/ekj7lj6mzkywk3t55sa0mq/T5876Addendum001.pdf,T5876Addendum001.pdf,925361,,,,2026-08-07,downloaded
Florida,DOT,florida_dot,T5876,T5876,,https://ftp.fdot.gov/public/file/bfbrqymh0uafpi4cqna51w/T5876-Bid-Tab.pdf,T5876-Bid-Tab.pdf,379096,,,,2026-08-07,downloaded
Florida,DOT,florida_dot,T1915,T1915,,https://ftp.fdot.gov/public/file/mdxozwvvqky9e25s0so62a/T1915BSN.pdf,T1915BSN.pdf,57463,,,,2026-08-07,downloaded
Florida,DOT,florida_dot,T1915,T1915,,https://ftp.fdot.gov/public/file/uwongwz7seqzlag9aadt-a/T1915Addendum001.pdf,T1915Addendum001.pdf,962432,,,,2026-08-07,downloaded
Florida,DOT,florida_dot,T1915,T1915,,https://ftp.fdot.gov/public/file/wvy-pwujkk21gp2ao-3raq/T1915Addendum002.pdf,T1915Addendum002.pdf,706854,,,,2026-08-07,downloaded
Florida,DOT,florida_dot,T1915,T1915,,https://ftp.fdot.gov/public/file/wiiizdaddkq4b2pzeoldza/T1915-Bid-Tab.pdf,T1915-Bid-Tab.pdf,364350,,,,2026-08-07,downloaded
Florida,DOT,florida_dot,T1919,T1919,,https://ftp.fdot.gov/public/file/aufy4g5uzuy6kccizlebqw/T1919BSN.pdf,T1919BSN.pdf,166504,,,,2026-08-07,downloaded
Florida,DOT,florida_dot,T1919,T1919,,https://ftp.fdot.gov/public/file/rt2qel86suoy_guddvbfqw/T1919-Bid-Tab.pdf,T1919-Bid-Tab.pdf,364049,,,,2026-08-07,downloaded
Florida,DOT,florida_dot,T1925,T1925,,https://ftp.fdot.gov/public/file/xqhftio22eeqfapvhd54fq/T1925BSN.pdf,T1925BSN.pdf,91901,,,,2026-08-07,downloaded
Florida,DOT,florida_dot,T1925,T1925,,https://ftp.fdot.gov/public/file/8ec4knjz9ecgsbog3ryeaw/T1925Addendum001.pdf,T1925Addendum001.pdf,892509,,,,2026-08-07,downloaded
Florida,DOT,florida_dot,T1925,T1925,,https://ftp.fdot.gov/public/file/6cdpsjfmdk-laayxmmch9w/T1925-Bid-Tab.pdf,T1925-Bid-Tab.pdf,318341,,,,2026-08-07,downloaded
Florida,DOT,florida_dot,T1928,T1928,,https://ftp.fdot.gov/public/file/pcqkjttc4k6hkmbyuhg84q/T1928BSN.pdf,T1928BSN.pdf,46926,,,,2026-08-07,downloaded
Florida,DOT,florida_dot,T1928,T1928,,https://ftp.fdot.gov/public/file/phoy-jxpbuywtmpvxkplpq/T1928-Bid-Tab.pdf,T1928-Bid-Tab.pdf,357797,,,,2026-08-07,downloaded
Florida,DOT,florida_dot,T1932,T1932,,https://ftp.fdot.gov/public/file/wezghpb9e0ernp5nxnma7g/T1932BSN.pdf,T1932BSN.pdf,52980,,,,2026-08-07,downloaded
Florida,DOT,florida_dot,T1932,T1932,,https://ftp.fdot.gov/public/file/pxtpjjp-quqntakc1cvm4q/T1932-Bid-Tab.pdf,T1932-Bid-Tab.pdf,341309,,,,2026-08-07,downloaded
Florida,DOT,florida_dot,T1934,T1934,,https://ftp.fdot.gov/public/file/k_mhtsyeyeutgqbdxgkxvg/T1934BSN.pdf,T1934BSN.pdf,52607,,,,2026-08-07,downloaded
Florida,DOT,florida_dot,T1934,T1934,,https://ftp.fdot.gov/public/file/adwbvpfxlu2zfltzhavd6a/T1934-Bid-Tab.pdf,T1934-Bid-Tab.pdf,340791,,,,2026-08-07,downloaded
Florida,DOT,florida_dot,T2963,T2963,,https://ftp.fdot.gov/public/file/2qt8kidiq0ianfuon4rneq/T2963BSN.pdf,T2963BSN.pdf,90018,,,,2026-08-07,downloaded
Florida,DOT,florida_dot,T2963,T2963,,https://ftp.fdot.gov/public/file/qlps8t6vkugk0ocammitqa/T2963-Bid-Tab.pdf,T2963-Bid-Tab.pdf,309655,,,,2026-08-07,downloaded
Florida,DOT,florida_dot,T2A61,T2A61,,https://ftp.fdot.gov/public/file/nr4gn3rlb0q69kwr3hdyza/T2A61BSN.pdf,T2A61BSN.pdf,81605,,,,2026-08-07,downloaded
Florida,DOT,florida_dot,T2A61,T2A61,,https://ftp.fdot.gov/public/file/lo5ck-jh8kq7ee2a1kwqxg/T2A61-Bid-Tab.pdf,T2A61-Bid-Tab.pdf,301029,,,,2026-08-07,downloaded
Florida,DOT,florida_dot,T2A62,T2A62,,https://ftp.fdot.gov/public/file/3mfluayuxkcaryz_dqmrwg/T2A62BSN.pdf,T2A62BSN.pdf,84869,,,,2026-08-07,downloaded
Florida,DOT,florida_dot,T2A62,T2A62,,https://ftp.fdot.gov/public/file/e3t6stjwzuqhegadhxm9ow/T2A62-Bid-Tab.pdf,T2A62-Bid-Tab.pdf,320260,,,,2026-08-07,downloaded
Florida,DOT,florida_dot,T2A65,T2A65,,https://ftp.fdot.gov/public/file/ciq38o9uru-cqfqqu4z3sw/T2A65BSN.pdf,T2A65BSN.pdf,53080,,,,2026-08-07,downloaded
Florida,DOT,florida_dot,T2A65,T2A65,,https://ftp.fdot.gov/public/file/owzymsqnyeu1z8uqriv94w/T2A65-Bid-Tab.pdf,T2A65-Bid-Tab.pdf,194353,,,,2026-08-07,downloaded
Florida,DOT,florida_dot,T2A70,T2A70,,https://ftp.fdot.gov/public/file/ti53u3gtpu6zpgtxw8ukxw/T2A70BSN.pdf,T2A70BSN.pdf,47638,,,,2026-08-07,downloaded
Florida,DOT,florida_dot,T2A70,T2A70,,https://ftp.fdot.gov/public/file/nlrszcxr9umrgamrejnxtg/T2A70-Bid-Tab.pdf,T2A70-Bid-Tab.pdf,220630,,,,2026-08-07,downloaded
Florida,DOT,florida_dot,T3939,T3939,,https://ftp.fdot.gov/public/file/sesirf_6akgutcdsyzhhia/T3939BSN.pdf,T3939BSN.pdf,79939,,,,2026-08-07,downloaded
Florida,DOT,florida_dot,T3939,T3939,,https://ftp.fdot.gov/public/file/2puo_s44m0gm8mpvafq5ww/T3939-Bid-Tab.pdf,T3939-Bid-Tab.pdf,278757,,,,2026-08-07,downloaded
Florida,DOT,florida_dot,T3951,T3951,,https://ftp.fdot.gov/public/file/fgdubeg5hkycxgxsakgr9w/T3951BSN.pdf,T3951BSN.pdf,55291,,,,2026-08-07,downloaded
Florida,DOT,florida_dot,T3951,T3951,,https://ftp.fdot.gov/public/file/mk1lm3fwd06ofnwekneoya/T3951Addendum001.pdf,T3951Addendum001.pdf,200461,,,,2026-08-07,downloaded
Florida,DOT,florida_dot,T3951,T3951,,https://ftp.fdot.gov/public/file/jp9ldmrprumgni9qhd-b2g/T3951-Bid-Tab.pdf,T3951-Bid-Tab.pdf,348029,,,,2026-08-07,downloaded
Florida,DOT,florida_dot,T3962,T3962,,https://ftp.fdot.gov/public/file/umo8baetpk2k0hxbfszntw/T3962BSN.pdf,T3962BSN.pdf,48537,,,,2026-08-07,downloaded
Florida,DOT,florida_dot,T3962,T3962,,https://ftp.fdot.gov/public/file/f-pmsfp66uusx1b9_j4gka/T3962-Bid-Tab.pdf,T3962-Bid-Tab.pdf,290933,,,,2026-08-07,downloaded
Florida,DOT,florida_dot,T3964,T3964,,https://ftp.fdot.gov/public/file/beublwmunuuaiki8qpcgla/T3964BSN.pdf,T3964BSN.pdf,52914,,,,2026-08-07,downloaded
Florida,DOT,florida_dot,T3964,T3964,,https://ftp.fdot.gov/public/file/uglx_dz3kucrqjmw9oejkg/T3964-Bid-Tab.pdf,T3964-Bid-Tab.pdf,300868,,,,2026-08-07,downloaded
Florida,DOT,florida_dot,T3A02,T3A02,,https://ftp.fdot.gov/public/file/flfd-s7upuysrylyfthg-q/T3A02BSN.pdf,T3A02BSN.pdf,87989,,,,2026-08-07,downloaded
Florida,DOT,florida_dot,T3A02,T3A02,,https://ftp.fdot.gov/public/file/goclolufbusvwjcrgbfenq/T3A02-Bid-Tab.pdf,T3A02-Bid-Tab.pdf,316876,,,,2026-08-07,downloaded
Florida,DOT,florida_dot,T3A09,T3A09,,https://ftp.fdot.gov/public/file/7gv6ars1xe2gk8hwgehnfq/T3A09BSN.pdf,T3A09BSN.pdf,167311,,,,2026-08-07,downloaded
Florida,DOT,florida_dot,T3A09,T3A09,,https://ftp.fdot.gov/public/file/pitpmgpumei3kqh6qqry2a/T3A09-Bid-Tab.pdf,T3A09-Bid-Tab.pdf,315303,,,,2026-08-07,downloaded
Florida,DOT,florida_dot,T4734,T4734,,https://ftp.fdot.gov/public/file/d3zzjantg02o8rjlxs-msg/T4734BSN.pdf,T4734BSN.pdf,55310,,,,2026-08-07,downloaded
Florida,DOT,florida_dot,T4734,T4734,,https://ftp.fdot.gov/public/file/gkibvfa1xkepqcxt4earoq/T4734-Bid-Tab.pdf,T4734-Bid-Tab.pdf,345936,,,,2026-08-07,downloaded
Florida,DOT,florida_dot,T4735,T4735,,https://ftp.fdot.gov/public/file/jwso_ny0lukfqofh681zsq/T4735BSN.pdf,T4735BSN.pdf,58446,,,,2026-08-07,downloaded
Florida,DOT,florida_dot,T4735,T4735,,https://ftp.fdot.gov/public/file/jfcho6fxckk1l-pvu042mq/T4735-Bid-Tab.pdf,T4735-Bid-Tab.pdf,263101,,,,2026-08-07,downloaded
Florida,DOT,florida_dot,T4740,T4740,,https://ftp.fdot.gov/public/file/8ysv6kqlheslxb1oyl0dma/T4740BSN.pdf,T4740BSN.pdf,97114,,,,2026-08-07,downloaded
Florida,DOT,florida_dot,T4740,T4740,,https://ftp.fdot.gov/public/file/cwxfafw57uutpdolzpeqfq/T4740-Bid-Tab.pdf,T4740-Bid-Tab.pdf,450513,,,,2026-08-07,downloaded
Florida,DOT,florida_dot,T4753,T4753,,https://ftp.fdot.gov/public/file/jyfiwetvxecytf3bhqjefg/T4753BSN.pdf,T4753BSN.pdf,158623,,,,2026-08-07,downloaded
Florida,DOT,florida_dot,T4753,T4753,,https://ftp.fdot.gov/public/file/eonzyeihzuunl-uday54bq/T4753-Bid-Tab.pdf,T4753-Bid-Tab.pdf,279169,,,,2026-08-07,downloaded
Florida,DOT,florida_dot,T5877,T5877,,https://ftp.fdot.gov/public/file/x2csgmb2okwoambon0l0zw/T5877BSN.pdf,T5877BSN.pdf,57446,,,,2026-08-07,downloaded
Florida,DOT,florida_dot,T5877,T5877,,https://ftp.fdot.gov/public/file/nvinpjz7nky9nooms5e9qg/T5877-Bid-Tab.pdf,T5877-Bid-Tab.pdf,324594,,,,2026-08-07,downloaded
Florida,DOT,florida_dot,T5878,T5878,,https://ftp.fdot.gov/public/file/kq88xv6xi0ephfrfythfba/T5878BSN.pdf,T5878BSN.pdf,88143,,,,2026-08-07,downloaded
Florida,DOT,florida_dot,T5878,T5878,,https://ftp.fdot.gov/public/file/px3gsceete6wa3djqmfkfg/T5878-Bid-Tab.pdf,T5878-Bid-Tab.pdf,306157,,,,2026-08-07,downloaded
Florida,DOT,florida_dot,T6589,T6589,,https://ftp.fdot.gov/public/file/clihpowhfek5w9zveq_bhq/T6589BSN.pdf,T6589BSN.pdf,103529,,,,2026-08-07,downloaded
Florida,DOT,florida_dot,T6589,T6589,,https://ftp.fdot.gov/public/file/cwpf8f3od0cevagsxfptma/T6589-Bid-Tab.pdf,T6589-Bid-Tab.pdf,430862,,,,2026-08-07,downloaded
Florida,DOT,florida_dot,T6591,T6591,,https://ftp.fdot.gov/public/file/zsfisuvtnkeo0cquv1by3a/T6591BSN.pdf,T6591BSN.pdf,106501,,,,2026-08-07,downloaded
Florida,DOT,florida_dot,T6591,T6591,,https://ftp.fdot.gov/public/file/g0umekv6-ugrcvc7jertxg/T6591-Bid-Tab.pdf,T6591-Bid-Tab.pdf,493247,,,,2026-08-07,downloaded
Florida,DOT,florida_dot,T7586,T7586,,https://ftp.fdot.gov/public/file/xiuikotl5usmrw7octisja/T7586BSN.pdf,T7586BSN.pdf,56687,,,,2026-08-07,downloaded
Florida,DOT,florida_dot,T7586,T7586,,https://ftp.fdot.gov/public/file/n9ptretqrk2xrncwu6vsug/T7586Addendum001.pdf,T7586Addendum001.pdf,466710,,,,2026-08-07,downloaded
Florida,DOT,florida_dot,T7586,T7586,,https://ftp.fdot.gov/public/file/j0swof8bjkyvmjbrvskxbw/T7586-Bid-Tab.pdf,T7586-Bid-Tab.pdf,365624,,,,2026-08-07,downloaded
Florida,DOT,florida_dot,T2809,T2809,,https://ftp.fdot.gov/public/file/4fuz1fyhfkctnvdpjtusbw/T2809BSN.pdf,T2809BSN.pdf,57050,,,,2026-08-07,downloaded
Florida,DOT,florida_dot,T2809,T2809,,https://ftp.fdot.gov/public/file/u2obrlibme6778-cqzp9ja/T2809Addendum001.pdf,T2809Addendum001.pdf,277000,,,,2026-08-07,downloaded
Florida,DOT,florida_dot,T2809,T2809,,https://ftp.fdot.gov/public/file/9ftwfwxkje-hcfymy6jjwa/T2809-Bid-Tab.pdf,T2809-Bid-Tab.pdf,255499,,,,2026-08-07,downloaded
Florida,DOT,florida_dot,T3919,T3919,,https://ftp.fdot.gov/public/file/uhstxvpdneycqxefexryzw/T3919BSN.pdf,T3919BSN.pdf,119001,,,,2026-08-07,downloaded
Florida,DOT,florida_dot,T3919,T3919,,https://ftp.fdot.gov/public/file/evlvk9wq6uo31xrhjxx1ua/T3919-Bid-Tab.pdf,T3919-Bid-Tab.pdf,264630,,,,2026-08-07,downloaded
Florida,DOT,florida_dot,T3995,T3995,,https://ftp.fdot.gov/public/file/omncqawda0o2fiew3jpbyw/T3995BSN.pdf,T3995BSN.pdf,89515,,,,2026-08-07,downloaded
Florida,DOT,florida_dot,T3995,T3995,,https://ftp.fdot.gov/public/file/amdioykl2km1auo9q-mw3g/T3995-Bid-Tab.pdf,T3995-Bid-Tab.pdf,256699,,,,2026-08-07,downloaded
Florida,DOT,florida_dot,T3996,T3996,,https://ftp.fdot.gov/public/file/m1ywjx94feaa8anmflzt5g/T3996BSN.pdf,T3996BSN.pdf,51559,,,,2026-08-07,downloaded
Florida,DOT,florida_dot,T3996,T3996,,https://ftp.fdot.gov/public/file/ejhg0zh9k0oqvzg8o-ivna/T3996-Bid-Tab.pdf,T3996-Bid-Tab.pdf,408154,,,,2026-08-07,downloaded
Florida,DOT,florida_dot,T3997,T3997,,https://ftp.fdot.gov/public/file/5ffn4mp4secuf_wha00kpw/T3997BSN.pdf,T3997BSN.pdf,86095,,,,2026-08-07,downloaded
Florida,DOT,florida_dot,T3997,T3997,,https://ftp.fdot.gov/public/file/inl_wt2lju-ihkszfomafw/T3997-Bid-Tab.pdf,T3997-Bid-Tab.pdf,277666,,,,2026-08-07,downloaded
Florida,DOT,florida_dot,T4723,T4723,,https://ftp.fdot.gov/public/file/iay7_grinusyn8yumxkswq/T4723BSN.pdf,T4723BSN.pdf,84524,,,,2026-08-07,downloaded
Florida,DOT,florida_dot,T4723,T4723,,https://ftp.fdot.gov/public/file/omok1kn8aesghwxzec_h-g/T4723-Bid-Tab.pdf,T4723-Bid-Tab.pdf,289910,,,,2026-08-07,downloaded
Florida,DOT,florida_dot,T4738,T4738,,https://ftp.fdot.gov/public/file/ttapv1u1euqepzczpq2yqw/T4738BSN.pdf,T4738BSN.pdf,68304,,,,2026-08-07,downloaded
Florida,DOT,florida_dot,T4738,T4738,,https://ftp.fdot.gov/public/file/v3ijuf9z60kqlfjb581daq/T4738-Bid-Tab.pdf,T4738-Bid-Tab.pdf,465895,,,,2026-08-07,downloaded
Florida,DOT,florida_dot,T5880,T5880,,https://ftp.fdot.gov/public/file/rwurnul2euu_hhicxpeioq/T5880BSN.pdf,T5880BSN.pdf,134510,,,,2026-08-07,downloaded
Florida,DOT,florida_dot,T5880,T5880,,https://ftp.fdot.gov/public/file/i9uc-arrtkwwpfdnjxl3wg/T5880-Bid-Tab.pdf,T5880-Bid-Tab.pdf,237463,,,,2026-08-07,downloaded
Florida,DOT,florida_dot,T5881,T5881,,https://ftp.fdot.gov/public/file/jmvz2mzpmeaf58rsrfzd5w/T5881BSN.pdf,T5881BSN.pdf,61932,,,,2026-08-07,downloaded
Florida,DOT,florida_dot,T5881,T5881,,https://ftp.fdot.gov/public/file/ht1oh_cnzkou7xm9n-5qhw/T5881-Bid-Tab.pdf,T5881-Bid-Tab.pdf,296638,,,,2026-08-07,downloaded
Florida,DOT,florida_dot,T7562,T7562,,https://ftp.fdot.gov/public/file/zkhavjavmkwj8vxn5a0vsg/T7562BSN.pdf,T7562BSN.pdf,120150,,,,2026-08-07,downloaded
Florida,DOT,florida_dot,T7562,T7562,,https://ftp.fdot.gov/public/file/4giordrfbkcetqmxkqdjfa/T7562Addendum001.pdf,T7562Addendum001.pdf,784274,,,,2026-08-07,downloaded
Florida,DOT,florida_dot,T7562,T7562,,https://ftp.fdot.gov/public/file/lteohc2yfeilkynrnfzwew/T7562-Bid-Tab.pdf,T7562-Bid-Tab.pdf,586506,,,,2026-08-07,downloaded
Florida,DOT,florida_dot,T7611,T7611,,https://ftp.fdot.gov/public/file/crzxcwb8eu2hhkleirf7sa/T7611BSN.pdf,T7611BSN.pdf,61439,,,,2026-08-07,downloaded
Florida,DOT,florida_dot,T7611,T7611,,https://ftp.fdot.gov/public/file/yhulpon5juscti3u7esfxw/T7611-Bid-Tab.pdf,T7611-Bid-Tab.pdf,422300,,,,2026-08-07,downloaded
Florida,DOT,florida_dot,T7615,T7615,,https://ftp.fdot.gov/public/file/wlzpujuzcu-lowyf8rxkrw/T7615BSN.pdf,T7615BSN.pdf,53867,,,,2026-08-07,downloaded
Florida,DOT,florida_dot,T7615,T7615,,https://ftp.fdot.gov/public/file/jrshl625wemikwh5iarwrw/T7615-Bid-Tab.pdf,T7615-Bid-Tab.pdf,240320,,,,2026-08-07,downloaded
Florida,DOT,florida_dot,T4666,T4666,,https://ftp.fdot.gov/public/file/lwwvrlymque4tji3227atq/T4666BSN.pdf,T4666BSN.pdf,86352,,,,2026-08-07,downloaded
Florida,DOT,florida_dot,T4666,T4666,,https://ftp.fdot.gov/public/file/vbeckkiqhuonvigfvlbloa/T4666Addendum001.pdf,T4666Addendum001.pdf,1536000,,,,2026-08-07,downloaded
Florida,DOT,florida_dot,T4666,T4666,,https://ftp.fdot.gov/public/file/0lidftqqnuuytnzvibjrlg/T4666-Bid-Tab.pdf,T4666-Bid-Tab.pdf,725432,,,,2026-08-07,downloaded
Florida,DOT,florida_dot,T5882,T5882,,https://ftp.fdot.gov/public/file/bxmhz4bkeeso6uisniuymg/T5882BSN.pdf,T5882BSN.pdf,182679,,,,2026-08-07,downloaded
Florida,DOT,florida_dot,T5882,T5882,,https://ftp.fdot.gov/public/file/0fdxf_5avu2dc9dmy5mm4q/T5882Addendum001.pdf,T5882Addendum001.pdf,1255885,,,,2026-08-07,downloaded
Florida,DOT,florida_dot,T5882,T5882,,https://ftp.fdot.gov/public/file/5w6kdziynkuzyod7h7j_vw/T5882Addendum002.pdf,T5882Addendum002.pdf,1070942,,,,2026-08-07,downloaded
Florida,DOT,florida_dot,T5882,T5882,,https://ftp.fdot.gov/public/file/ucfnuvmf70ktelkjdnlrrq/T5882-Bid-Tab.pdf,T5882-Bid-Tab.pdf,671114,,,,2026-08-07,downloaded
Florida,DOT,florida_dot,T1933,T1933,,https://ftp.fdot.gov/public/file/nv4d_w1k30ufo4ewjyzlew/T1933BSN.pdf,T1933BSN.pdf,48862,,,,2026-08-07,downloaded
Florida,DOT,florida_dot,T1933,T1933,,https://ftp.fdot.gov/public/file/84vs-nl3su2rrlo6thdm_q/T1933-Bid-Tab.pdf,T1933-Bid-Tab.pdf,374850,,,,2026-08-07,downloaded
Florida,DOT,florida_dot,T2A47,T2A47,,https://ftp.fdot.gov/public/file/aja2aymyvuiy4s1fsa-aba/T2A47BSN.pdf,T2A47BSN.pdf,47406,,,,2026-08-07,downloaded
Florida,DOT,florida_dot,T2A47,T2A47,,https://ftp.fdot.gov/public/file/gowguqhkgke44tmucqpdfg/T2A47Addendum001.pdf,T2A47Addendum001.pdf,190370,,,,2026-08-07,downloaded
Florida,DOT,florida_dot,T2A47,T2A47,,https://ftp.fdot.gov/public/file/9hkfiinlr0ymg4_eqmyyaa/T2A47Addendum002.pdf,T2A47Addendum002.pdf,924213,,,,2026-08-07,downloaded
Florida,DOT,florida_dot,T2A47,T2A47,,https://ftp.fdot.gov/public/file/qkyrwmx6zk25vm7mfjt5na/T2A47Addendum003.pdf,T2A47Addendum003.pdf,784734,,,,2026-08-07,downloaded
Florida,DOT,florida_dot,T2A47,T2A47,,https://ftp.fdot.gov/public/file/ihs8qcsoveg68taahroavq/T2A47-Bid-Tab.pdf,T2A47-Bid-Tab.pdf,189399,,,,2026-08-07,downloaded
Florida,DOT,florida_dot,T2A66,T2A66,,https://ftp.fdot.gov/public/file/0vmc5uthlkairv2mtmg1_a/T2A66BSN.pdf,T2A66BSN.pdf,85238,,,,2026-08-07,downloaded
Florida,DOT,florida_dot,T2A66,T2A66,,https://ftp.fdot.gov/public/file/c1vxfcuf3e6ukbo3jrsr1g/T2A66-Bid-Tab.pdf,T2A66-Bid-Tab.pdf,370712,,,,2026-08-07,downloaded
Florida,DOT,florida_dot,T2A68,T2A68,,https://ftp.fdot.gov/public/file/waf0wfdsgecwhv7cuyzb5w/T2A68BSN.pdf,T2A68BSN.pdf,50040,,,,2026-08-07,downloaded
Florida,DOT,florida_dot,T2A68,T2A68,,https://ftp.fdot.gov/public/file/tqwh_dmk702fkpzoeyq4wq/T2A68Addendum001.pdf,T2A68Addendum001.pdf,527764,,,,2026-08-07,downloaded
Florida,DOT,florida_dot,T2A68,T2A68,,https://ftp.fdot.gov/public/file/mme3md9edkgmilrp7hdlcw/T2A68Addendum002.pdf,T2A68Addendum002.pdf,526170,,,,2026-08-07,downloaded
Florida,DOT,florida_dot,T2A68,T2A68,,https://ftp.fdot.gov/public/file/qrxhdyvhdu63syqhpefkow/T2A68-Bid-Tab.pdf,T2A68-Bid-Tab.pdf,370499,,,,2026-08-07,downloaded
Florida,DOT,florida_dot,T3987,T3987,,https://ftp.fdot.gov/public/file/3yjipug_aegvz46w0nunxa/T3987BSN.pdf,T3987BSN.pdf,94391,,,,2026-08-07,downloaded
Florida,DOT,florida_dot,T3987,T3987,,https://ftp.fdot.gov/public/file/t2vizae0r0ahvh6k40rdlg/T3987-Bid-Tab.pdf,T3987-Bid-Tab.pdf,396049,,,,2026-08-07,downloaded
Florida,DOT,florida_dot,T3991,T3991,,https://ftp.fdot.gov/public/file/vdvmcirtwku03xcsffzeow/T3991BSN.pdf,T3991BSN.pdf,90826,,,,2026-08-07,downloaded
Florida,DOT,florida_dot,T3991,T3991,,https://ftp.fdot.gov/public/file/jes4dcdeee6wgbbzf_isig/T3991-Bid-Tab.pdf,T3991-Bid-Tab.pdf,429793,,,,2026-08-07,downloaded
Florida,DOT,florida_dot,T3992,T3992,,https://ftp.fdot.gov/public/file/f31nyuup3ew54mwwocd23a/T3992BSN.pdf,T3992BSN.pdf,51957,,,,2026-08-07,downloaded
Florida,DOT,florida_dot,T3992,T3992,,https://ftp.fdot.gov/public/file/amyfht-s50wndcnnwtp0hq/T3992-Bid-Tab.pdf,T3992-Bid-Tab.pdf,354601,,,,2026-08-07,downloaded
Florida,DOT,florida_dot,T4737,T4737,,https://ftp.fdot.gov/public/file/h9qusw-96kmjopukr5-zig/T4737BSN.pdf,T4737BSN.pdf,87705,,,,2026-08-07,downloaded
Florida,DOT,florida_dot,T4737,T4737,,https://ftp.fdot.gov/public/file/oscf-sy2w0gifrn5gknamw/T4737-Bid-Tab.pdf,T4737-Bid-Tab.pdf,389363,,,,2026-08-07,downloaded
Florida,DOT,florida_dot,T5863,T5863,,https://ftp.fdot.gov/public/file/3j3cnbxrpuqk9u7cfcp_oq/T5863BSN.pdf,T5863BSN.pdf,97168,,,,2026-08-07,downloaded
Florida,DOT,florida_dot,T5863,T5863,,https://ftp.fdot.gov/public/file/52xwe2exdum15j03zbnksw/T5863-Bid-Tab.pdf,T5863-Bid-Tab.pdf,452486,,,,2026-08-07,downloaded
Florida,DOT,florida_dot,T7576,T7576,,https://ftp.fdot.gov/public/file/qyaxo8cugeqejtw_ocpn-q/T7576BSN.pdf,T7576BSN.pdf,49272,,,,2026-08-07,downloaded
Florida,DOT,florida_dot,T7576,T7576,,https://ftp.fdot.gov/public/file/-_qpgr8mrkg8cwqhs59kpw/T7576-Bid-Tab.pdf,T7576-Bid-Tab.pdf,349508,,,,2026-08-07,downloaded
Florida,DOT,florida_dot,T7587,T7587,,https://ftp.fdot.gov/public/file/kwuk5ygfpkqnyudz1tbiva/T7587BSN.pdf,T7587BSN.pdf,96377,,,,2026-08-07,downloaded
Florida,DOT,florida_dot,T7587,T7587,,https://ftp.fdot.gov/public/file/fo_vf_kvkk-y4ud-fsy97w/T7587-Bid-Tab.pdf,T7587-Bid-Tab.pdf,427721,,,,2026-08-07,downloaded
Florida,DOT,florida_dot,T7595,T7595,,https://ftp.fdot.gov/public/file/mxxqfd7tsu-0_kz-wr3kpw/T7595BSN.pdf,T7595BSN.pdf,103460,,,,2026-08-07,downloaded
Florida,DOT,florida_dot,T7595,T7595,,https://ftp.fdot.gov/public/file/lvqp2opsdew6jeqrllifoq/T7595Addendum001.pdf,T7595Addendum001.pdf,481510,,,,2026-08-07,downloaded
Florida,DOT,florida_dot,T7595,T7595,,https://ftp.fdot.gov/public/file/lfufkgs4c0epftvewnrqrq/T7595-Bid-Tab.pdf,T7595-Bid-Tab.pdf,540246,,,,2026-08-07,downloaded
Florida,DOT,florida_dot,T7607,T7607,,https://ftp.fdot.gov/public/file/l-hwlpwv6emlbkwybpvjqw/T7607BSN.pdf,T7607BSN.pdf,56248,,,,2026-08-07,downloaded
Florida,DOT,florida_dot,T7607,T7607,,https://ftp.fdot.gov/public/file/cfb0cjgaxksugy8avpq2gw/T7607-Bid-Tab.pdf,T7607-Bid-Tab.pdf,423497,,,,2026-08-07,downloaded
Florida,DOT,florida_dot,T7609,T7609,,https://ftp.fdot.gov/public/file/0xerjgkjsue-lyqoobqezw/T7609BSN.pdf,T7609BSN.pdf,80499,,,,2026-08-07,downloaded
Florida,DOT,florida_dot,T7609,T7609,,https://ftp.fdot.gov/public/file/_8y8dzu0u0ecg6mquv42qg/T7609-Bid-Tab.pdf,T7609-Bid-Tab.pdf,355475,,,,2026-08-07,downloaded
Florida,DOT,florida_dot,T7610,T7610,,https://ftp.fdot.gov/public/file/meqnexr4m0etlt5n4lio1a/T7610BSN.pdf,T7610BSN.pdf,96267,,,,2026-08-07,downloaded
Florida,DOT,florida_dot,T7610,T7610,,https://ftp.fdot.gov/public/file/yzwde_b9legauwsk36qxgg/T7610Addendum001.pdf,T7610Addendum001.pdf,461996,,,,2026-08-07,downloaded
Florida,DOT,florida_dot,T7610,T7610,,https://ftp.fdot.gov/public/file/tph-ge_lw0mnjnomoinkrq/T7610Addendum002.pdf,T7610Addendum002.pdf,962583,,,,2026-08-07,downloaded
Florida,DOT,florida_dot,T7610,T7610,,https://ftp.fdot.gov/public/file/3cjsdxetm0yplu7ak9dweq/T7610-Bid-Tab.pdf,T7610-Bid-Tab.pdf,450487,,,,2026-08-07,downloaded
Florida,DOT,florida_dot,T9049,T9049,,https://ftp.fdot.gov/public/file/xgl0ocnx9koodfaq2qkahg/T9049BSN.pdf,T9049BSN.pdf,67393,,,,2026-08-07,downloaded
Florida,DOT,florida_dot,T9049,T9049,,https://ftp.fdot.gov/public/file/prlcaj6w4ksifvywnwhfaq/T9049-Bid-Tab.pdf,T9049-Bid-Tab.pdf,327173,,,,2026-08-07,downloaded
Florida,DOT,florida_dot,T1930,T1930,,https://ftp.fdot.gov/public/file/gmntid98mko-d4-kmr_npw/T1930BSN.pdf,T1930BSN.pdf,50539,,,,2026-08-07,downloaded
Florida,DOT,florida_dot,T1930,T1930,,https://ftp.fdot.gov/public/file/6kszxkgfie-r7fvcokorkw/T1930Addendum001.pdf,T1930Addendum001.pdf,779844,,,,2026-08-07,downloaded
Florida,DOT,florida_dot,T1930,T1930,,https://ftp.fdot.gov/public/file/-t4extvrpuczgn40thlylq/T1930-Bid-Tab.pdf,T1930-Bid-Tab.pdf,387941,,,,2026-08-07,downloaded
Florida,DOT,florida_dot,T2A50,T2A50,,https://ftp.fdot.gov/public/file/y7gta1zhke2l68eavaipna/T2A50BSN.pdf,T2A50BSN.pdf,57458,,,,2026-08-07,downloaded
Florida,DOT,florida_dot,T2A50,T2A50,,https://ftp.fdot.gov/public/file/xqbuwsv_q0oo3s9me_haza/T2A50-Bid-Tab.pdf,T2A50-Bid-Tab.pdf,357857,,,,2026-08-07,downloaded
Florida,DOT,florida_dot,T2A63,T2A63,,https://ftp.fdot.gov/public/file/xxuzaet_c0oylyeaw8xenq/T2A63BSN.pdf,T2A63BSN.pdf,189583,,,,2026-08-07,downloaded
Florida,DOT,florida_dot,T2A63,T2A63,,https://ftp.fdot.gov/public/file/hatkdikk2esdx9eenytifa/T2A63-Bid-Tab.pdf,T2A63-Bid-Tab.pdf,418016,,,,2026-08-07,downloaded
Florida,DOT,florida_dot,T3952,T3952,,https://ftp.fdot.gov/public/file/kcbpdjclgu2hsjyfp49obq/T3952BSN.pdf,T3952BSN.pdf,94532,,,,2026-08-07,downloaded
Florida,DOT,florida_dot,T3981,T3981,,https://ftp.fdot.gov/public/file/8khmnjw18umrbbyi3aeblg/T3981BSN.pdf,T3981BSN.pdf,87988,,,,2026-08-07,downloaded
Florida,DOT,florida_dot,T3981,T3981,,https://ftp.fdot.gov/public/file/h5s1czcps0euikbxwsn0ka/T3981-Bid-Tab.pdf,T3981-Bid-Tab.pdf,341210,,,,2026-08-07,downloaded
Florida,DOT,florida_dot,T4766,T4766,,https://ftp.fdot.gov/public/file/lscrlr6fd0sxq22k28w33a/T4766BSN.pdf,T4766BSN.pdf,56730,,,,2026-08-07,downloaded
Florida,DOT,florida_dot,T4766,T4766,,https://ftp.fdot.gov/public/file/lohnhy90o0m-v58izg--lw/T4766-Bid-Tab.pdf,T4766-Bid-Tab.pdf,417059,,,,2026-08-07,downloaded
Florida,DOT,florida_dot,T5884,T5884,,https://ftp.fdot.gov/public/file/4hcoknwoh0gu9cps2htcja/T5884BSN.pdf,T5884BSN.pdf,65877,,,,2026-08-07,downloaded
Florida,DOT,florida_dot,T5884,T5884,,https://ftp.fdot.gov/public/file/ihqbbbxpfkc185-5dzqclw/T5884Addendum001.pdf,T5884Addendum001.pdf,1071804,,,,2026-08-07,downloaded
Florida,DOT,florida_dot,T5884,T5884,,https://ftp.fdot.gov/public/file/-fiufkq9wk62f9akmwxrkw/T5884-Bid-Tab.pdf,T5884-Bid-Tab.pdf,450216,,,,2026-08-07,downloaded
Florida,DOT,florida_dot,T5885,T5885,,https://ftp.fdot.gov/public/file/btzecry_v0oegiylhn5uhq/T5885BSN.pdf,T5885BSN.pdf,69073,,,,2026-08-07,downloaded
Florida,DOT,florida_dot,T5885,T5885,,https://ftp.fdot.gov/public/file/wpfx2oqehu-75h1luwv0ga/T5885Addendum001.pdf,T5885Addendum001.pdf,1039852,,,,2026-08-07,downloaded
Florida,DOT,florida_dot,T5885,T5885,,https://ftp.fdot.gov/public/file/47la7deg3uchgemvgkihuw/T5885Addendum002.pdf,T5885Addendum002.pdf,189779,,,,2026-08-07,downloaded
Florida,DOT,florida_dot,T5885,T5885,,https://ftp.fdot.gov/public/file/kvcpz10pluirweauw5xwna/T5885Addendum003.pdf,T5885Addendum003.pdf,1093681,,,,2026-08-07,downloaded
Florida,DOT,florida_dot,T5885,T5885,,https://ftp.fdot.gov/public/file/ebfngltvjech1gawgarf-a/T5885-Bid-Tab.pdf,T5885-Bid-Tab.pdf,455641,,,,2026-08-07,downloaded
Florida,DOT,florida_dot,T5886,T5886,,https://ftp.fdot.gov/public/file/0n_ioxubremqzcd43zqpeq/T5886BSN.pdf,T5886BSN.pdf,88559,,,,2026-08-07,downloaded
Florida,DOT,florida_dot,T5886,T5886,,https://ftp.fdot.gov/public/file/ny0haffomeisl_aeqe_fog/T5886-Bid-Tab.pdf,T5886-Bid-Tab.pdf,395323,,,,2026-08-07,downloaded
Florida,DOT,florida_dot,T5888,T5888,,https://ftp.fdot.gov/public/file/-gtvpq0odkq1n94jql80kg/T5888BSN.pdf,T5888BSN.pdf,69277,,,,2026-08-07,downloaded
Florida,DOT,florida_dot,T5888,T5888,,https://ftp.fdot.gov/public/file/jszphp5xj06xu7yzv8zumw/T5888Addendum001.pdf,T5888Addendum001.pdf,1089366,,,,2026-08-07,downloaded
Florida,DOT,florida_dot,T5888,T5888,,https://ftp.fdot.gov/public/file/xmk0catnz0um4r9hpumeea/T5888-Bid-Tab.pdf,T5888-Bid-Tab.pdf,544166,,,,2026-08-07,downloaded
Florida,DOT,florida_dot,T7534,T7534,,https://ftp.fdot.gov/public/file/zrkgqickyuse_ze_a2jtbw/T7534BSN.pdf,T7534BSN.pdf,115206,,,,2026-08-07,downloaded
Florida,DOT,florida_dot,T7534,T7534,,https://ftp.fdot.gov/public/file/3nslpwrizecol-h-vv-xfw/T7534Addendum001.pdf,T7534Addendum001.pdf,538188,,,,2026-08-07,downloaded
Florida,DOT,florida_dot,T7534,T7534,,https://ftp.fdot.gov/public/file/kv8kqdtt8esytdnvwhad0a/T7534-Bid-Tab.pdf,T7534-Bid-Tab.pdf,532021,,,,2026-08-07,downloaded
Florida,DOT,florida_dot,T5883,T5883,,https://ftp.fdot.gov/public/file/tjiad6m3deob-rh-uo2ina/T5883BSN.pdf,T5883BSN.pdf,55802,,,,2026-08-07,downloaded
Florida,DOT,florida_dot,T5883,T5883,,https://ftp.fdot.gov/public/file/bhkoyjtcneuwkdz2xjonpa/T5883Addendum001.pdf,T5883Addendum001.pdf,461581,,,,2026-08-07,downloaded
Florida,DOT,florida_dot,T5883,T5883,,https://ftp.fdot.gov/public/file/hrwk27uwu0armr_5dvilqg/T5883Addendum002.pdf,T5883Addendum002.pdf,190393,,,,2026-08-07,downloaded
Florida,DOT,florida_dot,T5883,T5883,,https://ftp.fdot.gov/public/file/mbwzzfwpz0-grxvzjdskfg/T5883Addendum003.pdf,T5883Addendum003.pdf,1067253,,,,2026-08-07,downloaded
Florida,DOT,florida_dot,T5889,T5889,,https://ftp.fdot.gov/public/file/yaoutgyeteq-z_wpolen4q/T5889BSN.pdf,T5889BSN.pdf,82852,,,,2026-08-07,downloaded
Florida,DOT,florida_dot,T5889,T5889,,https://ftp.fdot.gov/public/file/iparc880skc2mukpv9zfog/T5889Addendum001.pdf,T5889Addendum001.pdf,190004,,,,2026-08-07,downloaded
Florida,DOT,florida_dot,T1939,T1939,,https://ftp.fdot.gov/public/file/izp7a6lnckalhqz7xbjauw/T1939BSN.pdf,T1939BSN.pdf,90274,,,,2026-08-07,downloaded
Florida,DOT,florida_dot,T1939,T1939,,https://ftp.fdot.gov/public/file/dm7rzavhh0mtxa03czzp0q/T1939Addendum001.pdf,T1939Addendum001.pdf,665822,,,,2026-08-07,downloaded
Florida,DOT,florida_dot,T1942,T1942,,https://ftp.fdot.gov/public/file/vuc6ujbnaui9-jtc6gsjrw/T1942BSN.pdf,T1942BSN.pdf,87399,,,,2026-08-07,downloaded
Florida,DOT,florida_dot,T2A29,T2A29,,https://ftp.fdot.gov/public/file/a7m7_ky7y0c-xiz2o2rvwg/T2A29BSN.pdf,T2A29BSN.pdf,128125,,,,2026-08-07,downloaded
Florida,DOT,florida_dot,T2A40,T2A40,,https://ftp.fdot.gov/public/file/oq451exaf0mdjsu-dx_bnw/T2A40BSN.pdf,T2A40BSN.pdf,123794,,,,2026-08-07,downloaded
Florida,DOT,florida_dot,T2A72,T2A72,,https://ftp.fdot.gov/public/file/f0byf6gqge-t4rq9e9-2ca/T2A72BSN.pdf,T2A72BSN.pdf,80263,,,,2026-08-07,downloaded
Florida,DOT,florida_dot,T3920,T3920,,https://ftp.fdot.gov/public/file/p9uwppisc0glmpe_p-qh5g/T3920BSN.pdf,T3920BSN.pdf,160501,,,,2026-08-07,downloaded
Florida,DOT,florida_dot,T3A03,T3A03,,https://ftp.fdot.gov/public/file/xoyu5khwn0aiswr-ohuiyq/T3A03BSN.pdf,T3A03BSN.pdf,121210,,,,2026-08-07,downloaded
Florida,DOT,florida_dot,T3A04,T3A04,,https://ftp.fdot.gov/public/file/fmdlb7awa0idmxpad2a67w/T3A04BSN.pdf,T3A04BSN.pdf,122963,,,,2026-08-07,downloaded
Florida,DOT,florida_dot,T3A16,T3A16,,https://ftp.fdot.gov/public/file/seddwgqxz0a-cwzbxyjllg/T3A16BSN.pdf,T3A16BSN.pdf,85395,,,,2026-08-07,downloaded
Florida,DOT,florida_dot,T4745,T4745,,https://ftp.fdot.gov/public/file/_hurbibmw0svohk11ocbpg/T4745BSN.pdf,T4745BSN.pdf,100150,,,,2026-08-07,downloaded
Florida,DOT,florida_dot,T4747,T4747,,https://ftp.fdot.gov/public/file/puc6fv6rxeglv5mkn3rtvw/T4747BSN.pdf,T4747BSN.pdf,51171,,,,2026-08-07,downloaded
Florida,DOT,florida_dot,T5891,T5891,,https://ftp.fdot.gov/public/file/pighqujlcusloqfcesxywg/T5891BSN.pdf,T5891BSN.pdf,93155,,,,2026-08-07,downloaded
Florida,DOT,florida_dot,T6595,T6595,,https://ftp.fdot.gov/public/file/4mumad46lk-vajlb1soq1g/T6595BSN.pdf,T6595BSN.pdf,93598,,,,2026-08-07,downloaded
Florida,DOT,florida_dot,T6625,T6625,,https://ftp.fdot.gov/public/file/rvbhewnmcumpjqml4mi90q/T6625BSN.pdf,T6625BSN.pdf,49598,,,,2026-08-07,downloaded
Florida,DOT,florida_dot,T7599,T7599,,https://ftp.fdot.gov/public/file/idc-qawsvegtmr96z15uug/T7599BSN.pdf,T7599BSN.pdf,58076,,,,2026-08-07,downloaded
Florida,DOT,florida_dot,T7599,T7599,,https://ftp.fdot.gov/public/file/-xapbvxuekmtevuh3pfe7g/T7599Addendum001.pdf,T7599Addendum001.pdf,624882,,,,2026-08-07,downloaded
Florida,DOT,florida_dot,T7619,T7619,,https://ftp.fdot.gov/public/file/0mnryzgtpuc6uc4iqo0gmw/T7619BSN.pdf,T7619BSN.pdf,83502,,,,2026-08-07,downloaded
Florida,DOT,florida_dot,T1940,T1940,,https://ftp.fdot.gov/public/file/9ajxwregweqq7l8oilshkw/T1940BSN.pdf,T1940BSN.pdf,63321,,,,2026-08-07,downloaded
Florida,DOT,florida_dot,T1945,T1945,,https://ftp.fdot.gov/public/file/pilcpcgsfu2jafxrmu46wq/T1945BSN.pdf,T1945BSN.pdf,93818,,,,2026-08-07,downloaded
Florida,DOT,florida_dot,T1948,T1948,,https://ftp.fdot.gov/public/file/iyiknamid06n9hvuorutsg/T1948BSN.pdf,T1948BSN.pdf,89135,,,,2026-08-07,downloaded
Florida,DOT,florida_dot,T2A69,T2A69,,https://ftp.fdot.gov/public/file/8bcgyqhjhe2cgqretx8ixq/T2A69BSN.pdf,T2A69BSN.pdf,87516,,,,2026-08-07,downloaded
Florida,DOT,florida_dot,T2A74,T2A74,,https://ftp.fdot.gov/public/file/wicsfpotbumouae1kdc15a/T2A74BSN.pdf,T2A74BSN.pdf,93429,,,,2026-08-07,downloaded
Florida,DOT,florida_dot,T2A75,T2A75,,https://ftp.fdot.gov/public/file/gme81stgtuaq0zw5nsg1aq/T2A75BSN.pdf,T2A75BSN.pdf,91731,,,,2026-08-07,downloaded
Florida,DOT,florida_dot,T2A77,T2A77,,https://ftp.fdot.gov/public/file/p3ey-yczruyx-sohga4z7g/T2A77BSN.pdf,T2A77BSN.pdf,92058,,,,2026-08-07,downloaded
Florida,DOT,florida_dot,T2A78,T2A78,,https://ftp.fdot.gov/public/file/r61bxxl600oj7y7bunotnw/T2A78BSN.pdf,T2A78BSN.pdf,93309,,,,2026-08-07,downloaded
Florida,DOT,florida_dot,T3947,T3947,,https://ftp.fdot.gov/public/file/qs-afq3bt0m_ul0ointqwa/T3947BSN.pdf,T3947BSN.pdf,90264,,,,2026-08-07,downloaded
Florida,DOT,florida_dot,T3998,T3998,,https://ftp.fdot.gov/public/file/s-xvod7y10crzguhadaw1w/T3998BSN.pdf,T3998BSN.pdf,93386,,,,2026-08-07,downloaded
Florida,DOT,florida_dot,T3A32,T3A32,,https://ftp.fdot.gov/public/file/lz89sv2aie-alhysay5akw/T3A32BSN.pdf,T3A32BSN.pdf,54058,,,,2026-08-07,downloaded
Florida,DOT,florida_dot,T4757,T4757,,https://ftp.fdot.gov/public/file/khnydclsdkgbwnt0f5tima/T4757BSN.pdf,T4757BSN.pdf,88680,,,,2026-08-07,downloaded
Florida,DOT,florida_dot,T4764,T4764,,https://ftp.fdot.gov/public/file/bcf6eahz80cioufqlce17g/T4764BSN.pdf,T4764BSN.pdf,98158,,,,2026-08-07,downloaded
Florida,DOT,florida_dot,T4773,T4773,,https://ftp.fdot.gov/public/file/kp-q5ce6i0skjm4-crcfqa/T4773BSN.pdf,T4773BSN.pdf,83291,,,,2026-08-07,downloaded
Florida,DOT,florida_dot,T5890,T5890,,https://ftp.fdot.gov/public/file/d0cwhf_tbkyrpgroqpfjaq/T5890BSN.pdf,T5890BSN.pdf,97995,,,,2026-08-07,downloaded
Florida,DOT,florida_dot,T7604,T7604,,https://ftp.fdot.gov/public/file/6vzc2xfw8k6b8vks4bkqna/T7604BSN.pdf,T7604BSN.pdf,86317,,,,2026-08-07,downloaded
Florida,DOT,florida_dot,T7605,T7605,,https://ftp.fdot.gov/public/file/ku46svxoju6znnvj5eljqw/T7605BSN.pdf,T7605BSN.pdf,49961,,,,2026-08-07,downloaded
Florida,DOT,florida_dot,T7613,T7613,,https://ftp.fdot.gov/public/file/6tducjg7beqng7xhoxszsq/T7613BSN.pdf,T7613BSN.pdf,87061,,,,2026-08-07,downloaded
Florida,DOT,florida_dot,T7614,T7614,,https://ftp.fdot.gov/public/file/lej67ear6esivatitjbnvg/T7614BSN.pdf,T7614BSN.pdf,88097,,,,2026-08-07,downloaded
Florida,DOT,florida_dot,T7624,T7624,,https://ftp.fdot.gov/public/file/luf3rq48wucymtx0xcgvuw/T7624BSN.pdf,T7624BSN.pdf,89859,,,,2026-08-07,downloaded
Florida,DOT,florida_dot,T6398,T6398,,https://ftp.fdot.gov/public/file/woifnpkpnuwpefcarnjc4g/T6398BSN.pdf,T6398BSN.pdf,73668,,,,2026-08-07,downloaded
Florida,Vertical,florida_vertical,37744,Black Creek Water Resource Development Pump Station Project Construction,,https://vendor.myfloridamarketplace.com/mfmp/bids/detail/attachment/download?attachmentId=1358,download?attachmentId=1358,9842746,CSI,01;02;03;04;05;06;07;08;09;10;11;12;13;14;15;16,gs://specindex-ai-raw-documents/specs/FLORIDA/37744/specbook_download-attachmentId-1358.pdf,2026-08-07,downloaded
Florida,Vertical,florida_vertical,37744,Black Creek Water Resource Development Pump Station Project Construction,,https://vendor.myfloridamarketplace.com/mfmp/bids/detail/attachment/download?attachmentId=1359,download?attachmentId=1359,8216327,,,,2026-08-07,downloaded
Florida,Vertical,florida_vertical,37744,Black Creek Water Resource Development Pump Station Project Construction,,https://vendor.myfloridamarketplace.com/mfmp/bids/detail/attachment/download?attachmentId=1360,download?attachmentId=1360,403185,,,,2026-08-07,downloaded
Florida,Vertical,florida_vertical,37744,Black Creek Water Resource Development Pump Station Project Construction,,https://vendor.myfloridamarketplace.com/mfmp/bids/detail/attachment/download?attachmentId=1361,download?attachmentId=1361,18090557,,,,2026-08-07,downloaded
Florida,Vertical,florida_vertical,37744,Black Creek Water Resource Develoment Pump Station Project Construction,,https://vendor.myfloridamarketplace.com/mfmp/bids/detail/attachment/download?attachmentId=1364,download?attachmentId=1364,9842746,CSI,01;02;03;04;05;06;07;08;09;10;11;12;13;14;15;16,gs://specindex-ai-raw-documents/specs/FLORIDA/37744/specbook_download-attachmentId-1364.pdf,2026-08-07,downloaded
Florida,Vertical,florida_vertical,37744,Black Creek Water Resource Develoment Pump Station Project Construction,,https://vendor.myfloridamarketplace.com/mfmp/bids/detail/attachment/download?attachmentId=1362,download?attachmentId=1362,403185,,,,2026-08-07,downloaded
Florida,Vertical,florida_vertical,37744,Black Creek Water Resource Develoment Pump Station Project Construction,,https://vendor.myfloridamarketplace.com/mfmp/bids/detail/attachment/download?attachmentId=1363,download?attachmentId=1363,18090557,,,,2026-08-07,downloaded
Florida,Vertical,florida_vertical,37744,Black Creek Water Resource Develoment Pump Station Project Construction,,https://vendor.myfloridamarketplace.com/mfmp/bids/detail/attachment/download?attachmentId=1365,download?attachmentId=1365,8216327,,,,2026-08-07,downloaded
Florida,Vertical,florida_vertical,37744,Black Creek Water Resource Develoment Pump Station Project Construction,,https://vendor.myfloridamarketplace.com/mfmp/bids/detail/attachment/download?attachmentId=1904,download?attachmentId=1904,249561,,,,2026-08-07,downloaded
Florida,Vertical,florida_vertical,37744,Black Creek Water Resource Develoment Pump Station Project Construction,,https://vendor.myfloridamarketplace.com/mfmp/bids/detail/attachment/download?attachmentId=1905,download?attachmentId=1905,1233074,CSI,00;01;03;13;15;16,gs://specindex-ai-raw-documents/specs/FLORIDA/37744/specbook_download-attachmentId-1905.pdf,2026-08-07,downloaded
Florida,Vertical,florida_vertical,37744,Black Creek Water Resource Develoment Pump Station Project Construction,,https://vendor.myfloridamarketplace.com/mfmp/bids/detail/attachment/download?attachmentId=2136,download?attachmentId=2136,76763,,,,2026-08-07,downloaded
Florida,Vertical,florida_vertical,37744,Black Creek Water Resource Develoment Pump Station Project Construction,,https://vendor.myfloridamarketplace.com/mfmp/bids/detail/attachment/download?attachmentId=2137,download?attachmentId=2137,235101,,,,2026-08-07,downloaded
Florida,Vertical,florida_vertical,37843,Black Creek Water Resource Development Pipeline Construction Two-Step IFB 37843,,https://vendor.myfloridamarketplace.com/mfmp/bids/detail/attachment/download?attachmentId=2148,download?attachmentId=2148,11531607,CSI,00;01;02;03;04;05;06;07;08;09;10;11;12;13;14;15;16,gs://specindex-ai-raw-documents/specs/FLORIDA/37843/specbook_download-attachmentId-2148.pdf,2026-08-07,downloaded
Florida,Vertical,florida_vertical,37843,Black Creek Water Resource Development Pipeline Construction Two-Step IFB 37843,,https://vendor.myfloridamarketplace.com/mfmp/bids/detail/attachment/download?attachmentId=2106,download?attachmentId=2106,438793,,,,2026-08-07,downloaded
Florida,Vertical,florida_vertical,37843,Black Creek Water Resource Development Pipeline Construction Two-Step IFB 37843,,https://vendor.myfloridamarketplace.com/mfmp/bids/detail/attachment/download?attachmentId=2147,download?attachmentId=2147,52454531,,,,2026-08-07,downloaded
Florida,Vertical,florida_vertical,37843,Black Creek Water Resource Development Pipeline Construction Two-Step IFB 37843,,https://vendor.myfloridamarketplace.com/mfmp/bids/detail/attachment/download?attachmentId=2269,download?attachmentId=2269,8718984,,,,2026-08-07,downloaded
Florida,Vertical,florida_vertical,37843,Black Creek Water Resource Development Pipeline Construction Two-Step IFB 37843,,https://vendor.myfloridamarketplace.com/mfmp/bids/detail/attachment/download?attachmentId=2382,download?attachmentId=2382,109953,,,,2026-08-07,downloaded
Florida,Vertical,florida_vertical,37843,Black Creek Water Resource Development Pipeline Construction Two-Step IFB 37843,,https://vendor.myfloridamarketplace.com/mfmp/bids/detail/attachment/download?attachmentId=2383,download?attachmentId=2383,109953,,,,2026-08-07,downloaded
Florida,Vertical,florida_vertical,37843,Black Creek Water Resource Development Pipeline Construction Two-Step IFB 37843,,https://vendor.myfloridamarketplace.com/mfmp/bids/detail/attachment/download?attachmentId=2553,download?attachmentId=2553,1285803,,,,2026-08-07,downloaded
Florida,Vertical,florida_vertical,37843,Black Creek Water Resource Development Pipeline Construction Two-Step IFB 37843,,https://vendor.myfloridamarketplace.com/mfmp/bids/detail/attachment/download?attachmentId=2811,download?attachmentId=2811,129810,,,,2026-08-07,downloaded
Florida,Vertical,florida_vertical,37843,Black Creek Water Resource Development Pipeline Construction Two-Step IFB 37843,,https://vendor.myfloridamarketplace.com/mfmp/bids/detail/attachment/download?attachmentId=2907,download?attachmentId=2907,145482,,,,2026-08-07,downloaded
Florida,Vertical,florida_vertical,222029 CBJTC Counterdrug HQ NB,222029 CBJTC Counterdrug HQ New Building Construction,,https://vendor.myfloridamarketplace.com/mfmp/bids/detail/attachment/download?attachmentId=6682,download?attachmentId=6682,6034024,,,,2026-08-07,downloaded
Florida,Vertical,florida_vertical,222029 CBJTC Counterdrug HQ NB,222029 CBJTC Counterdrug HQ New Building Construction,,https://vendor.myfloridamarketplace.com/mfmp/bids/detail/attachment/download?attachmentId=6659,download?attachmentId=6659,205771,,,,2026-08-07,downloaded
Florida,Vertical,florida_vertical,222029 CBJTC Counterdrug HQ NB,222029 CBJTC Counterdrug HQ New Building Construction,,https://vendor.myfloridamarketplace.com/mfmp/bids/detail/attachment/download?attachmentId=6843,download?attachmentId=6843,206228,,,,2026-08-07,downloaded
Florida,Vertical,florida_vertical,222029 CBJTC Counterdrug HQ NB,222029 CBJTC Counterdrug HQ New Building Construction,,https://vendor.myfloridamarketplace.com/mfmp/bids/detail/attachment/download?attachmentId=6842,download?attachmentId=6842,445198,,,,2026-08-07,downloaded
Florida,Vertical,florida_vertical,222029 CBJTC Counterdrug HQ NB,222029 CBJTC Counterdrug HQ New Building Construction,,https://vendor.myfloridamarketplace.com/mfmp/bids/detail/attachment/download?attachmentId=7257,download?attachmentId=7257,229260,,,,2026-08-07,downloaded
Florida,Vertical,florida_vertical,222029 CBJTC Counterdrug HQ NB,222029 CBJTC Counterdrug HQ New Building Construction,,https://vendor.myfloridamarketplace.com/mfmp/bids/detail/attachment/download?attachmentId=6660,download?attachmentId=6660,141345,,,,2026-08-07,downloaded
Florida,Vertical,florida_vertical,222029 CBJTC Counterdrug HQ NB,222029 CBJTC Counterdrug HQ New Building Construction,,https://vendor.myfloridamarketplace.com/mfmp/bids/detail/attachment/download?attachmentId=6681,download?attachmentId=6681,137195,,,,2026-08-07,downloaded
Florida,Vertical,florida_vertical,222029 CBJTC Counterdrug HQ NB,222029 CBJTC Counterdrug HQ New Building Construction,,https://vendor.myfloridamarketplace.com/mfmp/bids/detail/attachment/download?attachmentId=7258,download?attachmentId=7258,139458,,,,2026-08-07,downloaded
Florida,Vertical,florida_vertical,222029 CBJTC Counterdrug HQ NB,222029 CBJTC Counterdrug HQ New Building Construction,,https://vendor.myfloridamarketplace.com/mfmp/bids/detail/attachment/download?attachmentId=7259,download?attachmentId=7259,237079,,,,2026-08-07,downloaded
Florida,Vertical,florida_vertical,222029 CBJTC Counterdrug HQ NB,222029 CBJTC Counterdrug HQ New Building Construction,,https://vendor.myfloridamarketplace.com/mfmp/bids/detail/attachment/download?attachmentId=7260,download?attachmentId=7260,211266,,,,2026-08-07,downloaded
Florida,Vertical,florida_vertical,38620,Construction of Weather Shelter,,https://vendor.myfloridamarketplace.com/mfmp/bids/detail/attachment/download?attachmentId=7317,download?attachmentId=7317,2356998,,,,2026-08-07,downloaded
Florida,Vertical,florida_vertical,39305,Construction of Pole Barns at Lake George and Sunnyhill Field Stations,,https://vendor.myfloridamarketplace.com/mfmp/bids/detail/attachment/download?attachmentId=12604,download?attachmentId=12604,375452,,,,2026-08-07,downloaded
Florida,Vertical,florida_vertical,39305,Construction of Pole Barns at Lake George and Sunnyhill Field Stations,,https://vendor.myfloridamarketplace.com/mfmp/bids/detail/attachment/download?attachmentId=12659,download?attachmentId=12659,625961,,,,2026-08-07,downloaded
Florida,Vertical,florida_vertical,39305,Construction of Pole Barns at Lake George and Sunnyhill Field Stations,,https://vendor.myfloridamarketplace.com/mfmp/bids/detail/attachment/download?attachmentId=13009,download?attachmentId=13009,223505,,,,2026-08-07,downloaded
Florida,Vertical,florida_vertical,ITB FFS 23 24 84,Florida Forest Service Picayune Strand 2024 Spring Road Construction,,https://vendor.myfloridamarketplace.com/mfmp/bids/detail/attachment/download?attachmentId=15521,download?attachmentId=15521,1216194,,,,2026-08-07,downloaded
Florida,Vertical,florida_vertical,ITB FFS 23 24 84,Florida Forest Service Picayune Strand 2024 Spring Road Construction,,https://vendor.myfloridamarketplace.com/mfmp/bids/detail/attachment/download?attachmentId=15974,download?attachmentId=15974,523673,,,,2026-08-07,downloaded
Florida,Vertical,florida_vertical,ITB FFS 24 25 28,Goethe State Forest Tram Road and Beehive Road Construction,,https://vendor.myfloridamarketplace.com/mfmp/bids/detail/attachment/download?attachmentId=19965,download?attachmentId=19965,668020,,,,2026-08-07,downloaded
Florida,Vertical,florida_vertical,ITB FFS 24 25 28,Goethe State Forest Tram Road and Beehive Road Construction,,https://vendor.myfloridamarketplace.com/mfmp/bids/detail/attachment/download?attachmentId=20625,download?attachmentId=20625,222998,,,,2026-08-07,downloaded
Florida,Vertical,florida_vertical,ITB FFS 24 25 28,Goethe State Forest Tram Road and Beehive Road Construction,,https://vendor.myfloridamarketplace.com/mfmp/bids/detail/attachment/download?attachmentId=19966,download?attachmentId=19966,3050073,,,,2026-08-07,downloaded
Florida,Vertical,florida_vertical,ITB FFS 24 25 28,Goethe State Forest Tram Road and Beehive Road Construction,,https://vendor.myfloridamarketplace.com/mfmp/bids/detail/attachment/download?attachmentId=19967,download?attachmentId=19967,1094058,,,,2026-08-07,downloaded
Florida,Vertical,florida_vertical,ITB FFS 24 25 28,Goethe State Forest Tram Road and Beehive Road Construction,,https://vendor.myfloridamarketplace.com/mfmp/bids/detail/attachment/download?attachmentId=20642,download?attachmentId=20642,227671,unreadable,,,2026-08-07,unreadable format
Florida,Vertical,florida_vertical,DCF ITB 2223 042,Economic Self Sufficiency Facilities Renovations,,https://vendor.myfloridamarketplace.com/mfmp/bids/detail/attachment/download?attachmentId=6353,download?attachmentId=6353,39128529,unreadable,,,2026-08-07,unreadable format
Florida,Vertical,florida_vertical,DCF ITB 2223 042,Economic Self Sufficiency Facilities Renovations,,https://vendor.myfloridamarketplace.com/mfmp/bids/detail/attachment/download?attachmentId=7592,download?attachmentId=7592,5043206,,,,2026-08-07,downloaded
Florida,Vertical,florida_vertical,DCF ITB 2223 042,Economic Self Sufficiency Facilities Renovations,,https://vendor.myfloridamarketplace.com/mfmp/bids/detail/attachment/download?attachmentId=6346,download?attachmentId=6346,530420,CSI,,gs://specindex-ai-raw-documents/specs/FLORIDA/DCF-ITB-2223-042/specbook_download-attachmentId-6346.pdf,2026-08-07,downloaded
Florida,Vertical,florida_vertical,DCF ITB 2223 042,Economic Self Sufficiency Facilities Renovations,,https://vendor.myfloridamarketplace.com/mfmp/bids/detail/attachment/download?attachmentId=6344,download?attachmentId=6344,866421,CSI,,gs://specindex-ai-raw-documents/specs/FLORIDA/DCF-ITB-2223-042/specbook_download-attachmentId-6344.pdf,2026-08-07,downloaded
Florida,Vertical,florida_vertical,DCF ITB 2223 042,Economic Self Sufficiency Facilities Renovations,,https://vendor.myfloridamarketplace.com/mfmp/bids/detail/attachment/download?attachmentId=6345,download?attachmentId=6345,321908,,,,2026-08-07,downloaded
Florida,Vertical,florida_vertical,DCF ITB 2223 042,Economic Self Sufficiency Facilities Renovations,,https://vendor.myfloridamarketplace.com/mfmp/bids/detail/attachment/download?attachmentId=6664,download?attachmentId=6664,241539,,,,2026-08-07,downloaded
Florida,Vertical,florida_vertical,DCF ITB 2223 042,Economic Self Sufficiency Facilities Renovations,,https://vendor.myfloridamarketplace.com/mfmp/bids/detail/attachment/download?attachmentId=7591,download?attachmentId=7591,242838,CSI,,gs://specindex-ai-raw-documents/specs/FLORIDA/DCF-ITB-2223-042/specbook_download-attachmentId-7591.pdf,2026-08-07,downloaded
Florida,Vertical,florida_vertical,DCF ITB 2223 042,Economic Self Sufficiency Facilities Renovations,,https://vendor.myfloridamarketplace.com/mfmp/bids/detail/attachment/download?attachmentId=7930,download?attachmentId=7930,134536,,,,2026-08-07,downloaded
Florida,Vertical,florida_vertical,DCF ITB 2223 042,Economic Self Sufficiency Facilities Renovations,,https://vendor.myfloridamarketplace.com/mfmp/bids/detail/attachment/download?attachmentId=7593,download?attachmentId=7593,1142497,unreadable,,,2026-08-07,unreadable format
Florida,Vertical,florida_vertical,219022 CBJTC USPFO Whse Reno,"219022 CBJTC USPFO Warehouse Renovation, Starke, FL",,https://vendor.myfloridamarketplace.com/mfmp/bids/detail/attachment/download?attachmentId=9546,download?attachmentId=9546,2729387,,,,2026-08-07,downloaded
Florida,Vertical,florida_vertical,219022 CBJTC USPFO Whse Reno,"219022 CBJTC USPFO Warehouse Renovation, Starke, FL",,https://vendor.myfloridamarketplace.com/mfmp/bids/detail/attachment/download?attachmentId=9543,download?attachmentId=9543,206351,,,,2026-08-07,downloaded
Florida,Vertical,florida_vertical,219022 CBJTC USPFO Whse Reno,"219022 CBJTC USPFO Warehouse Renovation, Starke, FL",,https://vendor.myfloridamarketplace.com/mfmp/bids/detail/attachment/download?attachmentId=10070,download?attachmentId=10070,1473035,,,,2026-08-07,downloaded
Florida,Vertical,florida_vertical,219022 CBJTC USPFO Whse Reno,"219022 CBJTC USPFO Warehouse Renovation, Starke, FL",,https://vendor.myfloridamarketplace.com/mfmp/bids/detail/attachment/download?attachmentId=9544,download?attachmentId=9544,150521,,,,2026-08-07,downloaded
Florida,Vertical,florida_vertical,219022 CBJTC USPFO Whse Reno,"219022 CBJTC USPFO Warehouse Renovation, Starke, FL",,https://vendor.myfloridamarketplace.com/mfmp/bids/detail/attachment/download?attachmentId=9545,download?attachmentId=9545,156015,,,,2026-08-07,downloaded
Florida,Vertical,florida_vertical,219022 CBJTC USPFO Whse Reno,"219022 CBJTC USPFO Warehouse Renovation, Starke, FL",,https://vendor.myfloridamarketplace.com/mfmp/bids/detail/attachment/download?attachmentId=9823,download?attachmentId=9823,377924,,,,2026-08-07,downloaded
Florida,Vertical,florida_vertical,ITB GS 22 23 26,MAYO BUILDING ROOF REPLACEMENT- TALLAHASSEE,,https://vendor.myfloridamarketplace.com/mfmp/bids/detail/attachment/download?attachmentId=3868,download?attachmentId=3868,851774,,,,2026-08-07,downloaded
Florida,Vertical,florida_vertical,ITB GS 22 23 26,MAYO BUILDING ROOF REPLACEMENT- TALLAHASSEE,,https://vendor.myfloridamarketplace.com/mfmp/bids/detail/attachment/download?attachmentId=4281,download?attachmentId=4281,1023708,unreadable,,,2026-08-07,unreadable format
Florida,Vertical,florida_vertical,ITB GS 22 23 26,MAYO BUILDING ROOF REPLACEMENT- TALLAHASSEE,,https://vendor.myfloridamarketplace.com/mfmp/bids/detail/attachment/download?attachmentId=4450,download?attachmentId=4450,369956,,,,2026-08-07,downloaded
Florida,Vertical,florida_vertical,ITB GS 22 23 26,MAYO BUILDING ROOF REPLACEMENT- TALLAHASSEE,,https://vendor.myfloridamarketplace.com/mfmp/bids/detail/attachment/download?attachmentId=4026,download?attachmentId=4026,1581897,,,,2026-08-07,downloaded
Florida,Vertical,florida_vertical,F1A04,Roof Replacement at Heartland Operations Center - Labelle,,https://vendor.myfloridamarketplace.com/mfmp/bids/detail/attachment/download?attachmentId=5358,download?attachmentId=5358,295316,DOT SS/SP,,gs://specindex-ai-raw-documents/specs/FLORIDA/F1A04/proposal_download-attachmentId-5358.pdf,2026-08-07,downloaded
Florida,Vertical,florida_vertical,F1A04,Roof Replacement at Heartland Operations Center - Labelle,,https://vendor.myfloridamarketplace.com/mfmp/bids/detail/attachment/download?attachmentId=5357,download?attachmentId=5357,207225,,,,2026-08-07,downloaded
Florida,Vertical,florida_vertical,F1A04,Roof Replacement at Heartland Operations Center - Labelle,,https://vendor.myfloridamarketplace.com/mfmp/bids/detail/attachment/download?attachmentId=5359,download?attachmentId=5359,17336,,,,2026-08-07,downloaded
Florida,Vertical,florida_vertical,F1A04,Roof Replacement at Heartland Operations Center - Labelle,,https://vendor.myfloridamarketplace.com/mfmp/bids/detail/attachment/download?attachmentId=5360,download?attachmentId=5360,6473,,,,2026-08-07,downloaded
Florida,Vertical,florida_vertical,222012 HVAC Sys Rep Snyder RC,222012 HVAC System Replacement – Snyder RC,,https://vendor.myfloridamarketplace.com/mfmp/bids/detail/attachment/download?attachmentId=96,download?attachmentId=96,2144337,,,,2026-08-07,downloaded
Florida,Vertical,florida_vertical,222012 HVAC Sys Rep Snyder RC,222012 HVAC System Replacement – Snyder RC,,https://vendor.myfloridamarketplace.com/mfmp/bids/detail/attachment/download?attachmentId=91,download?attachmentId=91,200327,,,,2026-08-07,downloaded
Florida,Vertical,florida_vertical,222012 HVAC Sys Rep Snyder RC,222012 HVAC System Replacement – Snyder RC,,https://vendor.myfloridamarketplace.com/mfmp/bids/detail/attachment/download?attachmentId=90,download?attachmentId=90,2462478,,,,2026-08-07,downloaded
Florida,Vertical,florida_vertical,222012 HVAC Sys Rep Snyder RC,222012 HVAC System Replacement – Snyder RC,,https://vendor.myfloridamarketplace.com/mfmp/bids/detail/attachment/download?attachmentId=95,download?attachmentId=95,316345,,,,2026-08-07,downloaded
Florida,Vertical,florida_vertical,222012 HVAC Sys Rep Snyder RC,222012 HVAC System Replacement – Snyder RC,,https://vendor.myfloridamarketplace.com/mfmp/bids/detail/attachment/download?attachmentId=92,download?attachmentId=92,86098,,,,2026-08-07,downloaded
Florida,Vertical,florida_vertical,222012 HVAC Sys Rep Snyder RC,222012 HVAC System Replacement – Snyder RC,,https://vendor.myfloridamarketplace.com/mfmp/bids/detail/attachment/download?attachmentId=93,download?attachmentId=93,624257,,,,2026-08-07,downloaded
Florida,Vertical,florida_vertical,222012 HVAC Sys Rep Snyder RC,222012 HVAC System Replacement – Snyder RC,,https://vendor.myfloridamarketplace.com/mfmp/bids/detail/attachment/download?attachmentId=94,download?attachmentId=94,136362,,,,2026-08-07,downloaded
Florida,Vertical,florida_vertical,222012 HVAC Sys Rep Snyder RC,222012 HVAC System Replacement – Snyder RC,,https://vendor.myfloridamarketplace.com/mfmp/bids/detail/attachment/download?attachmentId=97,download?attachmentId=97,158402,,,,2026-08-07,downloaded
Florida,Vertical,florida_vertical,223032,CBJTC SIM Center HVAC Replacement,,https://vendor.myfloridamarketplace.com/mfmp/bids/detail/attachment/download?attachmentId=8928,download?attachmentId=8928,2972491,,,,2026-08-07,downloaded
Florida,Vertical,florida_vertical,223032,CBJTC SIM Center HVAC Replacement,,https://vendor.myfloridamarketplace.com/mfmp/bids/detail/attachment/download?attachmentId=8927,download?attachmentId=8927,202576,,,,2026-08-07,downloaded
Florida,Vertical,florida_vertical,223032,CBJTC SIM Center HVAC Replacement,,https://vendor.myfloridamarketplace.com/mfmp/bids/detail/attachment/download?attachmentId=9524,download?attachmentId=9524,874942,,,,2026-08-07,downloaded
Florida,Vertical,florida_vertical,223032,CBJTC SIM Center HVAC Replacement,,https://vendor.myfloridamarketplace.com/mfmp/bids/detail/attachment/download?attachmentId=8929,download?attachmentId=8929,106483,,,,2026-08-07,downloaded
Florida,Vertical,florida_vertical,223032,CBJTC SIM Center HVAC Replacement,,https://vendor.myfloridamarketplace.com/mfmp/bids/detail/attachment/download?attachmentId=8930,download?attachmentId=8930,522476,,,,2026-08-07,downloaded
Florida,Vertical,florida_vertical,223032,CBJTC SIM Center HVAC Replacement,,https://vendor.myfloridamarketplace.com/mfmp/bids/detail/attachment/download?attachmentId=9675,download?attachmentId=9675,156752,,,,2026-08-07,downloaded
Florida,Vertical,florida_vertical,DMA-ITB-284,DMA-ITB-284-RFE HVAC Service,,https://vendor.myfloridamarketplace.com/mfmp/bids/detail/attachment/download?attachmentId=8940,download?attachmentId=8940,682531,unreadable,,,2026-08-07,unreadable format
Florida,Vertical,florida_vertical,DMA-ITB-284,DMA-ITB-284-RFE HVAC Service,,https://vendor.myfloridamarketplace.com/mfmp/bids/detail/attachment/download?attachmentId=8938,download?attachmentId=8938,444728,,,,2026-08-07,downloaded
Florida,Vertical,florida_vertical,DMA-ITB-284,DMA-ITB-284-RFE HVAC Service,,https://vendor.myfloridamarketplace.com/mfmp/bids/detail/attachment/download?attachmentId=8939,download?attachmentId=8939,502210,,,,2026-08-07,downloaded
Florida,Vertical,florida_vertical,DMA-ITB-284,DMA-ITB-284-RFE HVAC Service,,https://vendor.myfloridamarketplace.com/mfmp/bids/detail/attachment/download?attachmentId=8961,download?attachmentId=8961,97688,,,,2026-08-07,downloaded
Florida,Vertical,florida_vertical,DMA-ITB-284,DMA-ITB-284-RFE HVAC Service,,https://vendor.myfloridamarketplace.com/mfmp/bids/detail/attachment/download?attachmentId=8963,download?attachmentId=8963,2360051,unreadable,,,2026-08-07,unreadable format
Florida,Vertical,florida_vertical,DMA-ITB-284,DMA-ITB-284-RFE HVAC Service,,https://vendor.myfloridamarketplace.com/mfmp/bids/detail/attachment/download?attachmentId=8964,download?attachmentId=8964,789854,unreadable,,,2026-08-07,unreadable format
Florida,Vertical,florida_vertical,DMA-ITB-284,DMA-ITB-284-RFE HVAC Service,,https://vendor.myfloridamarketplace.com/mfmp/bids/detail/attachment/download?attachmentId=8965,download?attachmentId=8965,1783956,unreadable,,,2026-08-07,unreadable format
Florida,Vertical,florida_vertical,219037 Brooksville AASF2 HVAC,"219037 Brooksville AASF 2 HVAC System Replacement, Brooksville, FL",,https://vendor.myfloridamarketplace.com/mfmp/bids/detail/attachment/download?attachmentId=9528,download?attachmentId=9528,124576,,,,2026-08-07,downloaded
Florida,Vertical,florida_vertical,219037 Brooksville AASF2 HVAC,"219037 Brooksville AASF 2 HVAC System Replacement, Brooksville, FL",,https://vendor.myfloridamarketplace.com/mfmp/bids/detail/attachment/download?attachmentId=9529,download?attachmentId=9529,3830028,,,,2026-08-07,downloaded
Florida,Vertical,florida_vertical,219037 Brooksville AASF2 HVAC,"219037 Brooksville AASF 2 HVAC System Replacement, Brooksville, FL",,https://vendor.myfloridamarketplace.com/mfmp/bids/detail/attachment/download?attachmentId=9530,download?attachmentId=9530,1940933,,,,2026-08-07,downloaded
Florida,Vertical,florida_vertical,219037 Brooksville AASF2 HVAC,"219037 Brooksville AASF 2 HVAC System Replacement, Brooksville, FL",,https://vendor.myfloridamarketplace.com/mfmp/bids/detail/attachment/download?attachmentId=9531,download?attachmentId=9531,133825,,,,2026-08-07,downloaded
Florida,Vertical,florida_vertical,219037 Brooksville AASF2 HVAC,"219037 Brooksville AASF 2 HVAC System Replacement, Brooksville, FL",,https://vendor.myfloridamarketplace.com/mfmp/bids/detail/attachment/download?attachmentId=9532,download?attachmentId=9532,3866806,unreadable,,,2026-08-07,unreadable format
Florida,Vertical,florida_vertical,219037 Brooksville AASF2 HVAC,"219037 Brooksville AASF 2 HVAC System Replacement, Brooksville, FL",,https://vendor.myfloridamarketplace.com/mfmp/bids/detail/attachment/download?attachmentId=9533,download?attachmentId=9533,2829655,unreadable,,,2026-08-07,unreadable format
Florida,Vertical,florida_vertical,219037 Brooksville AASF2 HVAC,"219037 Brooksville AASF 2 HVAC System Replacement, Brooksville, FL",,https://vendor.myfloridamarketplace.com/mfmp/bids/detail/attachment/download?attachmentId=9534,download?attachmentId=9534,3049690,unreadable,,,2026-08-07,unreadable format
Florida,Vertical,florida_vertical,219037 Brooksville AASF2 HVAC,"219037 Brooksville AASF 2 HVAC System Replacement, Brooksville, FL",,https://vendor.myfloridamarketplace.com/mfmp/bids/detail/attachment/download?attachmentId=9535,download?attachmentId=9535,1461736,,,,2026-08-07,downloaded
Florida,Vertical,florida_vertical,219037 Brooksville AASF2 HVAC,"219037 Brooksville AASF 2 HVAC System Replacement, Brooksville, FL",,https://vendor.myfloridamarketplace.com/mfmp/bids/detail/attachment/download?attachmentId=9536,download?attachmentId=9536,118884,,,,2026-08-07,downloaded
Florida,Vertical,florida_vertical,219037 Brooksville AASF2 HVAC,"219037 Brooksville AASF 2 HVAC System Replacement, Brooksville, FL",,https://vendor.myfloridamarketplace.com/mfmp/bids/detail/attachment/download?attachmentId=9537,download?attachmentId=9537,127412,,,,2026-08-07,downloaded
Florida,Vertical,florida_vertical,219037 Brooksville AASF2 HVAC,"219037 Brooksville AASF 2 HVAC System Replacement, Brooksville, FL",,https://vendor.myfloridamarketplace.com/mfmp/bids/detail/attachment/download?attachmentId=9538,download?attachmentId=9538,293937,CSI,,gs://specindex-ai-raw-documents/specs/FLORIDA/219037-Brooksville-AASF2-HVAC/specbook_download-attachmentId-9538.pdf,2026-08-07,downloaded
Florida,Vertical,florida_vertical,219037 Brooksville AASF2 HVAC,"219037 Brooksville AASF 2 HVAC System Replacement, Brooksville, FL",,https://vendor.myfloridamarketplace.com/mfmp/bids/detail/attachment/download?attachmentId=9539,download?attachmentId=9539,656213,,,,2026-08-07,downloaded
Florida,Vertical,florida_vertical,219037 Brooksville AASF2 HVAC,"219037 Brooksville AASF 2 HVAC System Replacement, Brooksville, FL",,https://vendor.myfloridamarketplace.com/mfmp/bids/detail/attachment/download?attachmentId=10004,download?attachmentId=10004,2549390,,,,2026-08-07,downloaded
Florida,Vertical,florida_vertical,219037 Brooksville AASF2 HVAC,"219037 Brooksville AASF 2 HVAC System Replacement, Brooksville, FL",,https://vendor.myfloridamarketplace.com/mfmp/bids/detail/attachment/download?attachmentId=9525,download?attachmentId=9525,196703,,,,2026-08-07,downloaded
Florida,Vertical,florida_vertical,219037 Brooksville AASF2 HVAC,"219037 Brooksville AASF 2 HVAC System Replacement, Brooksville, FL",,https://vendor.myfloridamarketplace.com/mfmp/bids/detail/attachment/download?attachmentId=9526,download?attachmentId=9526,151941,,,,2026-08-07,downloaded
Florida,Vertical,florida_vertical,219037 Brooksville AASF2 HVAC,"219037 Brooksville AASF 2 HVAC System Replacement, Brooksville, FL",,https://vendor.myfloridamarketplace.com/mfmp/bids/detail/attachment/download?attachmentId=9527,download?attachmentId=9527,149991,,,,2026-08-07,downloaded
Florida,Vertical,florida_vertical,23-ITB-003-VW,HVAC Replacement-Tampa,,https://vendor.myfloridamarketplace.com/mfmp/bids/detail/attachment/download?attachmentId=12265,download?attachmentId=12265,616843,CSI,00;01;02;03;04;05;06;07;08;09;10;11;12;13;14;15;21;22;23;25;26;27;28;31;32;33;34;35;40;41;42;43;44;45;46;48,gs://specindex-ai-raw-documents/specs/FLORIDA/23-ITB-003-VW/specbook_download-attachmentId-12265.pdf,2026-08-07,downloaded
Florida,Vertical,florida_vertical,23-ITB-003-VW,HVAC Replacement-Tampa,,https://vendor.myfloridamarketplace.com/mfmp/bids/detail/attachment/download?attachmentId=12168,download?attachmentId=12168,732382,,,,2026-08-07,downloaded
Florida,Vertical,florida_vertical,23-ITB-003-VW,HVAC Replacement-Tampa,,https://vendor.myfloridamarketplace.com/mfmp/bids/detail/attachment/download?attachmentId=12819,download?attachmentId=12819,243017,CSI,,gs://specindex-ai-raw-documents/specs/FLORIDA/23-ITB-003-VW/specbook_download-attachmentId-12819.pdf,2026-08-07,downloaded
Florida,Vertical,florida_vertical,23-ITB-003-VW,HVAC Replacement-Tampa,,https://vendor.myfloridamarketplace.com/mfmp/bids/detail/attachment/download?attachmentId=12264,download?attachmentId=12264,1800392,CSI,01;23;26;28,gs://specindex-ai-raw-documents/specs/FLORIDA/23-ITB-003-VW/specbook_download-attachmentId-12264.pdf,2026-08-07,downloaded
Florida,Vertical,florida_vertical,F1A05,District 1 HQ HVAC Improvement Services,,https://vendor.myfloridamarketplace.com/mfmp/bids/detail/attachment/download?attachmentId=13328,download?attachmentId=13328,322559,DOT SS/SP,,gs://specindex-ai-raw-documents/specs/FLORIDA/F1A05/proposal_download-attachmentId-13328.pdf,2026-08-07,downloaded
Florida,Vertical,florida_vertical,F1A05,District 1 HQ HVAC Improvement Services,,https://vendor.myfloridamarketplace.com/mfmp/bids/detail/attachment/download?attachmentId=13348,download?attachmentId=13348,303817,,,,2026-08-07,downloaded
Florida,Vertical,florida_vertical,F1A05,District 1 HQ HVAC Improvement Services,,https://vendor.myfloridamarketplace.com/mfmp/bids/detail/attachment/download?attachmentId=13330,download?attachmentId=13330,6471,,,,2026-08-07,downloaded
Florida,Vertical,florida_vertical,F1A05,District 1 HQ HVAC Improvement Services,,https://vendor.myfloridamarketplace.com/mfmp/bids/detail/attachment/download?attachmentId=13331,download?attachmentId=13331,51300,,,,2026-08-07,downloaded
Florida,Vertical,florida_vertical,DCF ITB 2122 080,North Florida Evaluation and Treatment Center Roof Renovation,,https://vendor.myfloridamarketplace.com/mfmp/bids/detail/attachment/download?attachmentId=3662,download?attachmentId=3662,361389,CSI,00;01;02;07;08,gs://specindex-ai-raw-documents/specs/FLORIDA/DCF-ITB-2122-080/specbook_download-attachmentId-3662.pdf,2026-08-07,downloaded
Florida,Vertical,florida_vertical,DCF ITB 2122 080,North Florida Evaluation and Treatment Center Roof Renovation,,https://vendor.myfloridamarketplace.com/mfmp/bids/detail/attachment/download?attachmentId=3615,download?attachmentId=3615,549967,,,,2026-08-07,downloaded
Florida,Vertical,florida_vertical,DCF ITB 2122 080,North Florida Evaluation and Treatment Center Roof Renovation,,https://vendor.myfloridamarketplace.com/mfmp/bids/detail/attachment/download?attachmentId=3614,download?attachmentId=3614,858099,CSI,,gs://specindex-ai-raw-documents/specs/FLORIDA/DCF-ITB-2122-080/specbook_download-attachmentId-3614.pdf,2026-08-07,downloaded
Florida,Vertical,florida_vertical,DCF ITB 2122 080,North Florida Evaluation and Treatment Center Roof Renovation,,https://vendor.myfloridamarketplace.com/mfmp/bids/detail/attachment/download?attachmentId=3663,download?attachmentId=3663,1136335,unreadable,,,2026-08-07,unreadable format
Florida,Vertical,florida_vertical,DCF ITB 2122 080,North Florida Evaluation and Treatment Center Roof Renovation,,https://vendor.myfloridamarketplace.com/mfmp/bids/detail/attachment/download?attachmentId=3771,download?attachmentId=3771,162235,,,,2026-08-07,downloaded
Florida,Vertical,florida_vertical,DCF ITB 2122 080,North Florida Evaluation and Treatment Center Roof Renovation,,https://vendor.myfloridamarketplace.com/mfmp/bids/detail/attachment/download?attachmentId=4108,download?attachmentId=4108,162337,,,,2026-08-07,downloaded
Florida,Vertical,florida_vertical,DCF ITB 2122 080,North Florida Evaluation and Treatment Center Roof Renovation,,https://vendor.myfloridamarketplace.com/mfmp/bids/detail/attachment/download?attachmentId=4383,download?attachmentId=4383,154746,,,,2026-08-07,downloaded
Florida,Vertical,florida_vertical,DCF ITB 2122 080,North Florida Evaluation and Treatment Center Roof Renovation,,https://vendor.myfloridamarketplace.com/mfmp/bids/detail/attachment/download?attachmentId=4668,download?attachmentId=4668,169050,,,,2026-08-07,downloaded
Florida,Vertical,florida_vertical,DCF ITB 2122 080,North Florida Evaluation and Treatment Center Roof Renovation,,https://vendor.myfloridamarketplace.com/mfmp/bids/detail/attachment/download?attachmentId=3658,download?attachmentId=3658,194665,,,,2026-08-07,downloaded
Florida,Vertical,florida_vertical,DCF ITB 2223 046,Northeast FL State Hospital Roofing Project# 33020300,,https://vendor.myfloridamarketplace.com/mfmp/bids/detail/attachment/download?attachmentId=4226,download?attachmentId=4226,1255245,CSI,00;01;02;05;06;07,gs://specindex-ai-raw-documents/specs/FLORIDA/DCF-ITB-2223-046/specbook_download-attachmentId-4226.pdf,2026-08-07,downloaded
Florida,Vertical,florida_vertical,DCF ITB 2223 046,Northeast FL State Hospital Roofing Project# 33020300,,https://vendor.myfloridamarketplace.com/mfmp/bids/detail/attachment/download?attachmentId=4222,download?attachmentId=4222,601214,,,,2026-08-07,downloaded
Florida,Vertical,florida_vertical,DCF ITB 2223 046,Northeast FL State Hospital Roofing Project# 33020300,,https://vendor.myfloridamarketplace.com/mfmp/bids/detail/attachment/download?attachmentId=4221,download?attachmentId=4221,875174,CSI,,gs://specindex-ai-raw-documents/specs/FLORIDA/DCF-ITB-2223-046/specbook_download-attachmentId-4221.pdf,2026-08-07,downloaded
Florida,Vertical,florida_vertical,DCF ITB 2223 046,Northeast FL State Hospital Roofing Project# 33020300,,https://vendor.myfloridamarketplace.com/mfmp/bids/detail/attachment/download?attachmentId=4225,download?attachmentId=4225,194665,,,,2026-08-07,downloaded
Florida,Vertical,florida_vertical,DCF ITB 2223 046,Northeast FL State Hospital Roofing Project# 33020300,,https://vendor.myfloridamarketplace.com/mfmp/bids/detail/attachment/download?attachmentId=4227,download?attachmentId=4227,22537596,,,,2026-08-07,downloaded
Florida,Vertical,florida_vertical,DCF ITB 2223 046,Northeast FL State Hospital Roofing Project# 33020300,,https://vendor.myfloridamarketplace.com/mfmp/bids/detail/attachment/download?attachmentId=5168,download?attachmentId=5168,153521,,,,2026-08-07,downloaded
Florida,Vertical,florida_vertical,DCF ITB 2223 070,PATIENT BATHROOM RENOVATIONS FLORIDA STATE HOSPITAL,,https://vendor.myfloridamarketplace.com/mfmp/bids/detail/attachment/download?attachmentId=5609,download?attachmentId=5609,524142,,,,2026-08-07,downloaded
Florida,Vertical,florida_vertical,DCF ITB 2223 070,PATIENT BATHROOM RENOVATIONS FLORIDA STATE HOSPITAL,,https://vendor.myfloridamarketplace.com/mfmp/bids/detail/attachment/download?attachmentId=5608,download?attachmentId=5608,905870,CSI,,gs://specindex-ai-raw-documents/specs/FLORIDA/DCF-ITB-2223-070/specbook_download-attachmentId-5608.pdf,2026-08-07,downloaded
Florida,Vertical,florida_vertical,DCF ITB 2223 070,PATIENT BATHROOM RENOVATIONS FLORIDA STATE HOSPITAL,,https://vendor.myfloridamarketplace.com/mfmp/bids/detail/attachment/download?attachmentId=6011,download?attachmentId=6011,427443,,,,2026-08-07,downloaded
Florida,Vertical,florida_vertical,DCF ITB 2223 070,PATIENT BATHROOM RENOVATIONS FLORIDA STATE HOSPITAL,,https://vendor.myfloridamarketplace.com/mfmp/bids/detail/attachment/download?attachmentId=5610,download?attachmentId=5610,321900,,,,2026-08-07,downloaded
Florida,Vertical,florida_vertical,DCF ITB 2223 070-2,PATIENT BATHROOM RENOVATIONS FLORIDA STATE HOSPITAL,,https://vendor.myfloridamarketplace.com/mfmp/bids/detail/attachment/download?attachmentId=6982,download?attachmentId=6982,524180,,,,2026-08-07,downloaded
Florida,Vertical,florida_vertical,DCF ITB 2223 070-2,PATIENT BATHROOM RENOVATIONS FLORIDA STATE HOSPITAL,,https://vendor.myfloridamarketplace.com/mfmp/bids/detail/attachment/download?attachmentId=6980,download?attachmentId=6980,888123,CSI,,gs://specindex-ai-raw-documents/specs/FLORIDA/DCF-ITB-2223-070-2/specbook_download-attachmentId-6980.pdf,2026-08-07,downloaded
Florida,Vertical,florida_vertical,DCF ITB 2223 070-2,PATIENT BATHROOM RENOVATIONS FLORIDA STATE HOSPITAL,,https://vendor.myfloridamarketplace.com/mfmp/bids/detail/attachment/download?attachmentId=7987,download?attachmentId=7987,178707,CSI,09,gs://specindex-ai-raw-documents/specs/FLORIDA/DCF-ITB-2223-070-2/specbook_download-attachmentId-7987.pdf,2026-08-07,downloaded
Florida,Vertical,florida_vertical,DCF ITB 2223 070-2,PATIENT BATHROOM RENOVATIONS FLORIDA STATE HOSPITAL,,https://vendor.myfloridamarketplace.com/mfmp/bids/detail/attachment/download?attachmentId=6981,download?attachmentId=6981,321900,,,,2026-08-07,downloaded
Florida,Vertical,florida_vertical,DCF ITB 2324 074,Administration Building Column Renovations Florida State Hospital,,https://vendor.myfloridamarketplace.com/mfmp/bids/detail/attachment/download?attachmentId=12997,download?attachmentId=12997,482694,,,,2026-08-07,downloaded
Florida,Vertical,florida_vertical,DCF ITB 2324 074,Administration Building Column Renovations Florida State Hospital,,https://vendor.myfloridamarketplace.com/mfmp/bids/detail/attachment/download?attachmentId=12995,download?attachmentId=12995,874466,CSI,,gs://specindex-ai-raw-documents/specs/FLORIDA/DCF-ITB-2324-074/specbook_download-attachmentId-12995.pdf,2026-08-07,downloaded
Florida,Vertical,florida_vertical,DCF ITB 2324 074,Administration Building Column Renovations Florida State Hospital,,https://vendor.myfloridamarketplace.com/mfmp/bids/detail/attachment/download?attachmentId=12996,download?attachmentId=12996,280487,,,,2026-08-07,downloaded
Florida,Vertical,florida_vertical,DCF ITB 2324 074,Administration Building Column Renovations Florida State Hospital,,https://vendor.myfloridamarketplace.com/mfmp/bids/detail/attachment/download?attachmentId=15179,download?attachmentId=15179,164663,,,,2026-08-07,downloaded
Florida,Vertical,florida_vertical,DCF ITB 2223 056,"Reroof Buildings 20, 31, 33 & 46 at Northeast Florida State Hospital",,https://vendor.myfloridamarketplace.com/mfmp/bids/detail/attachment/download?attachmentId=5842,download?attachmentId=5842,528712,,,,2026-08-07,downloaded
Florida,Vertical,florida_vertical,DCF ITB 2223 056,"Reroof Buildings 20, 31, 33 & 46 at Northeast Florida State Hospital",,https://vendor.myfloridamarketplace.com/mfmp/bids/detail/attachment/download?attachmentId=5840,download?attachmentId=5840,924521,CSI,,gs://specindex-ai-raw-documents/specs/FLORIDA/DCF-ITB-2223-056/specbook_download-attachmentId-5840.pdf,2026-08-07,downloaded
Florida,Vertical,florida_vertical,DCF ITB 2223 056,"Reroof Buildings 20, 31, 33 & 46 at Northeast Florida State Hospital",,https://vendor.myfloridamarketplace.com/mfmp/bids/detail/attachment/download?attachmentId=5975,download?attachmentId=5975,155399,,,,2026-08-07,downloaded
Florida,Vertical,florida_vertical,DCF ITB 2223 056,"Reroof Buildings 20, 31, 33 & 46 at Northeast Florida State Hospital",,https://vendor.myfloridamarketplace.com/mfmp/bids/detail/attachment/download?attachmentId=5976,download?attachmentId=5976,199077,,,,2026-08-07,downloaded
Florida,Vertical,florida_vertical,DCF ITB 2223 056,"Reroof Buildings 20, 31, 33 & 46 at Northeast Florida State Hospital",,https://vendor.myfloridamarketplace.com/mfmp/bids/detail/attachment/download?attachmentId=6591,download?attachmentId=6591,373677,,,,2026-08-07,downloaded
Florida,Vertical,florida_vertical,DCF ITB 2223 056,"Reroof Buildings 20, 31, 33 & 46 at Northeast Florida State Hospital",,https://vendor.myfloridamarketplace.com/mfmp/bids/detail/attachment/download?attachmentId=6802,download?attachmentId=6802,293454,,,,2026-08-07,downloaded
Florida,Vertical,florida_vertical,DCF ITB 2223 056,"Reroof Buildings 20, 31, 33 & 46 at Northeast Florida State Hospital",,https://vendor.myfloridamarketplace.com/mfmp/bids/detail/attachment/download?attachmentId=6803,download?attachmentId=6803,11020808,,,,2026-08-07,downloaded
Florida,Vertical,florida_vertical,DCF ITB 2223 056,"Reroof Buildings 20, 31, 33 & 46 at Northeast Florida State Hospital",,https://vendor.myfloridamarketplace.com/mfmp/bids/detail/attachment/download?attachmentId=5841,download?attachmentId=5841,321888,,,,2026-08-07,downloaded
Florida,Vertical,florida_vertical,USPFO HVAC Upgrade,"223061 USPFO HVAC Upgrade, St. Augustine, FL",,https://vendor.myfloridamarketplace.com/mfmp/bids/detail/attachment/download?attachmentId=10291,download?attachmentId=10291,614721,,,,2026-08-07,downloaded
Florida,Vertical,florida_vertical,USPFO HVAC Upgrade,"223061 USPFO HVAC Upgrade, St. Augustine, FL",,https://vendor.myfloridamarketplace.com/mfmp/bids/detail/attachment/download?attachmentId=10608,download?attachmentId=10608,2271138,,,,2026-08-07,downloaded
Florida,Vertical,florida_vertical,USPFO HVAC Upgrade,"223061 USPFO HVAC Upgrade, St. Augustine, FL",,https://vendor.myfloridamarketplace.com/mfmp/bids/detail/attachment/download?attachmentId=10915,download?attachmentId=10915,180592,,,,2026-08-07,downloaded
Florida,Vertical,florida_vertical,USPFO HVAC Upgrade,"223061 USPFO HVAC Upgrade, St. Augustine, FL",,https://vendor.myfloridamarketplace.com/mfmp/bids/detail/attachment/download?attachmentId=10285,download?attachmentId=10285,200231,,,,2026-08-07,downloaded
Florida,Vertical,florida_vertical,USPFO HVAC Upgrade,"223061 USPFO HVAC Upgrade, St. Augustine, FL",,https://vendor.myfloridamarketplace.com/mfmp/bids/detail/attachment/download?attachmentId=10286,download?attachmentId=10286,148794,,,,2026-08-07,downloaded
Florida,Vertical,florida_vertical,USPFO HVAC Upgrade,"223061 USPFO HVAC Upgrade, St. Augustine, FL",,https://vendor.myfloridamarketplace.com/mfmp/bids/detail/attachment/download?attachmentId=10287,download?attachmentId=10287,80085,,,,2026-08-07,downloaded
Florida,Vertical,florida_vertical,USPFO HVAC Upgrade,"223061 USPFO HVAC Upgrade, St. Augustine, FL",,https://vendor.myfloridamarketplace.com/mfmp/bids/detail/attachment/download?attachmentId=10288,download?attachmentId=10288,167125,,,,2026-08-07,downloaded
Florida,Vertical,florida_vertical,USPFO HVAC Upgrade,"223061 USPFO HVAC Upgrade, St. Augustine, FL",,https://vendor.myfloridamarketplace.com/mfmp/bids/detail/attachment/download?attachmentId=10289,download?attachmentId=10289,1962444,unreadable,,,2026-08-07,unreadable format
Florida,Vertical,florida_vertical,USPFO HVAC Upgrade,"223061 USPFO HVAC Upgrade, St. Augustine, FL",,https://vendor.myfloridamarketplace.com/mfmp/bids/detail/attachment/download?attachmentId=10290,download?attachmentId=10290,307019,CSI,,gs://specindex-ai-raw-documents/specs/FLORIDA/USPFO-HVAC-Upgrade/specbook_download-attachmentId-10290.pdf,2026-08-07,downloaded
Florida,Vertical,florida_vertical,USPFO HVAC Upgrade,"223061 USPFO HVAC Upgrade, St. Augustine, FL",,https://vendor.myfloridamarketplace.com/mfmp/bids/detail/attachment/download?attachmentId=10507,download?attachmentId=10507,370922,,,,2026-08-07,downloaded
Florida,Vertical,florida_vertical,41263,Annual Civil Works Construction Contract 2025-2028,,https://vendor.myfloridamarketplace.com/mfmp/bids/detail/attachment/download?attachmentId=28594,download?attachmentId=28594,1549662,,,,2026-08-07,downloaded
Florida,Vertical,florida_vertical,41263,Annual Civil Works Construction Contract 2025-2028,,https://vendor.myfloridamarketplace.com/mfmp/bids/detail/attachment/download?attachmentId=27387,download?attachmentId=27387,2921117,,,,2026-08-07,downloaded
Florida,Vertical,florida_vertical,41263,Annual Civil Works Construction Contract 2025-2028,,https://vendor.myfloridamarketplace.com/mfmp/bids/detail/attachment/download?attachmentId=28593,download?attachmentId=28593,1961572,,,,2026-08-07,downloaded
Florida,Vertical,florida_vertical,41277,"Construction of Secured Visitor Entrance, Security Operation Center and Building Enhancements",,https://vendor.myfloridamarketplace.com/mfmp/bids/detail/attachment/download?attachmentId=29979,download?attachmentId=29979,752600,,,,2026-08-07,downloaded
Florida,Vertical,florida_vertical,41277,"Construction of Secured Visitor Entrance, Security Operation Center and Building Enhancements",,https://vendor.myfloridamarketplace.com/mfmp/bids/detail/attachment/download?attachmentId=30007,download?attachmentId=30007,1243338,,,,2026-08-07,downloaded
Florida,Vertical,florida_vertical,41277,"Construction of Secured Visitor Entrance, Security Operation Center and Building Enhancements",,https://vendor.myfloridamarketplace.com/mfmp/bids/detail/attachment/download?attachmentId=30410,download?attachmentId=30410,3242508,,,,2026-08-07,downloaded
Florida,Vertical,florida_vertical,FDVA-ITB-23-005B,Lake City Bathroom Renovations,,https://vendor.myfloridamarketplace.com/mfmp/bids/detail/attachment/download?attachmentId=5139,download?attachmentId=5139,1112668,,,,2026-08-07,downloaded
Florida,Vertical,florida_vertical,FDVA-ITB-23-005B,Lake City Bathroom Renovations,,https://vendor.myfloridamarketplace.com/mfmp/bids/detail/attachment/download?attachmentId=5364,download?attachmentId=5364,531188,unreadable,,,2026-08-07,unreadable format
Florida,Vertical,florida_vertical,FDVA-ITB-23-005B,Lake City Bathroom Renovations,,https://vendor.myfloridamarketplace.com/mfmp/bids/detail/attachment/download?attachmentId=5455,download?attachmentId=5455,533193,,,,2026-08-07,downloaded
Florida,Vertical,florida_vertical,FDVA-ITB-23-008B,Lake City Bathroom Renovations,,https://vendor.myfloridamarketplace.com/mfmp/bids/detail/attachment/download?attachmentId=6352,download?attachmentId=6352,1175859,,,,2026-08-07,downloaded
Florida,Vertical,florida_vertical,FDVA-ITB-23-008B,Lake City Bathroom Renovations,,https://vendor.myfloridamarketplace.com/mfmp/bids/detail/attachment/download?attachmentId=6548,download?attachmentId=6548,703111,,,,2026-08-07,downloaded
Florida,Vertical,florida_vertical,FDVA-ITB-23-008B,Lake City Bathroom Renovations,,https://vendor.myfloridamarketplace.com/mfmp/bids/detail/attachment/download?attachmentId=6576,download?attachmentId=6576,781637,,,,2026-08-07,downloaded
Florida,Vertical,florida_vertical,FDVA-ITB-23-008B,Lake City Bathroom Renovations,,https://vendor.myfloridamarketplace.com/mfmp/bids/detail/attachment/download?attachmentId=6788,download?attachmentId=6788,494978,unreadable,,,2026-08-07,unreadable format
Florida,Vertical,florida_vertical,FDVA-ITB-23-008B,Lake City Bathroom Renovations,,https://vendor.myfloridamarketplace.com/mfmp/bids/detail/attachment/download?attachmentId=7038,download?attachmentId=7038,103927,unreadable,,,2026-08-07,unreadable format
Florida,Vertical,florida_vertical,DOH22-001,Heating and Air Conditioning (HVAC) Maintenance Services-Pinellas County,,https://vendor.myfloridamarketplace.com/mfmp/bids/detail/attachment/download?attachmentId=1013,download?attachmentId=1013,427469,,,,2026-08-07,downloaded
Florida,Vertical,florida_vertical,DOT-ITB-22-9098-SD,Preventative Maintenance & Repair for HVAC System Equipment at FDOT Burns Building,,https://vendor.myfloridamarketplace.com/mfmp/bids/detail/attachment/download?attachmentId=1457,download?attachmentId=1457,1055541,,,,2026-08-07,downloaded
Florida,Vertical,florida_vertical,DOT-ITB-23-9078-CA,HVAC WATER TREATMENT SERVICES,,https://vendor.myfloridamarketplace.com/mfmp/bids/detail/attachment/download?attachmentId=8127,download?attachmentId=8127,598577,,,,2026-08-07,downloaded
Florida,Vertical,florida_vertical,DOT-ITB-23-9078-CA,HVAC WATER TREATMENT SERVICES,,https://vendor.myfloridamarketplace.com/mfmp/bids/detail/attachment/download?attachmentId=8352,download?attachmentId=8352,140396,,,,2026-08-07,downloaded
Florida,Vertical,florida_vertical,DOT-ITB-24-9047-SD,Preventative Maintenance and Repair for HVAC System Equipment at FDOT State Materials Office,,https://vendor.myfloridamarketplace.com/mfmp/bids/detail/attachment/download?attachmentId=13613,download?attachmentId=13613,961838,,,,2026-08-07,downloaded
Florida,Vertical,florida_vertical,FWC 21/22-84C,F BUILDING AIR HANDLING UNIT #2 REPLACEMENT,,https://vendor.myfloridamarketplace.com/mfmp/bids/detail/attachment/download?attachmentId=256,download?attachmentId=256,289002,,,,2026-08-07,downloaded
Florida,Vertical,florida_vertical,FWC 21/22-84C,F BUILDING AIR HANDLING UNIT #2 REPLACEMENT,,https://vendor.myfloridamarketplace.com/mfmp/bids/detail/attachment/download?attachmentId=493,download?attachmentId=493,113729,,,,2026-08-07,downloaded
Florida,Vertical,florida_vertical,FWC 21/22-84C,F BUILDING AIR HANDLING UNIT #2 REPLACEMENT,,https://vendor.myfloridamarketplace.com/mfmp/bids/detail/attachment/download?attachmentId=257,download?attachmentId=257,638687,,,,2026-08-07,downloaded
Florida,Vertical,florida_vertical,DOT-ITB-22-9099-SD,Maintenance & Repair of Fire Sprinkler System at FDOT Burns Building,,https://vendor.myfloridamarketplace.com/mfmp/bids/detail/attachment/download?attachmentId=1499,download?attachmentId=1499,970898,,,,2026-08-07,downloaded
Florida,Vertical,florida_vertical,ITB 2021-27MCS,Towers Building Interior Painting,,https://vendor.myfloridamarketplace.com/mfmp/bids/detail/attachment/download?attachmentId=2190,download?attachmentId=2190,555953,,,,2026-08-07,downloaded
Florida,Vertical,florida_vertical,DOT-ITB-23-9051-CA,Semi-Annual Cleaning of Hard Floors: Building D&E,,https://vendor.myfloridamarketplace.com/mfmp/bids/detail/attachment/download?attachmentId=6942,download?attachmentId=6942,602506,,,,2026-08-07,downloaded
Florida,Vertical,florida_vertical,ITB-04827,ITB 2023-05 Construction & Delivery of High Strength Concrete Domes,,https://vendor.myfloridamarketplace.com/mfmp/bids/detail/attachment/download?attachmentId=7886,download?attachmentId=7886,621253,,,,2026-08-07,downloaded
Florida,Vertical,florida_vertical,22/23-020 OPS,CONSTRUCTION AND MAINTENANCE OF HYDROLOGIC IMPROVEMENTS AND ROADS,,https://vendor.myfloridamarketplace.com/mfmp/bids/detail/attachment/download?attachmentId=9658,download?attachmentId=9658,349593,,,,2026-08-07,downloaded
Florida,Vertical,florida_vertical,FWC 23/24-63,"Aquatic Fence Construction, Maintenance & Removal",,https://vendor.myfloridamarketplace.com/mfmp/bids/detail/attachment/download?attachmentId=13765,download?attachmentId=13765,621810,,,,2026-08-07,downloaded
Florida,Vertical,florida_vertical,FWC 23/24-63,"Aquatic Fence Construction, Maintenance & Removal",,https://vendor.myfloridamarketplace.com/mfmp/bids/detail/attachment/download?attachmentId=14150,download?attachmentId=14150,170483,,,,2026-08-07,downloaded
Florida,Vertical,florida_vertical,FWC 23/24-63,"Aquatic Fence Construction, Maintenance & Removal",,https://vendor.myfloridamarketplace.com/mfmp/bids/detail/attachment/download?attachmentId=14201,download?attachmentId=14201,176407,,,,2026-08-07,downloaded
Florida,Vertical,florida_vertical,FWC 23/24-63,"Aquatic Fence Construction, Maintenance & Removal",,https://vendor.myfloridamarketplace.com/mfmp/bids/detail/attachment/download?attachmentId=14234,download?attachmentId=14234,178075,,,,2026-08-07,downloaded
Florida,Vertical,florida_vertical,FWC 23/24-85,"Aquatic Fence Construction, Maintenance & Removal",,https://vendor.myfloridamarketplace.com/mfmp/bids/detail/attachment/download?attachmentId=14804,download?attachmentId=14804,625377,,,,2026-08-07,downloaded
Florida,Vertical,florida_vertical,C006524,Roadway & Maintenance Construction Continuing Services Contract,,https://vendor.myfloridamarketplace.com/mfmp/bids/detail/attachment/download?attachmentId=14967,download?attachmentId=14967,298573,,,,2026-08-07,downloaded
Florida,Vertical,florida_vertical,ITB-24-28,Well Construction for Cypresswood & Pollard Road Water Treatment Facilities,,https://vendor.myfloridamarketplace.com/mfmp/bids/detail/attachment/download?attachmentId=16835,download?attachmentId=16835,7054767,CSI,01;02,gs://specindex-ai-raw-documents/specs/FLORIDA/ITB-24-28/specbook_download-attachmentId-16835.pdf,2026-08-07,downloaded
Florida,Vertical,florida_vertical,FWC 24/25-26,BOUNDARY FIRE BREAK CONSTRUCTION AND REHABILITATION ON ESCRIBANO POINT WILDLIFE MANAGEMENT AREA(WMA),,https://vendor.myfloridamarketplace.com/mfmp/bids/detail/attachment/download?attachmentId=20689,download?attachmentId=20689,1072837,,,,2026-08-07,downloaded
Florida,Vertical,florida_vertical,FWC 24/25-26,BOUNDARY FIRE BREAK CONSTRUCTION AND REHABILITATION ON ESCRIBANO POINT WILDLIFE MANAGEMENT AREA(WMA),,https://vendor.myfloridamarketplace.com/mfmp/bids/detail/attachment/download?attachmentId=21257,download?attachmentId=21257,116617,,,,2026-08-07,downloaded
Florida,Vertical,florida_vertical,218032 Ocala ESP Renovation,"218032 Ocala ESP Renovation, Ocala, Florida",,https://vendor.myfloridamarketplace.com/mfmp/bids/detail/attachment/download?attachmentId=652,download?attachmentId=652,198537,,,,2026-08-07,downloaded
Florida,Vertical,florida_vertical,218032 Ocala ESP Renovation,"218032 Ocala ESP Renovation, Ocala, Florida",,https://vendor.myfloridamarketplace.com/mfmp/bids/detail/attachment/download?attachmentId=1256,download?attachmentId=1256,206164,,,,2026-08-07,downloaded
Florida,Vertical,florida_vertical,218032 Ocala ESP Renovation,"218032 Ocala ESP Renovation, Ocala, Florida",,https://vendor.myfloridamarketplace.com/mfmp/bids/detail/attachment/download?attachmentId=1257,download?attachmentId=1257,3693384,CSI,,gs://specindex-ai-raw-documents/specs/FLORIDA/218032-Ocala-ESP-Renovation/specbook_download-attachmentId-1257.pdf,2026-08-07,downloaded
Florida,Vertical,florida_vertical,218032 Ocala ESP Renovation,"218032 Ocala ESP Renovation, Ocala, Florida",,https://vendor.myfloridamarketplace.com/mfmp/bids/detail/attachment/download?attachmentId=653,download?attachmentId=653,114043,,,,2026-08-07,downloaded
Florida,Vertical,florida_vertical,218032 Ocala ESP Renovation,"218032 Ocala ESP Renovation, Ocala, Florida",,https://vendor.myfloridamarketplace.com/mfmp/bids/detail/attachment/download?attachmentId=654,download?attachmentId=654,61927,,,,2026-08-07,downloaded
Florida,Vertical,florida_vertical,218032 Ocala ESP Renovation,"218032 Ocala ESP Renovation, Ocala, Florida",,https://vendor.myfloridamarketplace.com/mfmp/bids/detail/attachment/download?attachmentId=655,download?attachmentId=655,3165906,,,,2026-08-07,downloaded
Florida,Vertical,florida_vertical,218032 Ocala ESP Renovation,"218032 Ocala ESP Renovation, Ocala, Florida",,https://vendor.myfloridamarketplace.com/mfmp/bids/detail/attachment/download?attachmentId=954,download?attachmentId=954,206570,,,,2026-08-07,downloaded
Florida,Vertical,florida_vertical,218032 Ocala ESP Renovation,"218032 Ocala ESP Renovation, Ocala, Florida",,https://vendor.myfloridamarketplace.com/mfmp/bids/detail/attachment/download?attachmentId=955,download?attachmentId=955,245038,,,,2026-08-07,downloaded
Florida,Vertical,florida_vertical,DCF ITB 2122 085,ESS Renovations,,https://vendor.myfloridamarketplace.com/mfmp/bids/detail/attachment/download?attachmentId=1719,download?attachmentId=1719,971187,CSI,01,gs://specindex-ai-raw-documents/specs/FLORIDA/DCF-ITB-2122-085/specbook_download-attachmentId-1719.pdf,2026-08-07,downloaded
Florida,Vertical,florida_vertical,DCF ITB 2122 085,ESS Renovations,,https://vendor.myfloridamarketplace.com/mfmp/bids/detail/attachment/download?attachmentId=1721,download?attachmentId=1721,39128529,unreadable,,,2026-08-07,unreadable format
Florida,Vertical,florida_vertical,DCF ITB 2122 085,ESS Renovations,,https://vendor.myfloridamarketplace.com/mfmp/bids/detail/attachment/download?attachmentId=1776,download?attachmentId=1776,80859,,,,2026-08-07,downloaded
Florida,Vertical,florida_vertical,BDC01-23/24,Invitation to Bid BDC01-23/24 O’Leno State Park – Middle Campground Restroom Renovation,,https://vendor.myfloridamarketplace.com/mfmp/bids/detail/attachment/download?attachmentId=10133,download?attachmentId=10133,112993,,,,2026-08-07,downloaded
Florida,Vertical,florida_vertical,218036LeesburgESP,218036 Leesburg ESP Renovation,,https://vendor.myfloridamarketplace.com/mfmp/bids/detail/attachment/download?attachmentId=10197,download?attachmentId=10197,203301,,,,2026-08-07,downloaded
Florida,Vertical,florida_vertical,218036LeesburgESP,218036 Leesburg ESP Renovation,,https://vendor.myfloridamarketplace.com/mfmp/bids/detail/attachment/download?attachmentId=10958,download?attachmentId=10958,1227988,,,,2026-08-07,downloaded
Florida,Vertical,florida_vertical,218036LeesburgESP,218036 Leesburg ESP Renovation,,https://vendor.myfloridamarketplace.com/mfmp/bids/detail/attachment/download?attachmentId=10198,download?attachmentId=10198,151490,,,,2026-08-07,downloaded
Florida,Vertical,florida_vertical,218036LeesburgESP,218036 Leesburg ESP Renovation,,https://vendor.myfloridamarketplace.com/mfmp/bids/detail/attachment/download?attachmentId=10199,download?attachmentId=10199,149870,,,,2026-08-07,downloaded
Florida,Vertical,florida_vertical,218036LeesburgESP,218036 Leesburg ESP Renovation,,https://vendor.myfloridamarketplace.com/mfmp/bids/detail/attachment/download?attachmentId=10435,download?attachmentId=10435,1075316,,,,2026-08-07,downloaded
Florida,Vertical,florida_vertical,FDC ITB-22-020,ITB-22-020 Santa Rosa Correctional Institution Roof Repair,,https://vendor.myfloridamarketplace.com/mfmp/bids/detail/attachment/download?attachmentId=378,download?attachmentId=378,68989,,,,2026-08-07,downloaded
Florida,Vertical,florida_vertical,FDC ITB-22-020,ITB-22-020 Santa Rosa Correctional Institution Roof Repair,,https://vendor.myfloridamarketplace.com/mfmp/bids/detail/attachment/download?attachmentId=379,download?attachmentId=379,351854,,,,2026-08-07,downloaded
Florida,Vertical,florida_vertical,FDC ITB-22-020,ITB-22-020 Santa Rosa Correctional Institution Roof Repair,,https://vendor.myfloridamarketplace.com/mfmp/bids/detail/attachment/download?attachmentId=380,download?attachmentId=380,1701329,,,,2026-08-07,downloaded
Florida,Vertical,florida_vertical,FDC ITB-22-020,ITB-22-020 Santa Rosa Correctional Institution Roof Repair,,https://vendor.myfloridamarketplace.com/mfmp/bids/detail/attachment/download?attachmentId=813,download?attachmentId=813,82458,,,,2026-08-07,downloaded
Florida,Vertical,florida_vertical,FDC ITB-22-016,ITB-22-016 Century CI and Pensacola WRC Roof Repairs,,https://vendor.myfloridamarketplace.com/mfmp/bids/detail/attachment/download?attachmentId=314,download?attachmentId=314,1545229,,,,2026-08-07,downloaded
Florida,Vertical,florida_vertical,FDC ITB-22-016,ITB-22-016 Century CI and Pensacola WRC Roof Repairs,,https://vendor.myfloridamarketplace.com/mfmp/bids/detail/attachment/download?attachmentId=315,download?attachmentId=315,335535,,,,2026-08-07,downloaded
Florida,Vertical,florida_vertical,FDVA-ITB-22-011B,LASSEN PATIO ROOF REPLACEMENT,,https://vendor.myfloridamarketplace.com/mfmp/bids/detail/attachment/download?attachmentId=115,download?attachmentId=115,683872,,,,2026-08-07,downloaded
Florida,Vertical,florida_vertical,FDVA-ITB-22-011B,LASSEN PATIO ROOF REPLACEMENT,,https://vendor.myfloridamarketplace.com/mfmp/bids/detail/attachment/download?attachmentId=116,download?attachmentId=116,683872,,,,2026-08-07,downloaded
Florida,Vertical,florida_vertical,FDC ITB-22-043,ITB-22-043 Century Correctional Institution and Pensacola Work Release Center Roof Repairs,,https://vendor.myfloridamarketplace.com/mfmp/bids/detail/attachment/download?attachmentId=1279,download?attachmentId=1279,2034499,,,,2026-08-07,downloaded
Florida,Vertical,florida_vertical,APD ITB 2122-010,Multiple Roof Repairs - Sunland,,https://vendor.myfloridamarketplace.com/mfmp/bids/detail/attachment/download?attachmentId=1557,download?attachmentId=1557,570386,,,,2026-08-07,downloaded
Florida,Vertical,florida_vertical,2023C-18,Re-Roof - Advanced Technology Center (ATC) Downtown Campus,,https://vendor.myfloridamarketplace.com/mfmp/bids/detail/attachment/download?attachmentId=7291,download?attachmentId=7291,118211,,,,2026-08-07,downloaded
Florida,Vertical,florida_vertical,2023C-19,Re-Roofing of Downtown Campus Building A,,https://vendor.myfloridamarketplace.com/mfmp/bids/detail/attachment/download?attachmentId=7352,download?attachmentId=7352,118078,,,,2026-08-07,downloaded
Florida,Vertical,florida_vertical,2023C-19,Re-Roofing of Downtown Campus Building A,,https://vendor.myfloridamarketplace.com/mfmp/bids/detail/attachment/download?attachmentId=7814,download?attachmentId=7814,3050020,,,,2026-08-07,downloaded
Florida,Vertical,florida_vertical,2023C-19,Re-Roofing of Downtown Campus Building A,,https://vendor.myfloridamarketplace.com/mfmp/bids/detail/attachment/download?attachmentId=7943,download?attachmentId=7943,1689328,,,,2026-08-07,downloaded
Florida,Vertical,florida_vertical,DOT-ITB-22-1306-DN,HVAC Maintenance Services for the Southwest Interagency Facility for Transportation (SWIFT) Sunguide,,https://vendor.myfloridamarketplace.com/mfmp/bids/detail/attachment/download?attachmentId=147,download?attachmentId=147,1820832,,,,2026-08-07,downloaded
Florida,Vertical,florida_vertical,DOT-ITB-22-2021-JB,HVAC Replacement for I-95 St. Johns County Rest Areas,,https://vendor.myfloridamarketplace.com/mfmp/bids/detail/attachment/download?attachmentId=995,download?attachmentId=995,1194643,,,,2026-08-07,downloaded
Florida,Vertical,florida_vertical,DOT-ITB-22-2021-JB,HVAC Replacement for I-95 St. Johns County Rest Areas,,https://vendor.myfloridamarketplace.com/mfmp/bids/detail/attachment/download?attachmentId=1330,download?attachmentId=1330,28194,,,,2026-08-07,downloaded
Florida,Vertical,florida_vertical,DOT-ITB-22-8035-DM,HVAC Maintenance at SunTrax Test Facility,,https://vendor.myfloridamarketplace.com/mfmp/bids/detail/attachment/download?attachmentId=2151,download?attachmentId=2151,302416,,,,2026-08-07,downloaded
Florida,Vertical,florida_vertical,FWC 22/23-117,FWRI HVAC Full Maintenance,,https://vendor.myfloridamarketplace.com/mfmp/bids/detail/attachment/download?attachmentId=9799,download?attachmentId=9799,663827,,,,2026-08-07,downloaded
Florida,Vertical,florida_vertical,DOH23-001,HVAC Maintenance Services,,https://vendor.myfloridamarketplace.com/mfmp/bids/detail/attachment/download?attachmentId=10267,download?attachmentId=10267,512931,,,,2026-08-07,downloaded
Florida,Vertical,florida_vertical,DOH23-001,HVAC Maintenance Services,,https://vendor.myfloridamarketplace.com/mfmp/bids/detail/attachment/download?attachmentId=11198,download?attachmentId=11198,586316,,,,2026-08-07,downloaded
Florida,Vertical,florida_vertical,FWC 23/24 -07,"FWRI HVAC Full Maintenance (St. Petersburg, Marine Path Lab, and Cedar Key) Rebid",,https://vendor.myfloridamarketplace.com/mfmp/bids/detail/attachment/download?attachmentId=10327,download?attachmentId=10327,731843,,,,2026-08-07,downloaded
Florida,Vertical,florida_vertical,FWC 23/24 -07,"FWRI HVAC Full Maintenance (St. Petersburg, Marine Path Lab, and Cedar Key) Rebid",,https://vendor.myfloridamarketplace.com/mfmp/bids/detail/attachment/download?attachmentId=10799,download?attachmentId=10799,207375,,,,2026-08-07,downloaded
Florida,Vertical,florida_vertical,FWC 23/24 -07,"FWRI HVAC Full Maintenance (St. Petersburg, Marine Path Lab, and Cedar Key) Rebid",,https://vendor.myfloridamarketplace.com/mfmp/bids/detail/attachment/download?attachmentId=11067,download?attachmentId=11067,207051,,,,2026-08-07,downloaded
Florida,Vertical,florida_vertical,DOT-ITB-24-1330-JC,FDOT District One - Maintenance & Repair Services for HVAC Systems at Bartow Materials Office,,https://vendor.myfloridamarketplace.com/mfmp/bids/detail/attachment/download?attachmentId=10872,download?attachmentId=10872,1265209,,,,2026-08-07,downloaded
Florida,Vertical,florida_vertical,DOT-ITB-24-8004-DM,"Maintenance, Repair, Replacement, Adjustments/Emergency Svcs - HVAC/R Equip/Systems",,https://vendor.myfloridamarketplace.com/mfmp/bids/detail/attachment/download?attachmentId=12025,download?attachmentId=12025,2251716,DOT SS/SP,,gs://specindex-ai-raw-documents/specs/FLORIDA/DOT-ITB-24-8004-DM/proposal_download-attachmentId-12025.pdf,2026-08-07,downloaded
Florida,Vertical,florida_vertical,DOT-ITB-24-1330-JC-REBID,FDOT District One - Maintenance & Repair Services for HVAC Systems at Bartow Materials Office REBID,,https://vendor.myfloridamarketplace.com/mfmp/bids/detail/attachment/download?attachmentId=12121,download?attachmentId=12121,658050,,,,2026-08-07,downloaded
Florida,Vertical,florida_vertical,FLHSMV-ITB-034-22,Department of Highway Safety and Motor Vehicles Neil Kirkman Building Signage,,https://vendor.myfloridamarketplace.com/mfmp/bids/detail/attachment/download?attachmentId=917,download?attachmentId=917,5086012,DOT SS/SP,,gs://specindex-ai-raw-documents/specs/FLORIDA/FLHSMV-ITB-034-22/proposal_download-attachmentId-917.pdf,2026-08-07,downloaded
Florida,Vertical,florida_vertical,DOT-ITB-22-2023-WB,St Johns County Rest Areas Building and Facilities Painting,,https://vendor.myfloridamarketplace.com/mfmp/bids/detail/attachment/download?attachmentId=1275,download?attachmentId=1275,657719,,,,2026-08-07,downloaded
Florida,Vertical,florida_vertical,DOT-ITB-22-2023-WB,St Johns County Rest Areas Building and Facilities Painting,,https://vendor.myfloridamarketplace.com/mfmp/bids/detail/attachment/download?attachmentId=1539,download?attachmentId=1539,54236,,,,2026-08-07,downloaded
Florida,Vertical,florida_vertical,DOT-ITB-22-2022-JB,Baker and Alachua County Rest Area Building and Facilities Painting,,https://vendor.myfloridamarketplace.com/mfmp/bids/detail/attachment/download?attachmentId=1285,download?attachmentId=1285,735935,,,,2026-08-07,downloaded
Florida,Vertical,florida_vertical,DOT-ITB-22-2022-JB,Baker and Alachua County Rest Area Building and Facilities Painting,,https://vendor.myfloridamarketplace.com/mfmp/bids/detail/attachment/download?attachmentId=1367,download?attachmentId=1367,27693,,,,2026-08-07,downloaded
Florida,Vertical,florida_vertical,DOT-ITB-22-2022-JB,Baker and Alachua County Rest Area Building and Facilities Painting,,https://vendor.myfloridamarketplace.com/mfmp/bids/detail/attachment/download?attachmentId=1528,download?attachmentId=1528,87041,,,,2026-08-07,downloaded
Florida,Vertical,florida_vertical,FLHSMV-ITB-037-22,Department of Highway Safety and Motor Vehicles Neil Kirkman Building Signage,,https://vendor.myfloridamarketplace.com/mfmp/bids/detail/attachment/download?attachmentId=1495,download?attachmentId=1495,5227699,DOT SS/SP,,gs://specindex-ai-raw-documents/specs/FLORIDA/FLHSMV-ITB-037-22/proposal_download-attachmentId-1495.pdf,2026-08-07,downloaded
Florida,Vertical,florida_vertical,FDC ITB-22-005,Building Code Administrator Services,,https://vendor.myfloridamarketplace.com/mfmp/bids/detail/attachment/download?attachmentId=3828,download?attachmentId=3828,1561340,,,,2026-08-07,downloaded
Florida,Vertical,florida_vertical,APD ITB 2223 009,Purchase and Installation of Modular Buildings,,https://vendor.myfloridamarketplace.com/mfmp/bids/detail/attachment/download?attachmentId=5383,download?attachmentId=5383,695386,,,,2026-08-07,downloaded
Florida,Vertical,florida_vertical,APD ITB 2223 009,Purchase and Installation of Modular Buildings,,https://vendor.myfloridamarketplace.com/mfmp/bids/detail/attachment/download?attachmentId=5486,download?attachmentId=5486,690720,,,,2026-08-07,downloaded
Florida,Vertical,florida_vertical,APD ITB 2223 009,Purchase and Installation of Modular Buildings,,https://vendor.myfloridamarketplace.com/mfmp/bids/detail/attachment/download?attachmentId=5487,download?attachmentId=5487,169934,,,,2026-08-07,downloaded
Florida,Vertical,florida_vertical,APD ITB 2223 009,Purchase and Installation of Modular Buildings,,https://vendor.myfloridamarketplace.com/mfmp/bids/detail/attachment/download?attachmentId=5780,download?attachmentId=5780,366867,,,,2026-08-07,downloaded
Florida,Vertical,florida_vertical,23-ITB-001-BM,Refurbishment and Modernization of Caldwell Building Elevators,,https://vendor.myfloridamarketplace.com/mfmp/bids/detail/attachment/download?attachmentId=5627,download?attachmentId=5627,815169,,,,2026-08-07,downloaded
Florida,Vertical,florida_vertical,23-ITB-001-BM,Refurbishment and Modernization of Caldwell Building Elevators,,https://vendor.myfloridamarketplace.com/mfmp/bids/detail/attachment/download?attachmentId=5800,download?attachmentId=5800,170351,,,,2026-08-07,downloaded
Florida,Vertical,florida_vertical,23-ITB-001-BM,Refurbishment and Modernization of Caldwell Building Elevators,,https://vendor.myfloridamarketplace.com/mfmp/bids/detail/attachment/download?attachmentId=5628,download?attachmentId=5628,442198,,,,2026-08-07,downloaded
Florida,Vertical,florida_vertical,23-ITB-001-BM,Refurbishment and Modernization of Caldwell Building Elevators,,https://vendor.myfloridamarketplace.com/mfmp/bids/detail/attachment/download?attachmentId=6297,download?attachmentId=6297,8588,,,,2026-08-07,downloaded
Florida,Vertical,florida_vertical,APD ITB 2223-009a Rebid,Purchase and Installation of Prefabricated Classroom Buildings,,https://vendor.myfloridamarketplace.com/mfmp/bids/detail/attachment/download?attachmentId=6471,download?attachmentId=6471,770318,,,,2026-08-07,downloaded
Florida,Vertical,florida_vertical,DOT-ITB-23-7019-LV,Generator Maintenance and Repair for SunGuide Center Building,,https://vendor.myfloridamarketplace.com/mfmp/bids/detail/attachment/download?attachmentId=7553,download?attachmentId=7553,981833,,,,2026-08-07,downloaded
Florida,Vertical,florida_vertical,222029 rebid,222029 Counterdrug HQ New Building rebid,,https://vendor.myfloridamarketplace.com/mfmp/bids/detail/attachment/download?attachmentId=8600,download?attachmentId=8600,235035,,,,2026-08-07,downloaded
Florida,Vertical,florida_vertical,222029 rebid,222029 Counterdrug HQ New Building rebid,,https://vendor.myfloridamarketplace.com/mfmp/bids/detail/attachment/download?attachmentId=9242,download?attachmentId=9242,3664544,,,,2026-08-07,downloaded
Florida,Vertical,florida_vertical,37848,Annual Civil Works Construction 2022-2025,,https://vendor.myfloridamarketplace.com/mfmp/bids/detail/attachment/download?attachmentId=1781,download?attachmentId=1781,592676,,,,2026-08-07,downloaded
Florida,Vertical,florida_vertical,39298,Monitor Well Construction & Well Maintenance Services,,https://vendor.myfloridamarketplace.com/mfmp/bids/detail/attachment/download?attachmentId=12895,download?attachmentId=12895,607636,DOT SS/SP,,gs://specindex-ai-raw-documents/specs/FLORIDA/39298/proposal_download-attachmentId-12895.pdf,2026-08-07,downloaded
Florida,Vertical,florida_vertical,39347,Renovation of Executive Building Lobby Restrooms at District headquarters,,https://vendor.myfloridamarketplace.com/mfmp/bids/detail/attachment/download?attachmentId=13146,download?attachmentId=13146,668042,,,,2026-08-07,downloaded
Florida,Vertical,florida_vertical,BDC07-22/23 AD1,Addendum 1 BDC07-22/23 Dade Battlefield Historic State Park - Lodge Roof Replacement,,https://vendor.myfloridamarketplace.com/mfmp/bids/detail/attachment/download?attachmentId=3815,download?attachmentId=3815,2458232,,,,2026-08-07,downloaded
Florida,Vertical,florida_vertical,BDC07-22/23 AD3,Addendum 3 BDC07-22/23 Dade Battlefield Historic State Park- Lodge Roof Replacement,,https://vendor.myfloridamarketplace.com/mfmp/bids/detail/attachment/download?attachmentId=4336,download?attachmentId=4336,188912,,,,2026-08-07,downloaded
Florida,Vertical,florida_vertical,BDC07-22/23 AD4,Addendum 4 BDC07-22/23 Dade Battlefield Historic State Park- Lodge Roof Replacement,,https://vendor.myfloridamarketplace.com/mfmp/bids/detail/attachment/download?attachmentId=4644,download?attachmentId=4644,2970270,,,,2026-08-07,downloaded
Florida,Vertical,florida_vertical,BDC07-22/23 AD5,Addendum 5 BDC07-22/23 Dade Battlefield Historic State Park- Lodge Roof Replacement,,https://vendor.myfloridamarketplace.com/mfmp/bids/detail/attachment/download?attachmentId=4686,download?attachmentId=4686,189868,,,,2026-08-07,downloaded
Florida,Vertical,florida_vertical,2023C-18,Re-Roof - Advanced Technology Center (ATC) Downtown Campus,,https://vendor.myfloridamarketplace.com/mfmp/bids/detail/attachment/download?attachmentId=7788,download?attachmentId=7788,3763568,,,,2026-08-07,downloaded
Florida,Vertical,florida_vertical,2023C-18,Re-Roof - Advanced Technology Center (ATC) Downtown Campus,,https://vendor.myfloridamarketplace.com/mfmp/bids/detail/attachment/download?attachmentId=7869,download?attachmentId=7869,662238,,,,2026-08-07,downloaded
Florida,Vertical,florida_vertical,2023C-18,Re-Roof - Advanced Technology Center (ATC) Downtown Campus,,https://vendor.myfloridamarketplace.com/mfmp/bids/detail/attachment/download?attachmentId=7932,download?attachmentId=7932,1854537,,,,2026-08-07,downloaded
Florida,Vertical,florida_vertical,2023C-18,Re-Roof - Advanced Technology Center (ATC) Downtown Campus,,https://vendor.myfloridamarketplace.com/mfmp/bids/detail/attachment/download?attachmentId=7327,download?attachmentId=7327,118211,,,,2026-08-07,downloaded
Florida,Vertical,florida_vertical,DOH22-001,Heating and Air Conditioning (HVAC) Maintenance Services - Pinellas County,,https://vendor.myfloridamarketplace.com/mfmp/bids/detail/attachment/download?attachmentId=1484,download?attachmentId=1484,307229,,,,2026-08-07,downloaded
Florida,Vertical,florida_vertical,REDM2223-08-LB,"Air Duct Remediation Refurbishment, Neil Kirkman Building, Tallahassee, Florida",,https://vendor.myfloridamarketplace.com/mfmp/bids/detail/attachment/download?attachmentId=4994,download?attachmentId=4994,168768,,,,2026-08-07,downloaded
Florida,Vertical,florida_vertical,REDM2223-08-LB,"Air Duct Remediation Refurbishment, Neil Kirkman Building, Tallahassee, Florida",,https://vendor.myfloridamarketplace.com/mfmp/bids/detail/attachment/download?attachmentId=4995,download?attachmentId=4995,167915,,,,2026-08-07,downloaded
Florida,Vertical,florida_vertical,F2029,Palatka Construction Window Replacement,,https://vendor.myfloridamarketplace.com/mfmp/bids/detail/attachment/download?attachmentId=16416,download?attachmentId=16416,12152,,,,2026-08-07,downloaded
Florida,Vertical,florida_vertical,F2029,Palatka Construction Window Replacement,,https://vendor.myfloridamarketplace.com/mfmp/bids/detail/attachment/download?attachmentId=16523,download?attachmentId=16523,94270,,,,2026-08-07,downloaded
Florida,Vertical,florida_vertical,F2029,Palatka Construction Window Replacement,,https://vendor.myfloridamarketplace.com/mfmp/bids/detail/attachment/download?attachmentId=16138,download?attachmentId=16138,34274,,,,2026-08-07,downloaded
Florida,Vertical,florida_vertical,F2029,Palatka Construction Window Replacement,,https://vendor.myfloridamarketplace.com/mfmp/bids/detail/attachment/download?attachmentId=16139,download?attachmentId=16139,122875,,,,2026-08-07,downloaded
Florida,Vertical,florida_vertical,F2005,St. Augustine Roof Replacement,,https://vendor.myfloridamarketplace.com/mfmp/bids/detail/attachment/download?attachmentId=373,download?attachmentId=373,37027,,,,2026-08-07,downloaded
Florida,Vertical,florida_vertical,F2005,St. Augustine Roof Replacement,,https://vendor.myfloridamarketplace.com/mfmp/bids/detail/attachment/download?attachmentId=376,download?attachmentId=376,116686,,,,2026-08-07,downloaded
Florida,Vertical,florida_vertical,RFQ-REDM2324-14,Construction Manager Services - Florida State Guard (FSG) - Flagler County Joint Training Facility,,https://vendor.myfloridamarketplace.com/mfmp/bids/detail/attachment/download?attachmentId=15381,download?attachmentId=15381,221300,,,,2026-08-07,downloaded
Florida,Vertical,florida_vertical,RFQ-REDM2324-14,Construction Manager Services - Florida State Guard (FSG) - Flagler County Joint Training Facility,,https://vendor.myfloridamarketplace.com/mfmp/bids/detail/attachment/download?attachmentId=16812,download?attachmentId=16812,121194,,,,2026-08-07,downloaded
Florida,Vertical,florida_vertical,RFQ-REDM2324-14,Construction Manager Services - Florida State Guard (FSG) - Flagler County Joint Training Facility,,https://vendor.myfloridamarketplace.com/mfmp/bids/detail/attachment/download?attachmentId=17278,download?attachmentId=17278,119406,,,,2026-08-07,downloaded
Florida,Vertical,florida_vertical,RFQ-REDM2324-15,C/M Services-Florida Department of Juvenile Justice-Three New Detention Centers-Construction,,https://vendor.myfloridamarketplace.com/mfmp/bids/detail/attachment/download?attachmentId=15661,download?attachmentId=15661,198753,,,,2026-08-07,downloaded
Florida,Vertical,florida_vertical,RFQ-REDM2324-15,C/M Services-Florida Department of Juvenile Justice-Three New Detention Centers-Construction,,https://vendor.myfloridamarketplace.com/mfmp/bids/detail/attachment/download?attachmentId=16969,download?attachmentId=16969,91738,,,,2026-08-07,downloaded
Florida,Vertical,florida_vertical,RFQ-REDM2324-15,C/M Services-Florida Department of Juvenile Justice-Three New Detention Centers-Construction,,https://vendor.myfloridamarketplace.com/mfmp/bids/detail/attachment/download?attachmentId=17868,download?attachmentId=17868,70657,,,,2026-08-07,downloaded
Florida,Vertical,florida_vertical,ITB 52-24,Construction Vessel,,https://vendor.myfloridamarketplace.com/mfmp/bids/detail/attachment/download?attachmentId=18669,download?attachmentId=18669,22004,,,,2026-08-07,downloaded
Florida,Vertical,florida_vertical,F7A07,District Seven FCO Tampa Headquarters Breakroom ADA Restroom Renovation,,https://vendor.myfloridamarketplace.com/mfmp/bids/detail/attachment/download?attachmentId=12338,download?attachmentId=12338,184029,,,,2026-08-07,downloaded
Florida,Vertical,florida_vertical,F7A07,District Seven FCO Tampa Headquarters Breakroom ADA Restroom Renovation,,https://vendor.myfloridamarketplace.com/mfmp/bids/detail/attachment/download?attachmentId=12339,download?attachmentId=12339,287522,,,,2026-08-07,downloaded
Florida,Vertical,florida_vertical,F2026,Lake City District Office ADA Handrailing Renovations,,https://vendor.myfloridamarketplace.com/mfmp/bids/detail/attachment/download?attachmentId=13456,download?attachmentId=13456,34310,,,,2026-08-07,downloaded
Florida,Vertical,florida_vertical,BDC07-24/25,Invitation to Bid BDC07-24/25 Jonathan Dickinson State Park - Structure Renovations,,https://vendor.myfloridamarketplace.com/mfmp/bids/detail/attachment/download?attachmentId=18295,download?attachmentId=18295,109196,,,,2026-08-07,downloaded
Florida,Vertical,florida_vertical,DOT-ITB-22-8028-AC,Replacement In-Kind of Two (2) Rooftop Condenser Units - Pompano,,https://vendor.myfloridamarketplace.com/mfmp/bids/detail/attachment/download?attachmentId=646,download?attachmentId=646,3513820,CSI,,gs://specindex-ai-raw-documents/specs/FLORIDA/DOT-ITB-22-8028-AC/specbook_download-attachmentId-646.pdf,2026-08-07,downloaded
Florida,Vertical,florida_vertical,BDC07-22/23,Invitation to Bid BDC07-22/23 Dade Battlefield Historic State Park - Lodge Roof Replacement,,https://vendor.myfloridamarketplace.com/mfmp/bids/detail/attachment/download?attachmentId=3225,download?attachmentId=3225,109518,,,,2026-08-07,downloaded
Florida,Vertical,florida_vertical,F7A09,District Seven FCO Tampa Operations Roof System Replacement,,https://vendor.myfloridamarketplace.com/mfmp/bids/detail/attachment/download?attachmentId=3272,download?attachmentId=3272,187548,,,,2026-08-07,downloaded
Florida,Vertical,florida_vertical,F7A09,District Seven FCO Tampa Operations Roof System Replacement,,https://vendor.myfloridamarketplace.com/mfmp/bids/detail/attachment/download?attachmentId=3273,download?attachmentId=3273,202061,,,,2026-08-07,downloaded
Florida,Vertical,florida_vertical,FWC 22/23-07C,NORTHEAST REGION OCALA HANGAR METAL ROOF REPLACEMENT,,https://vendor.myfloridamarketplace.com/mfmp/bids/detail/attachment/download?attachmentId=4158,download?attachmentId=4158,111609,,,,2026-08-07,downloaded
Florida,Vertical,florida_vertical,FWC 22/23-07C,NORTHEAST REGION OCALA HANGAR METAL ROOF REPLACEMENT,,https://vendor.myfloridamarketplace.com/mfmp/bids/detail/attachment/download?attachmentId=4159,download?attachmentId=4159,1069604,,,,2026-08-07,downloaded
Florida,Vertical,florida_vertical,F7A10,District Seven FCO SunGuide Chiller/HVAC Replacement,,https://vendor.myfloridamarketplace.com/mfmp/bids/detail/attachment/download?attachmentId=13022,download?attachmentId=13022,220795,,,,2026-08-07,downloaded
Florida,Vertical,florida_vertical,F7A10,District Seven FCO SunGuide Chiller/HVAC Replacement,,https://vendor.myfloridamarketplace.com/mfmp/bids/detail/attachment/download?attachmentId=13023,download?attachmentId=13023,374046,,,,2026-08-07,downloaded
Florida,Vertical,florida_vertical,DMA-ITB-304,125th FW HVAC Service Contract & Preventative Maintenance,,https://vendor.myfloridamarketplace.com/mfmp/bids/detail/attachment/download?attachmentId=14500,download?attachmentId=14500,226724,,,,2026-08-07,downloaded
Florida,Vertical,florida_vertical,DMA-ITB-304,125th FW HVAC Service Contract & Preventative Maintenance,,https://vendor.myfloridamarketplace.com/mfmp/bids/detail/attachment/download?attachmentId=14501,download?attachmentId=14501,502210,,,,2026-08-07,downloaded
Florida,Vertical,florida_vertical,DMA-ITB-304,125th FW HVAC Service Contract & Preventative Maintenance,,https://vendor.myfloridamarketplace.com/mfmp/bids/detail/attachment/download?attachmentId=14502,download?attachmentId=14502,97688,,,,2026-08-07,downloaded
Georgia,Vertical,georgia_vertical,PE-70750-NONST-2027-000000074,2026-13 Green Acres Water Main Replacement,,https://ssl.doas.state.ga.us/gpr/downloadAttachment?attachmentId=51155319&sourceSystemType=gpr20,downloadAttachment?attachmentId=51155319&sourceSystemType=gpr20,9609044,CSI,00;01;03;31;32;33,gs://specindex-ai-raw-documents/specs/GEORGIA/PE-70750-NONST-2027-000000074/specbook_downloadAttachment-attachmentId-51155319-sourceSystemType-gpr20.pdf,2026-08-07,downloaded
Georgia,Vertical,georgia_vertical,PE-70750-NONST-2027-000000074,2026-13 Green Acres Water Main Replacement,,https://ssl.doas.state.ga.us/gpr/downloadAttachment?attachmentId=51155320&sourceSystemType=gpr20,downloadAttachment?attachmentId=51155320&sourceSystemType=gpr20,47495544,,,,2026-08-07,downloaded
Georgia,Vertical,georgia_vertical,PE-64750-NONST-2027-000000204,Bid Ref. #27-003 Ritz Theatre Renovation,,https://ssl.doas.state.ga.us/gpr/downloadAttachment?attachmentId=51026868&sourceSystemType=gpr20,downloadAttachment?attachmentId=51026868&sourceSystemType=gpr20,174912,,,,2026-08-07,downloaded
Georgia,Vertical,georgia_vertical,PE-64750-NONST-2027-000000204,Bid Ref. #27-003 Ritz Theatre Renovation,,https://ssl.doas.state.ga.us/gpr/downloadAttachment?attachmentId=51613001&sourceSystemType=gpr20,downloadAttachment?attachmentId=51613001&sourceSystemType=gpr20,547584,,,,2026-08-07,downloaded
Georgia,Vertical,georgia_vertical,PE-64750-NONST-2027-000000204,Bid Ref. #27-003 Ritz Theatre Renovation,,https://ssl.doas.state.ga.us/gpr/downloadAttachment?attachmentId=50523057&sourceSystemType=gpr20,downloadAttachment?attachmentId=50523057&sourceSystemType=gpr20,1058424,,,,2026-08-07,downloaded
Georgia,Vertical,georgia_vertical,PE-77023-NONST-2027-000000661,"BL096-26, Gwinnett County Correctional Institution Kitchen HVAC Modification Project",,https://ssl.doas.state.ga.us/gpr/downloadAttachment?attachmentId=52075227&sourceSystemType=gpr20,downloadAttachment?attachmentId=52075227&sourceSystemType=gpr20,661465,,,,2026-08-07,downloaded
Georgia,Vertical,georgia_vertical,PE-55390-NONST-2027-000000005,A New Athletic Facility for the Telfair County Middle School,,https://ssl.doas.state.ga.us/gpr/downloadAttachment?attachmentId=51438381&sourceSystemType=gpr20,downloadAttachment?attachmentId=51438381&sourceSystemType=gpr20,61730,,,,2026-08-07,downloaded
Georgia,Vertical,georgia_vertical,PE-55390-NONST-2027-000000005,A New Athletic Facility for the Telfair County Middle School,,https://ssl.doas.state.ga.us/gpr/downloadAttachment?attachmentId=51585950&sourceSystemType=gpr20,downloadAttachment?attachmentId=51585950&sourceSystemType=gpr20,430477,,,,2026-08-07,downloaded
Georgia,Vertical,georgia_vertical,PE-55390-NONST-2027-000000005,A New Athletic Facility for the Telfair County Middle School,,https://ssl.doas.state.ga.us/gpr/downloadAttachment?attachmentId=52034884&sourceSystemType=gpr20,downloadAttachment?attachmentId=52034884&sourceSystemType=gpr20,13421530,CSI,10,gs://specindex-ai-raw-documents/specs/GEORGIA/PE-55390-NONST-2027-000000005/specbook_downloadAttachment-attachmentId-52034884-sourceSystemType-gpr20.pdf,2026-08-07,downloaded
Georgia,Vertical,georgia_vertical,PE-66130-NONST-2027-000000016,MCD-CED-RFP-FY27-001 Design-Build Services for Future City Hall Renovation,,https://ssl.doas.state.ga.us/gpr/downloadAttachment?attachmentId=51624576&sourceSystemType=gpr20,downloadAttachment?attachmentId=51624576&sourceSystemType=gpr20,1632905,,,,2026-08-07,downloaded
Georgia,Vertical,georgia_vertical,PE-66130-NONST-2027-000000016,MCD-CED-RFP-FY27-001 Design-Build Services for Future City Hall Renovation,,https://ssl.doas.state.ga.us/gpr/downloadAttachment?attachmentId=50529153&sourceSystemType=gpr20,downloadAttachment?attachmentId=50529153&sourceSystemType=gpr20,4484557,,,,2026-08-07,downloaded
Georgia,Vertical,georgia_vertical,PE-70750-NONST-2027-000000076,2026-15 LAS Culvert Replacement. Phase 2,,https://ssl.doas.state.ga.us/gpr/downloadAttachment?attachmentId=51954480&sourceSystemType=gpr20,downloadAttachment?attachmentId=51954480&sourceSystemType=gpr20,13827979,CSI,,gs://specindex-ai-raw-documents/specs/GEORGIA/PE-70750-NONST-2027-000000076/specbook_downloadAttachment-attachmentId-51954480-sourceSystemType-gpr20.pdf,2026-08-07,downloaded
Georgia,Vertical,georgia_vertical,PE-70750-NONST-2027-000000076,2026-15 LAS Culvert Replacement. Phase 2,,https://ssl.doas.state.ga.us/gpr/downloadAttachment?attachmentId=51157659&sourceSystemType=gpr20,downloadAttachment?attachmentId=51157659&sourceSystemType=gpr20,10182773,,,,2026-08-07,downloaded
Georgia,Vertical,georgia_vertical,PE-70750-NONST-2027-000000076,2026-15 LAS Culvert Replacement. Phase 2,,https://ssl.doas.state.ga.us/gpr/downloadAttachment?attachmentId=51157660&sourceSystemType=gpr20,downloadAttachment?attachmentId=51157660&sourceSystemType=gpr20,11733028,CSI,00;01;03;31;32;33,gs://specindex-ai-raw-documents/specs/GEORGIA/PE-70750-NONST-2027-000000076/specbook_downloadAttachment-attachmentId-51157660-sourceSystemType-gpr20.pdf,2026-08-07,downloaded
Georgia,Vertical,georgia_vertical,PE-66989-NONST-2026-000000003,New Deep Well & Chemical Feed Building Division II,,https://ssl.doas.state.ga.us/gpr/downloadAttachment?attachmentId=51975100&sourceSystemType=gpr20,downloadAttachment?attachmentId=51975100&sourceSystemType=gpr20,150180,,,,2026-08-07,downloaded
Georgia,Vertical,georgia_vertical,PE-63610-NONST-2027-000000077,CCSD CVA Classrooms Remodel,,https://ssl.doas.state.ga.us/gpr/downloadAttachment?attachmentId=51206046&sourceSystemType=gpr20,downloadAttachment?attachmentId=51206046&sourceSystemType=gpr20,43656,,,,2026-08-07,downloaded
Georgia,Vertical,georgia_vertical,PE-63610-NONST-2027-000000077,CCSD CVA Classrooms Remodel,,https://ssl.doas.state.ga.us/gpr/downloadAttachment?attachmentId=51187941&sourceSystemType=gpr20,downloadAttachment?attachmentId=51187941&sourceSystemType=gpr20,857797,,,,2026-08-07,downloaded
Georgia,Vertical,georgia_vertical,PE-63610-NONST-2027-000000078,CCSD Request HR rooms remodel HC-08-10-26B,,https://ssl.doas.state.ga.us/gpr/downloadAttachment?attachmentId=51204922&sourceSystemType=gpr20,downloadAttachment?attachmentId=51204922&sourceSystemType=gpr20,44886,,,,2026-08-07,downloaded
Georgia,Vertical,georgia_vertical,PE-63610-NONST-2027-000000078,CCSD Request HR rooms remodel HC-08-10-26B,,https://ssl.doas.state.ga.us/gpr/downloadAttachment?attachmentId=51192920&sourceSystemType=gpr20,downloadAttachment?attachmentId=51192920&sourceSystemType=gpr20,992424,,,,2026-08-07,downloaded
Georgia,Vertical,georgia_vertical,PE-72155-NONST-2027-000000198,26-181 Construction Services for May Park Improvements,,https://ssl.doas.state.ga.us/gpr/downloadAttachment?attachmentId=51481970&sourceSystemType=gpr20,downloadAttachment?attachmentId=51481970&sourceSystemType=gpr20,50802,,,,2026-08-07,downloaded
Georgia,Vertical,georgia_vertical,PE-64750-NONST-2027-000000216,Bid Ref. #26-050-R Boiler Replacement 225 Judicial Building,,https://ssl.doas.state.ga.us/gpr/downloadAttachment?attachmentId=52086073&sourceSystemType=gpr20,downloadAttachment?attachmentId=52086073&sourceSystemType=gpr20,1185706,,,,2026-08-07,downloaded
Georgia,Vertical,georgia_vertical,PE-65600-NONST-2027-000000244,27018-B: Grant Road (250) Culvert Replacement,,https://ssl.doas.state.ga.us/gpr/downloadAttachment?attachmentId=51605242&sourceSystemType=gpr20,downloadAttachment?attachmentId=51605242&sourceSystemType=gpr20,7222149,unreadable,,,2026-08-07,unreadable format
Georgia,Vertical,georgia_vertical,PE-65600-NONST-2027-000000244,27018-B: Grant Road (250) Culvert Replacement,,https://ssl.doas.state.ga.us/gpr/downloadAttachment?attachmentId=51605243&sourceSystemType=gpr20,downloadAttachment?attachmentId=51605243&sourceSystemType=gpr20,19540727,,,,2026-08-07,downloaded
Georgia,Vertical,georgia_vertical,PE-63850-NONST-2027-000000031,Traffic Signal Installation and Related Construction 2026,,https://ssl.doas.state.ga.us/gpr/downloadAttachment?attachmentId=51431293&sourceSystemType=gpr20,downloadAttachment?attachmentId=51431293&sourceSystemType=gpr20,2038410,,,,2026-08-07,downloaded
Georgia,Vertical,georgia_vertical,PE-63850-NONST-2027-000000031,Traffic Signal Installation and Related Construction 2026,,https://ssl.doas.state.ga.us/gpr/downloadAttachment?attachmentId=51431614&sourceSystemType=gpr20,downloadAttachment?attachmentId=51431614&sourceSystemType=gpr20,3562343,,,,2026-08-07,downloaded
Georgia,Vertical,georgia_vertical,PE-40900-RFQC-2027-000000219,J-442-CxA Translational Research Building at Augusta University.,,https://ssl.doas.state.ga.us/gpr/downloadAttachment?attachmentId=51113055&sourceSystemType=gpr20,downloadAttachment?attachmentId=51113055&sourceSystemType=gpr20,591210,,,,2026-08-07,downloaded
Georgia,Vertical,georgia_vertical,PE-40900-RFQC-2027-000000216,J-465-CM One Arsenal Place Renovation - Columbus State University,,https://ssl.doas.state.ga.us/gpr/downloadAttachment?attachmentId=50577020&sourceSystemType=gpr20,downloadAttachment?attachmentId=50577020&sourceSystemType=gpr20,385302,,,,2026-08-07,downloaded
Georgia,Vertical,georgia_vertical,PE-65750-NONST-2026-000000044,021-26 Fire Station Concrete Driveway Repair Contract,,https://ssl.doas.state.ga.us/gpr/downloadAttachment?attachmentId=51070038&sourceSystemType=gpr20,downloadAttachment?attachmentId=51070038&sourceSystemType=gpr20,193026,,,,2026-08-07,downloaded
Georgia,Vertical,georgia_vertical,PE-66218-NONST-2027-000000050,Architectural Design & Construction Administration Services For Kingsland Fleet Garage,,https://ssl.doas.state.ga.us/gpr/downloadAttachment?attachmentId=50271779&sourceSystemType=gpr20,downloadAttachment?attachmentId=50271779&sourceSystemType=gpr20,697671,CSI,02,gs://specindex-ai-raw-documents/specs/GEORGIA/PE-66218-NONST-2027-000000050/specbook_downloadAttachment-attachmentId-50271779-sourceSystemType-gpr20.pdf,2026-08-07,downloaded
Georgia,Vertical,georgia_vertical,PE-65600-NONST-2027-000000241,27014-A Fire Station #6 Remodel,,https://ssl.doas.state.ga.us/gpr/downloadAttachment?attachmentId=51532545&sourceSystemType=gpr20,downloadAttachment?attachmentId=51532545&sourceSystemType=gpr20,3920846,unreadable,,,2026-08-07,unreadable format
Georgia,Vertical,georgia_vertical,PE-65600-NONST-2027-000000242,27015-A Fire Station #7 Remodel,,https://ssl.doas.state.ga.us/gpr/downloadAttachment?attachmentId=51533156&sourceSystemType=gpr20,downloadAttachment?attachmentId=51533156&sourceSystemType=gpr20,3963118,unreadable,,,2026-08-07,unreadable format
Georgia,Vertical,georgia_vertical,PE-77023-NONST-2027-000000656,"BL095-26, Gwinnett County Fire Stations 27 & 28 HVAC Replacement Project",,https://ssl.doas.state.ga.us/gpr/downloadAttachment?attachmentId=51161331&sourceSystemType=gpr20,downloadAttachment?attachmentId=51161331&sourceSystemType=gpr20,15051785,CSI,26,gs://specindex-ai-raw-documents/specs/GEORGIA/PE-77023-NONST-2027-000000656/specbook_downloadAttachment-attachmentId-51161331-sourceSystemType-gpr20.pdf,2026-08-07,downloaded
Georgia,Vertical,georgia_vertical,PE-77023-NONST-2027-000000656,"BL095-26, Gwinnett County Fire Stations 27 & 28 HVAC Replacement Project",,https://ssl.doas.state.ga.us/gpr/downloadAttachment?attachmentId=51950571&sourceSystemType=gpr20,downloadAttachment?attachmentId=51950571&sourceSystemType=gpr20,4895731,,,,2026-08-07,downloaded
Georgia,Vertical,georgia_vertical,PE-55001-NONST-2027-000000030,Phase III Renovations - Thomas Crossroads Elementary,,https://ssl.doas.state.ga.us/gpr/downloadAttachment?attachmentId=50783889&sourceSystemType=gpr20,downloadAttachment?attachmentId=50783889&sourceSystemType=gpr20,115125,,,,2026-08-07,downloaded
Georgia,Vertical,georgia_vertical,PE-55090-NONST-2027-000000009,LFO High School Firefighter Training Facility,,https://ssl.doas.state.ga.us/gpr/downloadAttachment?attachmentId=50889457&sourceSystemType=gpr20,downloadAttachment?attachmentId=50889457&sourceSystemType=gpr20,75670,,,,2026-08-07,downloaded
Georgia,Vertical,georgia_vertical,PE-77023-NONST-2027-000000687,IWQ 072826 Gwinnett County Central Services Canopy Addition Project,,https://ssl.doas.state.ga.us/gpr/downloadAttachment?attachmentId=51616210&sourceSystemType=gpr20,downloadAttachment?attachmentId=51616210&sourceSystemType=gpr20,1970318,CSI,75,gs://specindex-ai-raw-documents/specs/GEORGIA/PE-77023-NONST-2027-000000687/specbook_downloadAttachment-attachmentId-51616210-sourceSystemType-gpr20.pdf,2026-08-07,downloaded
Georgia,Vertical,georgia_vertical,PE-63610-NONST-2027-000000076,CCSD Lakeside High Roof Replacement,,https://ssl.doas.state.ga.us/gpr/downloadAttachment?attachmentId=50943215&sourceSystemType=gpr20,downloadAttachment?attachmentId=50943215&sourceSystemType=gpr20,133436,,,,2026-08-07,downloaded
Georgia,Vertical,georgia_vertical,PE-66218-NONST-2027-000000049,Renovation of Municipal Services Building,,https://ssl.doas.state.ga.us/gpr/downloadAttachment?attachmentId=50082585&sourceSystemType=gpr20,downloadAttachment?attachmentId=50082585&sourceSystemType=gpr20,557593,CSI,02,gs://specindex-ai-raw-documents/specs/GEORGIA/PE-66218-NONST-2027-000000049/specbook_downloadAttachment-attachmentId-50082585-sourceSystemType-gpr20.pdf,2026-08-07,downloaded
Georgia,Vertical,georgia_vertical,PE-70662-NONST-2027-000000118,RFB No. 27-0003 HVAC Preventive Maintenance & Repair Services,,https://ssl.doas.state.ga.us/gpr/downloadAttachment?attachmentId=51173693&sourceSystemType=gpr20,downloadAttachment?attachmentId=51173693&sourceSystemType=gpr20,1942695,,,,2026-08-07,downloaded
Georgia,Vertical,georgia_vertical,PE-70662-NONST-2027-000000118,RFB No. 27-0003 HVAC Preventive Maintenance & Repair Services,,https://ssl.doas.state.ga.us/gpr/downloadAttachment?attachmentId=51947460&sourceSystemType=gpr20,downloadAttachment?attachmentId=51947460&sourceSystemType=gpr20,1745535,,,,2026-08-07,downloaded
Georgia,Vertical,georgia_vertical,PE-63100-NONST-2027-000000098,RFQ # 26-38 Projector System and Audio Visual Renovation for Clayton County GA,,https://ssl.doas.state.ga.us/gpr/downloadAttachment?attachmentId=50655761&sourceSystemType=gpr20,downloadAttachment?attachmentId=50655761&sourceSystemType=gpr20,5907723,,,,2026-08-07,downloaded
Georgia,Vertical,georgia_vertical,PE-40900-RFQC-2027-000000221,J-467-CM KSU - Reno for Student Success & Construction Management Programs,,https://ssl.doas.state.ga.us/gpr/downloadAttachment?attachmentId=51296214&sourceSystemType=gpr20,downloadAttachment?attachmentId=51296214&sourceSystemType=gpr20,386650,,,,2026-08-07,downloaded
Georgia,Vertical,georgia_vertical,PE-77023-NONST-2027-000000682,BL115-26 Removal and Replacement of Epoxy Floors at Various Parks Locations,,https://ssl.doas.state.ga.us/gpr/downloadAttachment?attachmentId=51428627&sourceSystemType=gpr20,downloadAttachment?attachmentId=51428627&sourceSystemType=gpr20,1058926,,,,2026-08-07,downloaded
Georgia,Vertical,georgia_vertical,PE-77990-NONST-2027-000000001,CONSTRUCTION SERVICES FOR THE RENOVATION OF THE OCONEE COUNTY LIBRARY,,https://ssl.doas.state.ga.us/gpr/downloadAttachment?attachmentId=51282101&sourceSystemType=gpr20,downloadAttachment?attachmentId=51282101&sourceSystemType=gpr20,237906,,,,2026-08-07,downloaded
Georgia,Vertical,georgia_vertical,PE-77990-NONST-2027-000000001,CONSTRUCTION SERVICES FOR THE RENOVATION OF THE OCONEE COUNTY LIBRARY,,https://ssl.doas.state.ga.us/gpr/downloadAttachment?attachmentId=51282103&sourceSystemType=gpr20,downloadAttachment?attachmentId=51282103&sourceSystemType=gpr20,599068,,,,2026-08-07,downloaded
Georgia,Vertical,georgia_vertical,PE-77990-NONST-2027-000000001,CONSTRUCTION SERVICES FOR THE RENOVATION OF THE OCONEE COUNTY LIBRARY,,https://ssl.doas.state.ga.us/gpr/downloadAttachment?attachmentId=51283077&sourceSystemType=gpr20,downloadAttachment?attachmentId=51283077&sourceSystemType=gpr20,55733,,,,2026-08-07,downloaded
Georgia,Vertical,georgia_vertical,PE-77990-NONST-2027-000000001,CONSTRUCTION SERVICES FOR THE RENOVATION OF THE OCONEE COUNTY LIBRARY,,https://ssl.doas.state.ga.us/gpr/downloadAttachment?attachmentId=51283079&sourceSystemType=gpr20,downloadAttachment?attachmentId=51283079&sourceSystemType=gpr20,7682882,CSI,03;06;08;09;21;23;26;28,gs://specindex-ai-raw-documents/specs/GEORGIA/PE-77990-NONST-2027-000000001/specbook_downloadAttachment-attachmentId-51283079-sourceSystemType-gpr20.pdf,2026-08-07,downloaded
Georgia,Vertical,georgia_vertical,PE-77990-NONST-2027-000000001,CONSTRUCTION SERVICES FOR THE RENOVATION OF THE OCONEE COUNTY LIBRARY,,https://ssl.doas.state.ga.us/gpr/downloadAttachment?attachmentId=51535345&sourceSystemType=gpr20,downloadAttachment?attachmentId=51535345&sourceSystemType=gpr20,30653,,,,2026-08-07,downloaded
Georgia,Vertical,georgia_vertical,PE-77990-NONST-2027-000000001,CONSTRUCTION SERVICES FOR THE RENOVATION OF THE OCONEE COUNTY LIBRARY,,https://ssl.doas.state.ga.us/gpr/downloadAttachment?attachmentId=51535346&sourceSystemType=gpr20,downloadAttachment?attachmentId=51535346&sourceSystemType=gpr20,402739,unreadable,,,2026-08-07,unreadable format
Georgia,Vertical,georgia_vertical,PE-40900-RFQC-2027-000000220,J-446-CM Strickland Hall Renovation - University of North Georgia,,https://ssl.doas.state.ga.us/gpr/downloadAttachment?attachmentId=51270813&sourceSystemType=gpr20,downloadAttachment?attachmentId=51270813&sourceSystemType=gpr20,408084,,,,2026-08-07,downloaded
Georgia,Vertical,georgia_vertical,PE-47200-RFQ-2026-000000147,"MGSU, J-469-DP Cochran Campus Domestic Water System Replacement",,https://ssl.doas.state.ga.us/gpr/downloadAttachment?attachmentId=51866270&sourceSystemType=gpr20,downloadAttachment?attachmentId=51866270&sourceSystemType=gpr20,168971,,,,2026-08-07,downloaded
Georgia,Vertical,georgia_vertical,PE-47200-RFQ-2026-000000147,"MGSU, J-469-DP Cochran Campus Domestic Water System Replacement",,https://ssl.doas.state.ga.us/gpr/downloadAttachment?attachmentId=51866271&sourceSystemType=gpr20,downloadAttachment?attachmentId=51866271&sourceSystemType=gpr20,299686,,,,2026-08-07,downloaded
Georgia,Vertical,georgia_vertical,PE-74600-NONST-2027-000000030,RFP 2026-10b Courthouse Attic Remediation and Roof Repair,,https://ssl.doas.state.ga.us/gpr/downloadAttachment?attachmentId=51363807&sourceSystemType=gpr20,downloadAttachment?attachmentId=51363807&sourceSystemType=gpr20,1763645,,,,2026-08-07,downloaded
Hawaii,DOT,hawaii_dot,RH1016-22,RH1016-22,,https://hidot.hawaii.gov/administration/files/2026/07/RH1016-22.pdf,RH1016-22.pdf,12635,,,,2026-08-07,downloaded
Hawaii,DOT,hawaii_dot,BO1225-53,BO1225-53,,https://hidot.hawaii.gov/administration/files/2022/08/BO1225-53.pdf,BO1225-53.pdf,7787,,,,2026-08-07,downloaded
Hawaii,DOT,hawaii_dot,BO1320-73,BO1320-73,,https://hidot.hawaii.gov/administration/files/2022/08/BO1320-73.pdf,BO1320-73.pdf,36844,,,,2026-08-07,downloaded
Hawaii,DOT,hawaii_dot,EO1009-23,EO1009-23,,https://hidot.hawaii.gov/administration/files/2022/08/EO1009-23.pdf,EO1009-23.pdf,8199,,,,2026-08-07,downloaded
Hawaii,DOT,hawaii_dot,H. C. 10824,H. C. 10824,,https://hidot.hawaii.gov/administration/files/2022/08/H.-C.-10824.pdf,H.-C.-10824.pdf,9059,,,,2026-08-07,downloaded
Hawaii,DOT,hawaii_dot,BO1321-73,BO1321-73,,https://hidot.hawaii.gov/administration/files/2022/08/BO1321-73.pdf,BO1321-73.pdf,37668,,,,2026-08-07,downloaded
Hawaii,DOT,hawaii_dot,BO1322-73,BO1322-73,,https://hidot.hawaii.gov/administration/files/2022/08/BO1322-73.pdf,BO1322-73.pdf,52879,,,,2026-08-07,downloaded
Hawaii,DOT,hawaii_dot,BO4321-73,BO4321-73,,https://hidot.hawaii.gov/administration/files/2022/08/BO4321-73.pdf,BO4321-73.pdf,7933,,,,2026-08-07,downloaded
Hawaii,DOT,hawaii_dot,EO1010-23,EO1010-23,,https://hidot.hawaii.gov/administration/files/2022/08/EO1010-23.pdf,EO1010-23.pdf,8487,,,,2026-08-07,downloaded
Hawaii,DOT,hawaii_dot,BK1220-33,BK1220-33,,https://hidot.hawaii.gov/administration/files/2022/10/BK1220-33.pdf,BK1220-33.pdf,8054,,,,2026-08-07,downloaded
Hawaii,DOT,hawaii_dot,BK1222-33,BK1222-33,,https://hidot.hawaii.gov/administration/files/2022/10/BK1222-33.pdf,BK1222-33.pdf,47676,,,,2026-08-07,downloaded
Hawaii,DOT,hawaii_dot,STP-5310-22A,STP-5310-22A,,https://hidot.hawaii.gov/administration/files/2022/10/STP-5310-22A.pdf,STP-5310-22A.pdf,60013,,,,2026-08-07,downloaded
Hawaii,DOT,hawaii_dot,BO1325-73,BO1325-73,,https://hidot.hawaii.gov/administration/files/2022/12/BO1325-73.pdf,BO1325-73.pdf,8063,,,,2026-08-07,downloaded
Hawaii,DOT,hawaii_dot,EO1010-23,EO1010-23,,https://hidot.hawaii.gov/administration/files/2022/12/EO1010-23.pdf,EO1010-23.pdf,8490,,,,2026-08-07,downloaded
Hawaii,DOT,hawaii_dot,RH1016-22R,RH1016-22R,,https://hidot.hawaii.gov/administration/files/2022/12/RH1016-22R.pdf,RH1016-22R.pdf,8280,,,,2026-08-07,downloaded
Hawaii,DOT,hawaii_dot,H.C. 50113.3,H.C. 50113.3,,https://hidot.hawaii.gov/administration/files/2022/12/H.C.-50113.3.pdf,H.C.-50113.3.pdf,51558,,,,2026-08-07,downloaded
Illinois,DOT,illinois_dot,62J64,IDOT letting contract 001-62J64,,http://apps.dot.illinois.gov/eplan/desenv/073126/001-62J64/62J64-001.pdf,62J64-001.pdf,2613284,DOT SS/SP,,gs://specindex-ai-raw-documents/specs/ILLINOIS/62J64/proposal_62J64-001.pdf,2026-08-07,downloaded
Illinois,DOT,illinois_dot,62T84,IDOT letting contract 002-62T84,,http://apps.dot.illinois.gov/eplan/desenv/073126/002-62T84/62T84-002.pdf,62T84-002.pdf,15285308,DOT SS/SP,,gs://specindex-ai-raw-documents/specs/ILLINOIS/62T84/proposal_62T84-002.pdf,2026-08-07,downloaded
Illinois,DOT,illinois_dot,62V29,IDOT letting contract 003-62V29,,http://apps.dot.illinois.gov/eplan/desenv/073126/003-62V29/62V29-003.pdf,62V29-003.pdf,745721,DOT SS/SP,,gs://specindex-ai-raw-documents/specs/ILLINOIS/62V29/proposal_62V29-003.pdf,2026-08-07,downloaded
Illinois,DOT,illinois_dot,62V45,IDOT letting contract 004-62V45,,http://apps.dot.illinois.gov/eplan/desenv/073126/004-62V45/62V45-004.pdf,62V45-004.pdf,6675515,DOT SS/SP,,gs://specindex-ai-raw-documents/specs/ILLINOIS/62V45/proposal_62V45-004.pdf,2026-08-07,downloaded
Illinois,DOT,illinois_dot,62V46,IDOT letting contract 005-62V46,,http://apps.dot.illinois.gov/eplan/desenv/073126/005-62V46/62V46-005.pdf,62V46-005.pdf,864493,DOT SS/SP,,gs://specindex-ai-raw-documents/specs/ILLINOIS/62V46/proposal_62V46-005.pdf,2026-08-07,downloaded
Illinois,DOT,illinois_dot,62V64,IDOT letting contract 006-62V64,,http://apps.dot.illinois.gov/eplan/desenv/073126/006-62V64/62V64-006.pdf,62V64-006.pdf,742845,DOT SS/SP,,gs://specindex-ai-raw-documents/specs/ILLINOIS/62V64/proposal_62V64-006.pdf,2026-08-07,downloaded
Illinois,DOT,illinois_dot,62V79,IDOT letting contract 007-62V79,,http://apps.dot.illinois.gov/eplan/desenv/073126/007-62V79/62V79-007.pdf,62V79-007.pdf,754576,DOT SS/SP,,gs://specindex-ai-raw-documents/specs/ILLINOIS/62V79/proposal_62V79-007.pdf,2026-08-07,downloaded
Illinois,DOT,illinois_dot,62V80,IDOT letting contract 008-62V80,,http://apps.dot.illinois.gov/eplan/desenv/073126/008-62V80/62V80-008.pdf,62V80-008.pdf,951387,DOT SS/SP,,gs://specindex-ai-raw-documents/specs/ILLINOIS/62V80/proposal_62V80-008.pdf,2026-08-07,downloaded
Illinois,DOT,illinois_dot,62W20,IDOT letting contract 009-62W20,,http://apps.dot.illinois.gov/eplan/desenv/073126/009-62W20/62W20-009.pdf,62W20-009.pdf,9717774,DOT SS/SP,,gs://specindex-ai-raw-documents/specs/ILLINOIS/62W20/proposal_62W20-009.pdf,2026-08-07,downloaded
Illinois,DOT,illinois_dot,62X43,IDOT letting contract 010-62X43,,http://apps.dot.illinois.gov/eplan/desenv/073126/010-62X43/62X43-010.pdf,62X43-010.pdf,1740637,DOT SS/SP,,gs://specindex-ai-raw-documents/specs/ILLINOIS/62X43/proposal_62X43-010.pdf,2026-08-07,downloaded
Illinois,DOT,illinois_dot,62Y20,IDOT letting contract 011-62Y20,,http://apps.dot.illinois.gov/eplan/desenv/073126/011-62Y20/62Y20-011.pdf,62Y20-011.pdf,1582650,DOT SS/SP,,gs://specindex-ai-raw-documents/specs/ILLINOIS/62Y20/proposal_62Y20-011.pdf,2026-08-07,downloaded
Illinois,DOT,illinois_dot,80B42,IDOT letting contract 012-80B42,,http://apps.dot.illinois.gov/eplan/desenv/073126/012-80B42/80B42-012.pdf,80B42-012.pdf,5305703,DOT SS/SP,,gs://specindex-ai-raw-documents/specs/ILLINOIS/80B42/proposal_80B42-012.pdf,2026-08-07,downloaded
Illinois,DOT,illinois_dot,80B44,IDOT letting contract 013-80B44,,http://apps.dot.illinois.gov/eplan/desenv/073126/013-80B44/80B44-013.pdf,80B44-013.pdf,15012337,DOT SS/SP,,gs://specindex-ai-raw-documents/specs/ILLINOIS/80B44/proposal_80B44-013.pdf,2026-08-07,downloaded
Illinois,DOT,illinois_dot,80C87,IDOT letting contract 014-80C87,,http://apps.dot.illinois.gov/eplan/desenv/073126/014-80C87/80C87-014.pdf,80C87-014.pdf,1152470,DOT SS/SP,,gs://specindex-ai-raw-documents/specs/ILLINOIS/80C87/proposal_80C87-014.pdf,2026-08-07,downloaded
Illinois,DOT,illinois_dot,80D50,IDOT letting contract 015-80D50,,http://apps.dot.illinois.gov/eplan/desenv/073126/015-80D50/80D50-015.pdf,80D50-015.pdf,15553357,DOT SS/SP,,gs://specindex-ai-raw-documents/specs/ILLINOIS/80D50/proposal_80D50-015.pdf,2026-08-07,downloaded
Illinois,DOT,illinois_dot,61K19,IDOT letting contract 016-61K19,,http://apps.dot.illinois.gov/eplan/desenv/073126/016-61K19/61K19-016.pdf,61K19-016.pdf,9891846,CSI,01,gs://specindex-ai-raw-documents/specs/ILLINOIS/61K19/specbook_61K19-016.pdf,2026-08-07,downloaded
Illinois,DOT,illinois_dot,61K67,IDOT letting contract 017-61K67,,http://apps.dot.illinois.gov/eplan/desenv/073126/017-61K67/61K67-017.pdf,61K67-017.pdf,6509928,DOT SS/SP,,gs://specindex-ai-raw-documents/specs/ILLINOIS/61K67/proposal_61K67-017.pdf,2026-08-07,downloaded
Illinois,DOT,illinois_dot,61K85,IDOT letting contract 018-61K85,,http://apps.dot.illinois.gov/eplan/desenv/073126/018-61K85/61K85-018.pdf,61K85-018.pdf,10785567,DOT SS/SP,,gs://specindex-ai-raw-documents/specs/ILLINOIS/61K85/proposal_61K85-018.pdf,2026-08-07,downloaded
Illinois,DOT,illinois_dot,61M13,IDOT letting contract 019-61M13,,http://apps.dot.illinois.gov/eplan/desenv/073126/019-61M13/61M13-019.pdf,61M13-019.pdf,16056322,DOT SS/SP,,gs://specindex-ai-raw-documents/specs/ILLINOIS/61M13/proposal_61M13-019.pdf,2026-08-07,downloaded
Illinois,DOT,illinois_dot,66863,IDOT letting contract 01X-66863,,http://apps.dot.illinois.gov/eplan/desenv/073126/01X-66863/66863-01X.pdf,66863-01X.pdf,13681182,DOT SS/SP,,gs://specindex-ai-raw-documents/specs/ILLINOIS/66863/proposal_66863-01X.pdf,2026-08-07,downloaded
Illinois,DOT,illinois_dot,61M40,IDOT letting contract 020-61M40,,http://apps.dot.illinois.gov/eplan/desenv/073126/020-61M40/61M40-020.pdf,61M40-020.pdf,9561410,DOT SS/SP,,gs://specindex-ai-raw-documents/specs/ILLINOIS/61M40/proposal_61M40-020.pdf,2026-08-07,downloaded
Illinois,DOT,illinois_dot,61M50,IDOT letting contract 021-61M50,,http://apps.dot.illinois.gov/eplan/desenv/073126/021-61M50/61M50-021.pdf,61M50-021.pdf,7829160,DOT SS/SP,,gs://specindex-ai-raw-documents/specs/ILLINOIS/61M50/proposal_61M50-021.pdf,2026-08-07,downloaded
Illinois,DOT,illinois_dot,64T48,IDOT letting contract 022-64T48,,http://apps.dot.illinois.gov/eplan/desenv/073126/022-64T48/64T48-022.pdf,64T48-022.pdf,1720442,DOT SS/SP,,gs://specindex-ai-raw-documents/specs/ILLINOIS/64T48/proposal_64T48-022.pdf,2026-08-07,downloaded
Illinois,DOT,illinois_dot,64T49,IDOT letting contract 023-64T49,,http://apps.dot.illinois.gov/eplan/desenv/073126/023-64T49/64T49-023.pdf,64T49-023.pdf,1437760,DOT SS/SP,,gs://specindex-ai-raw-documents/specs/ILLINOIS/64T49/proposal_64T49-023.pdf,2026-08-07,downloaded
Illinois,DOT,illinois_dot,64V16,IDOT letting contract 024-64V16,,http://apps.dot.illinois.gov/eplan/desenv/073126/024-64V16/64V16-024.pdf,64V16-024.pdf,693515,DOT SS/SP,,gs://specindex-ai-raw-documents/specs/ILLINOIS/64V16/proposal_64V16-024.pdf,2026-08-07,downloaded
Illinois,DOT,illinois_dot,64V30,IDOT letting contract 025-64V30,,http://apps.dot.illinois.gov/eplan/desenv/073126/025-64V30/64V30-025.pdf,64V30-025.pdf,1075942,DOT SS/SP,,gs://specindex-ai-raw-documents/specs/ILLINOIS/64V30/proposal_64V30-025.pdf,2026-08-07,downloaded
Illinois,DOT,illinois_dot,64V41,IDOT letting contract 026-64V41,,http://apps.dot.illinois.gov/eplan/desenv/073126/026-64V41/64V41-026.pdf,64V41-026.pdf,783885,DOT SS/SP,,gs://specindex-ai-raw-documents/specs/ILLINOIS/64V41/proposal_64V41-026.pdf,2026-08-07,downloaded
Illinois,DOT,illinois_dot,85781,IDOT letting contract 028-85781,,http://apps.dot.illinois.gov/eplan/desenv/073126/028-85781/85781-028.pdf,85781-028.pdf,6754573,DOT SS/SP,,gs://specindex-ai-raw-documents/specs/ILLINOIS/85781/proposal_85781-028.pdf,2026-08-07,downloaded
Illinois,DOT,illinois_dot,66M85,IDOT letting contract 029-66M85,,http://apps.dot.illinois.gov/eplan/desenv/073126/029-66M85/66M85-029.pdf,66M85-029.pdf,2201804,DOT SS/SP,,gs://specindex-ai-raw-documents/specs/ILLINOIS/66M85/proposal_66M85-029.pdf,2026-08-07,downloaded
Illinois,DOT,illinois_dot,66N23,IDOT letting contract 030-66N23,,http://apps.dot.illinois.gov/eplan/desenv/073126/030-66N23/66N23-030.pdf,66N23-030.pdf,1609979,DOT SS/SP,,gs://specindex-ai-raw-documents/specs/ILLINOIS/66N23/proposal_66N23-030.pdf,2026-08-07,downloaded
Illinois,DOT,illinois_dot,66P22,IDOT letting contract 031-66P22,,http://apps.dot.illinois.gov/eplan/desenv/073126/031-66P22/66P22-031.pdf,66P22-031.pdf,1540641,CSI,,gs://specindex-ai-raw-documents/specs/ILLINOIS/66P22/specbook_66P22-031.pdf,2026-08-07,downloaded
Illinois,DOT,illinois_dot,66T13,IDOT letting contract 032-66T13,,http://apps.dot.illinois.gov/eplan/desenv/073126/032-66T13/66T13-032.pdf,66T13-032.pdf,1147776,DOT SS/SP,,gs://specindex-ai-raw-documents/specs/ILLINOIS/66T13/proposal_66T13-032.pdf,2026-08-07,downloaded
Illinois,DOT,illinois_dot,66T21,IDOT letting contract 033-66T21,,http://apps.dot.illinois.gov/eplan/desenv/073126/033-66T21/66T21-033.pdf,66T21-033.pdf,778560,DOT SS/SP,,gs://specindex-ai-raw-documents/specs/ILLINOIS/66T21/proposal_66T21-033.pdf,2026-08-07,downloaded
Illinois,DOT,illinois_dot,66T22,IDOT letting contract 034-66T22,,http://apps.dot.illinois.gov/eplan/desenv/073126/034-66T22/66T22-034.pdf,66T22-034.pdf,759687,DOT SS/SP,,gs://specindex-ai-raw-documents/specs/ILLINOIS/66T22/proposal_66T22-034.pdf,2026-08-07,downloaded
Illinois,DOT,illinois_dot,66T30,IDOT letting contract 035-66T30,,http://apps.dot.illinois.gov/eplan/desenv/073126/035-66T30/66T30-035.pdf,66T30-035.pdf,981919,DOT SS/SP,,gs://specindex-ai-raw-documents/specs/ILLINOIS/66T30/proposal_66T30-035.pdf,2026-08-07,downloaded
Illinois,DOT,illinois_dot,66T35,IDOT letting contract 036-66T35,,http://apps.dot.illinois.gov/eplan/desenv/073126/036-66T35/66T35-036.pdf,66T35-036.pdf,987624,DOT SS/SP,,gs://specindex-ai-raw-documents/specs/ILLINOIS/66T35/proposal_66T35-036.pdf,2026-08-07,downloaded
Illinois,DOT,illinois_dot,66T37,IDOT letting contract 037-66T37,,http://apps.dot.illinois.gov/eplan/desenv/073126/037-66T37/66T37-037.pdf,66T37-037.pdf,726315,DOT SS/SP,,gs://specindex-ai-raw-documents/specs/ILLINOIS/66T37/proposal_66T37-037.pdf,2026-08-07,downloaded
Illinois,DOT,illinois_dot,66T53,IDOT letting contract 038-66T53,,http://apps.dot.illinois.gov/eplan/desenv/073126/038-66T53/66T53-038.pdf,66T53-038.pdf,1561459,DOT SS/SP,,gs://specindex-ai-raw-documents/specs/ILLINOIS/66T53/proposal_66T53-038.pdf,2026-08-07,downloaded
Illinois,DOT,illinois_dot,68K27,IDOT letting contract 039-68K27,,http://apps.dot.illinois.gov/eplan/desenv/073126/039-68K27/68K27-039.pdf,68K27-039.pdf,1296482,DOT SS/SP,,gs://specindex-ai-raw-documents/specs/ILLINOIS/68K27/proposal_68K27-039.pdf,2026-08-07,downloaded
Illinois,DOT,illinois_dot,68L01,IDOT letting contract 040-68L01,,http://apps.dot.illinois.gov/eplan/desenv/073126/040-68L01/68L01-040.pdf,68L01-040.pdf,958400,DOT SS/SP,,gs://specindex-ai-raw-documents/specs/ILLINOIS/68L01/proposal_68L01-040.pdf,2026-08-07,downloaded
Illinois,DOT,illinois_dot,68L02,IDOT letting contract 041-68L02,,http://apps.dot.illinois.gov/eplan/desenv/073126/041-68L02/68L02-041.pdf,68L02-041.pdf,795368,DOT SS/SP,,gs://specindex-ai-raw-documents/specs/ILLINOIS/68L02/proposal_68L02-041.pdf,2026-08-07,downloaded
Illinois,DOT,illinois_dot,68L03,IDOT letting contract 042-68L03,,http://apps.dot.illinois.gov/eplan/desenv/073126/042-68L03/68L03-042.pdf,68L03-042.pdf,698797,DOT SS/SP,,gs://specindex-ai-raw-documents/specs/ILLINOIS/68L03/proposal_68L03-042.pdf,2026-08-07,downloaded
Illinois,DOT,illinois_dot,46951,IDOT letting contract 043-46951,,http://apps.dot.illinois.gov/eplan/desenv/073126/043-46951/46951-043.pdf,46951-043.pdf,1235035,DOT SS/SP,,gs://specindex-ai-raw-documents/specs/ILLINOIS/46951/proposal_46951-043.pdf,2026-08-07,downloaded
Illinois,DOT,illinois_dot,70G29,IDOT letting contract 046-70G29,,http://apps.dot.illinois.gov/eplan/desenv/073126/046-70G29/70G29-046.pdf,70G29-046.pdf,14618220,CSI,01,gs://specindex-ai-raw-documents/specs/ILLINOIS/70G29/specbook_70G29-046.pdf,2026-08-07,downloaded
Illinois,DOT,illinois_dot,70J06,IDOT letting contract 047-70J06,,http://apps.dot.illinois.gov/eplan/desenv/073126/047-70J06/70J06-047.pdf,70J06-047.pdf,937398,DOT SS/SP,,gs://specindex-ai-raw-documents/specs/ILLINOIS/70J06/proposal_70J06-047.pdf,2026-08-07,downloaded
Illinois,DOT,illinois_dot,70J08,IDOT letting contract 048-70J08,,http://apps.dot.illinois.gov/eplan/desenv/073126/048-70J08/70J08-048.pdf,70J08-048.pdf,956780,DOT SS/SP,,gs://specindex-ai-raw-documents/specs/ILLINOIS/70J08/proposal_70J08-048.pdf,2026-08-07,downloaded
Illinois,DOT,illinois_dot,91669,IDOT letting contract 049-91669,,http://apps.dot.illinois.gov/eplan/desenv/073126/049-91669/91669-049.pdf,91669-049.pdf,4933333,DOT SS/SP,,gs://specindex-ai-raw-documents/specs/ILLINOIS/91669/proposal_91669-049.pdf,2026-08-07,downloaded
Illinois,DOT,illinois_dot,72372,IDOT letting contract 050-72372,,http://apps.dot.illinois.gov/eplan/desenv/073126/050-72372/72372-050.pdf,72372-050.pdf,1088467,DOT SS/SP,,gs://specindex-ai-raw-documents/specs/ILLINOIS/72372/proposal_72372-050.pdf,2026-08-07,downloaded
Illinois,DOT,illinois_dot,72E81,IDOT letting contract 052-72E81,,http://apps.dot.illinois.gov/eplan/desenv/073126/052-72E81/72E81-052.pdf,72E81-052.pdf,758132,DOT SS/SP,,gs://specindex-ai-raw-documents/specs/ILLINOIS/72E81/proposal_72E81-052.pdf,2026-08-07,downloaded
Illinois,DOT,illinois_dot,72E85,IDOT letting contract 053-72E85,,http://apps.dot.illinois.gov/eplan/desenv/073126/053-72E85/72E85-053.pdf,72E85-053.pdf,797039,DOT SS/SP,,gs://specindex-ai-raw-documents/specs/ILLINOIS/72E85/proposal_72E85-053.pdf,2026-08-07,downloaded
Illinois,DOT,illinois_dot,72E86,IDOT letting contract 054-72E86,,http://apps.dot.illinois.gov/eplan/desenv/073126/054-72E86/72E86-054.pdf,72E86-054.pdf,816612,DOT SS/SP,,gs://specindex-ai-raw-documents/specs/ILLINOIS/72E86/proposal_72E86-054.pdf,2026-08-07,downloaded
Illinois,DOT,illinois_dot,72J00,IDOT letting contract 055-72J00,,http://apps.dot.illinois.gov/eplan/desenv/073126/055-72J00/72J00-055.pdf,72J00-055.pdf,733319,DOT SS/SP,,gs://specindex-ai-raw-documents/specs/ILLINOIS/72J00/proposal_72J00-055.pdf,2026-08-07,downloaded
Illinois,DOT,illinois_dot,72J44,IDOT letting contract 056-72J44,,http://apps.dot.illinois.gov/eplan/desenv/073126/056-72J44/72J44-056.pdf,72J44-056.pdf,2380047,DOT SS/SP,,gs://specindex-ai-raw-documents/specs/ILLINOIS/72J44/proposal_72J44-056.pdf,2026-08-07,downloaded
Illinois,DOT,illinois_dot,92621,IDOT letting contract 057-92621,,http://apps.dot.illinois.gov/eplan/desenv/073126/057-92621/92621-057.pdf,92621-057.pdf,47433246,DOT SS/SP,,gs://specindex-ai-raw-documents/specs/ILLINOIS/92621/proposal_92621-057.pdf,2026-08-07,downloaded
Illinois,DOT,illinois_dot,93856,IDOT letting contract 058-93856,,http://apps.dot.illinois.gov/eplan/desenv/073126/058-93856/93856-058.pdf,93856-058.pdf,4547710,DOT SS/SP,,gs://specindex-ai-raw-documents/specs/ILLINOIS/93856/proposal_93856-058.pdf,2026-08-07,downloaded
Illinois,DOT,illinois_dot,93860,IDOT letting contract 059-93860,,http://apps.dot.illinois.gov/eplan/desenv/073126/059-93860/93860-059.pdf,93860-059.pdf,3999581,DOT SS/SP,,gs://specindex-ai-raw-documents/specs/ILLINOIS/93860/proposal_93860-059.pdf,2026-08-07,downloaded
Illinois,DOT,illinois_dot,74E43,IDOT letting contract 061-74E43,,http://apps.dot.illinois.gov/eplan/desenv/073126/061-74E43/74E43-061.pdf,74E43-061.pdf,803185,DOT SS/SP,,gs://specindex-ai-raw-documents/specs/ILLINOIS/74E43/proposal_74E43-061.pdf,2026-08-07,downloaded
Illinois,DOT,illinois_dot,74E44,IDOT letting contract 062-74E44,,http://apps.dot.illinois.gov/eplan/desenv/073126/062-74E44/74E44-062.pdf,74E44-062.pdf,549230,DOT SS/SP,,gs://specindex-ai-raw-documents/specs/ILLINOIS/74E44/proposal_74E44-062.pdf,2026-08-07,downloaded
Illinois,DOT,illinois_dot,74829,IDOT letting contract 063-74829,,http://apps.dot.illinois.gov/eplan/desenv/073126/063-74829/74829-063.pdf,74829-063.pdf,1786990,DOT SS/SP,,gs://specindex-ai-raw-documents/specs/ILLINOIS/74829/proposal_74829-063.pdf,2026-08-07,downloaded
Illinois,DOT,illinois_dot,46949,IDOT letting contract 065-46949,,http://apps.dot.illinois.gov/eplan/desenv/073126/065-46949/46949-065.pdf,46949-065.pdf,1284404,DOT SS/SP,,gs://specindex-ai-raw-documents/specs/ILLINOIS/46949/proposal_46949-065.pdf,2026-08-07,downloaded
Illinois,DOT,illinois_dot,76V11,IDOT letting contract 066-76V11,,http://apps.dot.illinois.gov/eplan/desenv/073126/066-76V11/76V11-066.pdf,76V11-066.pdf,880578,DOT SS/SP,,gs://specindex-ai-raw-documents/specs/ILLINOIS/76V11/proposal_76V11-066.pdf,2026-08-07,downloaded
Illinois,DOT,illinois_dot,76V21,IDOT letting contract 067-76V21,,http://apps.dot.illinois.gov/eplan/desenv/073126/067-76V21/76V21-067.pdf,76V21-067.pdf,937183,DOT SS/SP,,gs://specindex-ai-raw-documents/specs/ILLINOIS/76V21/proposal_76V21-067.pdf,2026-08-07,downloaded
Illinois,DOT,illinois_dot,76V22,IDOT letting contract 068-76V22,,http://apps.dot.illinois.gov/eplan/desenv/073126/068-76V22/76V22-068.pdf,76V22-068.pdf,989320,DOT SS/SP,,gs://specindex-ai-raw-documents/specs/ILLINOIS/76V22/proposal_76V22-068.pdf,2026-08-07,downloaded
Illinois,DOT,illinois_dot,97866,IDOT letting contract 069-97866,,http://apps.dot.illinois.gov/eplan/desenv/073126/069-97866/97866-069.pdf,97866-069.pdf,4900383,DOT SS/SP,,gs://specindex-ai-raw-documents/specs/ILLINOIS/97866/proposal_97866-069.pdf,2026-08-07,downloaded
Illinois,DOT,illinois_dot,97878,IDOT letting contract 070-97878,,http://apps.dot.illinois.gov/eplan/desenv/073126/070-97878/97878-070.pdf,97878-070.pdf,6754381,DOT SS/SP,,gs://specindex-ai-raw-documents/specs/ILLINOIS/97878/proposal_97878-070.pdf,2026-08-07,downloaded
Illinois,DOT,illinois_dot,97902,IDOT letting contract 071-97902,,http://apps.dot.illinois.gov/eplan/desenv/073126/071-97902/97902-071.pdf,97902-071.pdf,3524548,DOT SS/SP,,gs://specindex-ai-raw-documents/specs/ILLINOIS/97902/proposal_97902-071.pdf,2026-08-07,downloaded
Illinois,DOT,illinois_dot,78520,IDOT letting contract 072-78520,,http://apps.dot.illinois.gov/eplan/desenv/073126/072-78520/78520-072.pdf,78520-072.pdf,12467741,DOT SS/SP,,gs://specindex-ai-raw-documents/specs/ILLINOIS/78520/proposal_78520-072.pdf,2026-08-07,downloaded
Illinois,DOT,illinois_dot,78935,IDOT letting contract 073-78935,,http://apps.dot.illinois.gov/eplan/desenv/073126/073-78935/78935-073.pdf,78935-073.pdf,9181708,DOT SS/SP,,gs://specindex-ai-raw-documents/specs/ILLINOIS/78935/proposal_78935-073.pdf,2026-08-07,downloaded
Illinois,DOT,illinois_dot,78B60,IDOT letting contract 075-78B60,,http://apps.dot.illinois.gov/eplan/desenv/073126/075-78B60/78B60-075.pdf,78B60-075.pdf,1360672,DOT SS/SP,,gs://specindex-ai-raw-documents/specs/ILLINOIS/78B60/proposal_78B60-075.pdf,2026-08-07,downloaded
Illinois,DOT,illinois_dot,78C18,IDOT letting contract 076-78C18,,http://apps.dot.illinois.gov/eplan/desenv/073126/076-78C18/78C18-076.pdf,78C18-076.pdf,925927,DOT SS/SP,,gs://specindex-ai-raw-documents/specs/ILLINOIS/78C18/proposal_78C18-076.pdf,2026-08-07,downloaded
Illinois,DOT,illinois_dot,78C34,IDOT letting contract 077-78C34,,http://apps.dot.illinois.gov/eplan/desenv/073126/077-78C34/78C34-077.pdf,78C34-077.pdf,905247,DOT SS/SP,,gs://specindex-ai-raw-documents/specs/ILLINOIS/78C34/proposal_78C34-077.pdf,2026-08-07,downloaded
Illinois,DOT,illinois_dot,78C21,IDOT letting contract 078-78C21,,http://apps.dot.illinois.gov/eplan/desenv/073126/078-78C21/78C21-078.pdf,78C21-078.pdf,1010618,DOT SS/SP,,gs://specindex-ai-raw-documents/specs/ILLINOIS/78C21/proposal_78C21-078.pdf,2026-08-07,downloaded
Illinois,DOT,illinois_dot,99769,IDOT letting contract 079-99769,,http://apps.dot.illinois.gov/eplan/desenv/073126/079-99769/99769-079.pdf,99769-079.pdf,6680060,DOT SS/SP,,gs://specindex-ai-raw-documents/specs/ILLINOIS/99769/proposal_99769-079.pdf,2026-08-07,downloaded
Illinois,DOT,illinois_dot,99774,IDOT letting contract 080-99774,,http://apps.dot.illinois.gov/eplan/desenv/073126/080-99774/99774-080.pdf,99774-080.pdf,4747709,DOT SS/SP,,gs://specindex-ai-raw-documents/specs/ILLINOIS/99774/proposal_99774-080.pdf,2026-08-07,downloaded
Illinois,DOT,illinois_dot,99775,IDOT letting contract 081-99775,,http://apps.dot.illinois.gov/eplan/desenv/073126/081-99775/99775-081.pdf,99775-081.pdf,5742791,DOT SS/SP,,gs://specindex-ai-raw-documents/specs/ILLINOIS/99775/proposal_99775-081.pdf,2026-08-07,downloaded
Illinois,DOT,illinois_dot,78B80,IDOT letting contract 083-78B80,,http://apps.dot.illinois.gov/eplan/desenv/073126/083-78B80/78B80-083.pdf,78B80-083.pdf,609816,DOT SS/SP,,gs://specindex-ai-raw-documents/specs/ILLINOIS/78B80/proposal_78B80-083.pdf,2026-08-07,downloaded
Illinois,DOT,illinois_dot,62W91,IDOT letting contract 084-62W91,,http://apps.dot.illinois.gov/eplan/desenv/073126/084-62W91/62W91-084.pdf,62W91-084.pdf,1539917,DOT SS/SP,,gs://specindex-ai-raw-documents/specs/ILLINOIS/62W91/proposal_62W91-084.pdf,2026-08-07,downloaded
Illinois,DOT,illinois_dot,80B78,IDOT letting contract 085-80B78,,http://apps.dot.illinois.gov/eplan/desenv/073126/085-80B78/80B78-085.pdf,80B78-085.pdf,708676,DOT SS/SP,,gs://specindex-ai-raw-documents/specs/ILLINOIS/80B78/proposal_80B78-085.pdf,2026-08-07,downloaded
Illinois,DOT,illinois_dot,80C90,IDOT letting contract 086-80C90,,http://apps.dot.illinois.gov/eplan/desenv/073126/086-80C90/80C90-086.pdf,80C90-086.pdf,1232679,DOT SS/SP,,gs://specindex-ai-raw-documents/specs/ILLINOIS/80C90/proposal_80C90-086.pdf,2026-08-07,downloaded
Illinois,DOT,illinois_dot,66T14,IDOT letting contract 087-66T14,,http://apps.dot.illinois.gov/eplan/desenv/073126/087-66T14/66T14-087.pdf,66T14-087.pdf,851157,DOT SS/SP,,gs://specindex-ai-raw-documents/specs/ILLINOIS/66T14/proposal_66T14-087.pdf,2026-08-07,downloaded
Illinois,DOT,illinois_dot,66T15,IDOT letting contract 088-66T15,,http://apps.dot.illinois.gov/eplan/desenv/073126/088-66T15/66T15-088.pdf,66T15-088.pdf,820549,DOT SS/SP,,gs://specindex-ai-raw-documents/specs/ILLINOIS/66T15/proposal_66T15-088.pdf,2026-08-07,downloaded
Illinois,DOT,illinois_dot,02A,IDOT letting contract BO008-02A,,http://apps.dot.illinois.gov/eplan/desenv/073126/BO008-02A/BO008-02A.pdf,BO008-02A.pdf,14314944,CSI,,gs://specindex-ai-raw-documents/specs/ILLINOIS/02A/specbook_BO008-02A.pdf,2026-08-07,downloaded
Iowa,Vertical,iowa_vertical,RFB952800-01,5JD Building 65/66 Parking Lot Overlay,,https://bidopportunities.iowa.gov/Home/GetBidOpportunityDocument/e04472b7-ed66-4a60-835b-ae7398eb91d2,e04472b7-ed66-4a60-835b-ae7398eb91d2,14689433,CSI,00;01,gs://specindex-ai-raw-documents/specs/IOWA/RFB952800-01/specbook_e04472b7-ed66-4a60-835b-ae7398eb91d2.pdf,2026-08-07,downloaded
Iowa,Vertical,iowa_vertical,RFB952800-01,5JD Building 65/66 Parking Lot Overlay,,https://bidopportunities.iowa.gov/Home/GetBidOpportunityDocument/56adc0b7-febc-45ad-bebc-86682271a891,56adc0b7-febc-45ad-bebc-86682271a891,9026993,,,,2026-08-07,downloaded
Iowa,Vertical,iowa_vertical,RFB952800-01,5JD Building 65/66 Parking Lot Overlay,,https://bidopportunities.iowa.gov/Home/GetBidOpportunityDocument/adea08ca-a18f-4804-bab5-eff9353e42a5,adea08ca-a18f-4804-bab5-eff9353e42a5,92922,,,,2026-08-07,downloaded
Iowa,Vertical,iowa_vertical,RFB952800-01,5JD Building 65/66 Parking Lot Overlay,,https://bidopportunities.iowa.gov/Home/GetBidOpportunityDocument/c77820fe-ac27-487e-b0c0-c00927a4ec35,c77820fe-ac27-487e-b0c0-c00927a4ec35,585774,CSI,,gs://specindex-ai-raw-documents/specs/IOWA/RFB952800-01/specbook_c77820fe-ac27-487e-b0c0-c00927a4ec35.pdf,2026-08-07,downloaded
Iowa,Vertical,iowa_vertical,RFB951900-01,Independence Mental Health Institute Infirmary Building Roof Replacement,,https://bidopportunities.iowa.gov/Home/GetBidOpportunityDocument/921cd597-a85b-4714-85db-66e458d6978c,921cd597-a85b-4714-85db-66e458d6978c,23702283,CSI,00;01;02;06;07,gs://specindex-ai-raw-documents/specs/IOWA/RFB951900-01/specbook_921cd597-a85b-4714-85db-66e458d6978c.pdf,2026-08-07,downloaded
Iowa,Vertical,iowa_vertical,RFB951900-01,Independence Mental Health Institute Infirmary Building Roof Replacement,,https://bidopportunities.iowa.gov/Home/GetBidOpportunityDocument/c2306f11-d642-4e91-95fb-2e54d3e82d0e,c2306f11-d642-4e91-95fb-2e54d3e82d0e,27696140,,,,2026-08-07,downloaded
Iowa,Vertical,iowa_vertical,RFB951900-01,Independence Mental Health Institute Infirmary Building Roof Replacement,,https://bidopportunities.iowa.gov/Home/GetBidOpportunityDocument/3d845ab3-7e93-47fe-b077-91ca73980187,3d845ab3-7e93-47fe-b077-91ca73980187,58375,,,,2026-08-07,downloaded
Iowa,Vertical,iowa_vertical,RFB951900-01,Independence Mental Health Institute Infirmary Building Roof Replacement,,https://bidopportunities.iowa.gov/Home/GetBidOpportunityDocument/4a6256c9-762e-4657-b8bd-0a5eff6fb405,4a6256c9-762e-4657-b8bd-0a5eff6fb405,347989,,,,2026-08-07,downloaded
Iowa,Vertical,iowa_vertical,RFB952500-01,IPBS HVAC - Motivair Units Replacement,,https://bidopportunities.iowa.gov/Home/GetBidOpportunityDocument/d1716d90-7b52-4d97-ac47-db10ba7507fa,d1716d90-7b52-4d97-ac47-db10ba7507fa,14357210,CSI,00;01;23;26,gs://specindex-ai-raw-documents/specs/IOWA/RFB952500-01/specbook_d1716d90-7b52-4d97-ac47-db10ba7507fa.pdf,2026-08-07,downloaded
Iowa,Vertical,iowa_vertical,RFB952500-01,IPBS HVAC - Motivair Units Replacement,,https://bidopportunities.iowa.gov/Home/GetBidOpportunityDocument/d7008359-cedb-434e-b141-f46155881ab3,d7008359-cedb-434e-b141-f46155881ab3,452191,,,,2026-08-07,downloaded
Iowa,Vertical,iowa_vertical,RFB952500-01,IPBS HVAC - Motivair Units Replacement,,https://bidopportunities.iowa.gov/Home/GetBidOpportunityDocument/ef7b47d8-e9db-4020-9198-67a92ac5fc17,ef7b47d8-e9db-4020-9198-67a92ac5fc17,2963752,,,,2026-08-07,downloaded
Iowa,Vertical,iowa_vertical,RFB952500-01,IPBS HVAC - Motivair Units Replacement,,https://bidopportunities.iowa.gov/Home/GetBidOpportunityDocument/e859e96d-033a-4fba-9459-1b3003e43400,e859e96d-033a-4fba-9459-1b3003e43400,3924128,,,,2026-08-07,downloaded
Iowa,Vertical,iowa_vertical,RFB952500-01,IPBS HVAC - Motivair Units Replacement,,https://bidopportunities.iowa.gov/Home/GetBidOpportunityDocument/5b363baf-664c-40ad-9959-4481bde195a7,5b363baf-664c-40ad-9959-4481bde195a7,110076,,,,2026-08-07,downloaded
Iowa,Vertical,iowa_vertical,RFB952500-01,IPBS HVAC - Motivair Units Replacement,,https://bidopportunities.iowa.gov/Home/GetBidOpportunityDocument/7ca13e3c-8909-4454-bb22-1b7ed1123d5e,7ca13e3c-8909-4454-bb22-1b7ed1123d5e,545108,,,,2026-08-07,downloaded
Iowa,Vertical,iowa_vertical,26-09 Har892022C (Hardin),26-09 Har892022C (Hardin),,https://bidopportunities.iowa.gov/Home/GetBidOpportunityDocument/4be93db0-86ed-4bae-b234-c7f4f0a90992,4be93db0-86ed-4bae-b234-c7f4f0a90992,1966363,,,,2026-08-07,downloaded
Iowa,Vertical,iowa_vertical,26-09 Har892022C (Hardin),26-09 Har892022C (Hardin),,https://bidopportunities.iowa.gov/Home/GetBidOpportunityDocument/538b78eb-34ff-4e98-ae02-5c13670a73b1,538b78eb-34ff-4e98-ae02-5c13670a73b1,1126728,,,,2026-08-07,downloaded
Iowa,Vertical,iowa_vertical,26-09 Har892022C (Hardin),26-09 Har892022C (Hardin),,https://bidopportunities.iowa.gov/Home/GetBidOpportunityDocument/0acd99af-a0c5-4325-a029-ff6028643f03,0acd99af-a0c5-4325-a029-ff6028643f03,15862609,,,,2026-08-07,downloaded
Iowa,Vertical,iowa_vertical,26-09 Har892022C (Hardin),26-09 Har892022C (Hardin),,https://bidopportunities.iowa.gov/Home/GetBidOpportunityDocument/1e2fb984-195f-4cbc-9d99-bc841600c46a,1e2fb984-195f-4cbc-9d99-bc841600c46a,207965,,,,2026-08-07,downloaded
Iowa,Vertical,iowa_vertical,26-09 Har892022C (Hardin),26-09 Har892022C (Hardin),,https://bidopportunities.iowa.gov/Home/GetBidOpportunityDocument/a2bf284e-a695-4c80-aca4-8a7a4a10f98e,a2bf284e-a695-4c80-aca4-8a7a4a10f98e,695301,,,,2026-08-07,downloaded
Iowa,Vertical,iowa_vertical,26-09 Har892022C (Hardin),26-09 Har892022C (Hardin),,https://bidopportunities.iowa.gov/Home/GetBidOpportunityDocument/e88993e0-e16c-4194-b433-3476a5d949c4,e88993e0-e16c-4194-b433-3476a5d949c4,1317242,,,,2026-08-07,downloaded
Iowa,Vertical,iowa_vertical,26-09 Har892022C (Hardin),26-09 Har892022C (Hardin),,https://bidopportunities.iowa.gov/Home/GetBidOpportunityDocument/fa6f4898-e79c-4051-9070-feb4ee08500c,fa6f4898-e79c-4051-9070-feb4ee08500c,189578,,,,2026-08-07,downloaded
Iowa,Vertical,iowa_vertical,26-09 Har892022C (Hardin),26-09 Har892022C (Hardin),,https://bidopportunities.iowa.gov/Home/GetBidOpportunityDocument/a1c80656-c1cb-4d11-9424-07c9925e7818,a1c80656-c1cb-4d11-9424-07c9925e7818,195617,,,,2026-08-07,downloaded
Iowa,Vertical,iowa_vertical,26-09 Har892022C (Hardin),26-09 Har892022C (Hardin),,https://bidopportunities.iowa.gov/Home/GetBidOpportunityDocument/bd7a1d89-9306-46bb-af6e-117ed31f24d5,bd7a1d89-9306-46bb-af6e-117ed31f24d5,168780,,,,2026-08-07,downloaded
Iowa,Vertical,iowa_vertical,26-07 Flo971628B (Floyd),26-07 Floe971628B (Floyd),,https://bidopportunities.iowa.gov/Home/GetBidOpportunityDocument/4a8449ca-8282-448c-84da-2284d5cda923,4a8449ca-8282-448c-84da-2284d5cda923,2586579,,,,2026-08-07,downloaded
Iowa,Vertical,iowa_vertical,26-07 Flo971628B (Floyd),26-07 Floe971628B (Floyd),,https://bidopportunities.iowa.gov/Home/GetBidOpportunityDocument/fcb5a234-10af-4a1b-997d-bc615ebd0b73,fcb5a234-10af-4a1b-997d-bc615ebd0b73,1136674,,,,2026-08-07,downloaded
Iowa,Vertical,iowa_vertical,26-07 Flo971628B (Floyd),26-07 Floe971628B (Floyd),,https://bidopportunities.iowa.gov/Home/GetBidOpportunityDocument/040b9d4b-f86c-4313-bb28-caee5060483d,040b9d4b-f86c-4313-bb28-caee5060483d,1706617,,,,2026-08-07,downloaded
Iowa,Vertical,iowa_vertical,26-07 Flo971628B (Floyd),26-07 Floe971628B (Floyd),,https://bidopportunities.iowa.gov/Home/GetBidOpportunityDocument/20f06cc7-f9a2-41e2-91a0-91f6da1d0b3d,20f06cc7-f9a2-41e2-91a0-91f6da1d0b3d,192281,,,,2026-08-07,downloaded
Iowa,Vertical,iowa_vertical,26-07 Flo971628B (Floyd),26-07 Floe971628B (Floyd),,https://bidopportunities.iowa.gov/Home/GetBidOpportunityDocument/4847c060-6d04-40d2-9e28-5f8778c5d7e9,4847c060-6d04-40d2-9e28-5f8778c5d7e9,1244445,,,,2026-08-07,downloaded
Iowa,Vertical,iowa_vertical,26-07 Flo971628B (Floyd),26-07 Floe971628B (Floyd),,https://bidopportunities.iowa.gov/Home/GetBidOpportunityDocument/8feea1dc-ba14-4711-ad6e-a3c50b9f0a10,8feea1dc-ba14-4711-ad6e-a3c50b9f0a10,14473326,,,,2026-08-07,downloaded
Iowa,Vertical,iowa_vertical,26-07 Flo971628B (Floyd),26-07 Floe971628B (Floyd),,https://bidopportunities.iowa.gov/Home/GetBidOpportunityDocument/b31b90dd-cde3-4c57-9e34-149f947ad7e2,b31b90dd-cde3-4c57-9e34-149f947ad7e2,212243,,,,2026-08-07,downloaded
Iowa,Vertical,iowa_vertical,26-07 Flo971628B (Floyd),26-07 Floe971628B (Floyd),,https://bidopportunities.iowa.gov/Home/GetBidOpportunityDocument/b6bac276-5077-4806-9190-612f2b972381,b6bac276-5077-4806-9190-612f2b972381,797878,,,,2026-08-07,downloaded
Iowa,Vertical,iowa_vertical,26-07 Flo971628B (Floyd),26-07 Floe971628B (Floyd),,https://bidopportunities.iowa.gov/Home/GetBidOpportunityDocument/8c7b3549-204d-47e2-a0d2-4a5530a375ca,8c7b3549-204d-47e2-a0d2-4a5530a375ca,250022,,,,2026-08-07,downloaded
Iowa,Vertical,iowa_vertical,26-07 Flo971628B (Floyd),26-07 Floe971628B (Floyd),,https://bidopportunities.iowa.gov/Home/GetBidOpportunityDocument/a3ab9bd2-69db-4bee-9beb-28db50843940,a3ab9bd2-69db-4bee-9beb-28db50843940,290813,,,,2026-08-07,downloaded
Iowa,Vertical,iowa_vertical,005-RFB-2916-2027,Tactical Rifles,,https://bidopportunities.iowa.gov/Home/GetBidOpportunityDocument/4776df37-a366-4fca-90c7-f8820fe70767,4776df37-a366-4fca-90c7-f8820fe70767,131575,,,,2026-08-07,downloaded
Iowa,Vertical,iowa_vertical,005-RFB-2916-2027,Tactical Rifles,,https://bidopportunities.iowa.gov/Home/GetBidOpportunityDocument/bacad04d-a3a8-45ef-a5a5-06e2d6656b72,bacad04d-a3a8-45ef-a5a5-06e2d6656b72,672571,,,,2026-08-07,downloaded
Iowa,Vertical,iowa_vertical,26-08 Cal883432B (Calhoun),26-08 Cal883432B (Calhoun),,https://bidopportunities.iowa.gov/Home/GetBidOpportunityDocument/a4b7bc56-d895-4695-b2cc-d0e2b91b8268,a4b7bc56-d895-4695-b2cc-d0e2b91b8268,2747467,,,,2026-08-07,downloaded
Iowa,Vertical,iowa_vertical,26-08 Cal883432B (Calhoun),26-08 Cal883432B (Calhoun),,https://bidopportunities.iowa.gov/Home/GetBidOpportunityDocument/2593b10e-b97b-4c15-97f8-2bfe58e26b46,2593b10e-b97b-4c15-97f8-2bfe58e26b46,1126814,,,,2026-08-07,downloaded
Iowa,Vertical,iowa_vertical,26-08 Cal883432B (Calhoun),26-08 Cal883432B (Calhoun),,https://bidopportunities.iowa.gov/Home/GetBidOpportunityDocument/2e167c2e-dff1-456a-89b8-bffc9b6ffbf4,2e167c2e-dff1-456a-89b8-bffc9b6ffbf4,189022,,,,2026-08-07,downloaded
Iowa,Vertical,iowa_vertical,26-08 Cal883432B (Calhoun),26-08 Cal883432B (Calhoun),,https://bidopportunities.iowa.gov/Home/GetBidOpportunityDocument/3b219b8b-4a3a-4f4a-94a6-2e932b343540,3b219b8b-4a3a-4f4a-94a6-2e932b343540,14499699,,,,2026-08-07,downloaded
Iowa,Vertical,iowa_vertical,26-08 Cal883432B (Calhoun),26-08 Cal883432B (Calhoun),,https://bidopportunities.iowa.gov/Home/GetBidOpportunityDocument/96351c58-96f9-4a7d-af76-77168c09a7d0,96351c58-96f9-4a7d-af76-77168c09a7d0,687640,,,,2026-08-07,downloaded
Iowa,Vertical,iowa_vertical,26-08 Cal883432B (Calhoun),26-08 Cal883432B (Calhoun),,https://bidopportunities.iowa.gov/Home/GetBidOpportunityDocument/f09e20ec-6a62-41bf-8a26-a9c5077a4368,f09e20ec-6a62-41bf-8a26-a9c5077a4368,210053,,,,2026-08-07,downloaded
Iowa,Vertical,iowa_vertical,26-08 Cal883432B (Calhoun),26-08 Cal883432B (Calhoun),,https://bidopportunities.iowa.gov/Home/GetBidOpportunityDocument/760eb30e-e364-430c-b259-21e098abc502,760eb30e-e364-430c-b259-21e098abc502,198042,,,,2026-08-07,downloaded
Iowa,Vertical,iowa_vertical,26-08 Cal883432B (Calhoun),26-08 Cal883432B (Calhoun),,https://bidopportunities.iowa.gov/Home/GetBidOpportunityDocument/fd3f57b6-d92a-4d3f-b294-406751b18c3c,fd3f57b6-d92a-4d3f-b294-406751b18c3c,122373,,,,2026-08-07,downloaded
Iowa,Vertical,iowa_vertical,005-RFB-2913-2027,Fingerprint Collection and Submission Services,,https://bidopportunities.iowa.gov/Home/GetBidOpportunityDocument/2f273751-dde5-4452-a867-51f301b4385d,2f273751-dde5-4452-a867-51f301b4385d,166502,,,,2026-08-07,downloaded
Iowa,Vertical,iowa_vertical,005-RFB-2913-2027,Fingerprint Collection and Submission Services,,https://bidopportunities.iowa.gov/Home/GetBidOpportunityDocument/8f9f064b-a4d3-4ded-8877-70a62a7972d5,8f9f064b-a4d3-4ded-8877-70a62a7972d5,558754,,,,2026-08-07,downloaded
Iowa,Vertical,iowa_vertical,005-RFB-2961-2027,"F550 Cab/Chassis, SuperCab, Turbo Diesel, 4x4, DRW or equivalent 3 EACH",,https://bidopportunities.iowa.gov/Home/GetBidOpportunityDocument/1e4f1ec0-6b9c-49fb-9fd3-95b8f07ab84e,1e4f1ec0-6b9c-49fb-9fd3-95b8f07ab84e,,,,,2026-08-07,dead link
Iowa,Vertical,iowa_vertical,005-RFB-2942-2027,Mount Pleasant Correctional Facility - Building 20 Automated Valve Refit,,https://bidopportunities.iowa.gov/Home/GetBidOpportunityDocument/b5302e96-ac7a-4c5f-b5fb-67102d5ff2cd,b5302e96-ac7a-4c5f-b5fb-67102d5ff2cd,116554,,,,2026-08-07,downloaded
Iowa,Vertical,iowa_vertical,005-RFB-2942-2027,Mount Pleasant Correctional Facility - Building 20 Automated Valve Refit,,https://bidopportunities.iowa.gov/Home/GetBidOpportunityDocument/160dfccd-1bf8-4ee2-a182-da57383aeea9,160dfccd-1bf8-4ee2-a182-da57383aeea9,231017,,,,2026-08-07,downloaded
Iowa,Vertical,iowa_vertical,005-RFB-2942-2027,Mount Pleasant Correctional Facility - Building 20 Automated Valve Refit,,https://bidopportunities.iowa.gov/Home/GetBidOpportunityDocument/2f93835b-2ffd-434e-9115-d25f38584c92,2f93835b-2ffd-434e-9115-d25f38584c92,285287,,,,2026-08-07,downloaded
Iowa,Vertical,iowa_vertical,23-06-92-04,"Stone Entry Portal, Lake Darling State Park, Washington County",,https://bidopportunities.iowa.gov/Home/GetBidOpportunityDocument/5600634e-36dd-4a2f-acfa-2beab8051ab1,5600634e-36dd-4a2f-acfa-2beab8051ab1,275240,DOT SS/SP,,gs://specindex-ai-raw-documents/specs/IOWA/23-06-92-04/proposal_5600634e-36dd-4a2f-acfa-2beab8051ab1.pdf,2026-08-07,downloaded
Iowa,Vertical,iowa_vertical,23-06-92-04,"Stone Entry Portal, Lake Darling State Park, Washington County",,https://bidopportunities.iowa.gov/Home/GetBidOpportunityDocument/86b8a960-e1f8-44f1-bac7-daaae16397ec,86b8a960-e1f8-44f1-bac7-daaae16397ec,9312617,,,,2026-08-07,downloaded
Iowa,Vertical,iowa_vertical,RFB953500-01,WRC Linden Court Bay Window Replacement,,https://bidopportunities.iowa.gov/Home/GetBidOpportunityDocument/54455713-eebe-4ef8-a363-53e9dfea0574,54455713-eebe-4ef8-a363-53e9dfea0574,3410233,,,,2026-08-07,downloaded
Iowa,Vertical,iowa_vertical,RFB953500-01,WRC Linden Court Bay Window Replacement,,https://bidopportunities.iowa.gov/Home/GetBidOpportunityDocument/02e697a9-d71a-470e-9133-51e62f649ee1,02e697a9-d71a-470e-9133-51e62f649ee1,69765,,,,2026-08-07,downloaded
Iowa,Vertical,iowa_vertical,RFB953500-01,WRC Linden Court Bay Window Replacement,,https://bidopportunities.iowa.gov/Home/GetBidOpportunityDocument/a9014979-acea-4b13-8dbe-a425235361ef,a9014979-acea-4b13-8dbe-a425235361ef,521033,CSI,,gs://specindex-ai-raw-documents/specs/IOWA/RFB953500-01/specbook_a9014979-acea-4b13-8dbe-a425235361ef.pdf,2026-08-07,downloaded
Iowa,Vertical,iowa_vertical,005-RFB-2970-2027,Pump Repair and Maintenance Services,,https://bidopportunities.iowa.gov/Home/GetBidOpportunityDocument/3aae664d-091f-4443-8218-b8b5477a915e,3aae664d-091f-4443-8218-b8b5477a915e,226862,,,,2026-08-07,downloaded
Iowa,Vertical,iowa_vertical,MEDIOMC26022,Civil Money Penalty Grant Opportunity ,,https://bidopportunities.iowa.gov/Home/GetBidOpportunityDocument/2c725b05-9e2c-45c5-9538-82aaae9ced17,2c725b05-9e2c-45c5-9538-82aaae9ced17,460310,,,,2026-08-07,downloaded
Iowa,Vertical,iowa_vertical,MEDIOMC26022,Civil Money Penalty Grant Opportunity ,,https://bidopportunities.iowa.gov/Home/GetBidOpportunityDocument/5582da31-1418-4f50-9f73-c4c0dfe8be73,5582da31-1418-4f50-9f73-c4c0dfe8be73,,,,,2026-08-07,dead link
Iowa,Vertical,iowa_vertical,MEDIOMC26022,Civil Money Penalty Grant Opportunity ,,https://bidopportunities.iowa.gov/Home/GetBidOpportunityDocument/a3368dc2-3fa3-4f5f-8b01-bb4c0f90ee7f,a3368dc2-3fa3-4f5f-8b01-bb4c0f90ee7f,,,,,2026-08-07,dead link
Iowa,Vertical,iowa_vertical,MEDIOMC26022,Civil Money Penalty Grant Opportunity ,,https://bidopportunities.iowa.gov/Home/GetBidOpportunityDocument/bc22866d-f4d4-47c0-98ac-eb4d173cef13,bc22866d-f4d4-47c0-98ac-eb4d173cef13,,,,,2026-08-07,dead link
Iowa,Vertical,iowa_vertical,MEDIOMC26022,Civil Money Penalty Grant Opportunity ,,https://bidopportunities.iowa.gov/Home/GetBidOpportunityDocument/bdc246a5-529f-4f6e-ba2d-5c27c67fa881,bdc246a5-529f-4f6e-ba2d-5c27c67fa881,,,,,2026-08-07,dead link
Iowa,Vertical,iowa_vertical,MEDIOMC26022,Civil Money Penalty Grant Opportunity ,,https://bidopportunities.iowa.gov/Home/GetBidOpportunityDocument/c636b094-d688-4cb4-b1fb-533580bf1f7d,c636b094-d688-4cb4-b1fb-533580bf1f7d,153929,,,,2026-08-07,downloaded
Iowa,Vertical,iowa_vertical,MEDIOMC26022,Civil Money Penalty Grant Opportunity ,,https://bidopportunities.iowa.gov/Home/GetBidOpportunityDocument/f11ce7b7-6c23-445f-b87c-656ed92820f5,f11ce7b7-6c23-445f-b87c-656ed92820f5,12943658,CSI,02,gs://specindex-ai-raw-documents/specs/IOWA/MEDIOMC26022/specbook_f11ce7b7-6c23-445f-b87c-656ed92820f5.pdf,2026-08-07,downloaded
Iowa,Vertical,iowa_vertical,MEDIOMC26022,Civil Money Penalty Grant Opportunity ,,https://bidopportunities.iowa.gov/Home/GetBidOpportunityDocument/8dd3187e-3de0-4521-b5e3-829114018550,8dd3187e-3de0-4521-b5e3-829114018550,,,,,2026-08-07,dead link
Iowa,Vertical,iowa_vertical,Madison062426RFP,Audit Services and Forensic Audit Services,,https://bidopportunities.iowa.gov/Home/GetBidOpportunityDocument/42de8179-0a91-4072-9fe4-223e268e6d52,42de8179-0a91-4072-9fe4-223e268e6d52,107335,,,,2026-08-07,downloaded
Iowa,Vertical,iowa_vertical,Madison062426RFP,Audit Services and Forensic Audit Services,,https://bidopportunities.iowa.gov/Home/GetBidOpportunityDocument/deb4ad09-bbcc-47d2-a0eb-44d8e8b7f402,deb4ad09-bbcc-47d2-a0eb-44d8e8b7f402,305281,,,,2026-08-07,downloaded
Iowa,Vertical,iowa_vertical,005-RFB-2981-2027,Sport Utility Vehicles - Triple Net Invoice including Government Incentives percentage,,https://bidopportunities.iowa.gov/Home/GetBidOpportunityDocument/f7e56a31-77a2-4ee3-9d1a-29ac9905478d,f7e56a31-77a2-4ee3-9d1a-29ac9905478d,330773,,,,2026-08-07,downloaded
Iowa,Vertical,iowa_vertical,005-RFB-2934-2027,Water Treatment Chemicals at Cherokee,,https://bidopportunities.iowa.gov/Home/GetBidOpportunityDocument/db068169-fb59-46ff-8e81-f1712f140481,db068169-fb59-46ff-8e81-f1712f140481,181846,,,,2026-08-07,downloaded
Iowa,Vertical,iowa_vertical,27CRDWBCLULL-0010G,2026 CAN-AM DEFENDER 6X6 LIMITED,,https://bidopportunities.iowa.gov/Home/GetBidOpportunityDocument/b2421f4f-959c-4ff2-9f16-b635e5400133,b2421f4f-959c-4ff2-9f16-b635e5400133,184631,,,,2026-08-07,downloaded
Iowa,Vertical,iowa_vertical,27CRDWBCLULL-0020G,Maxx Timberwolf Tree Shear,,https://bidopportunities.iowa.gov/Home/GetBidOpportunityDocument/75abb558-3839-4b0d-a685-4a35f7a00d5f,75abb558-3839-4b0d-a685-4a35f7a00d5f,177307,,,,2026-08-07,downloaded
Iowa,Vertical,iowa_vertical,005-RFB-2964-2027,Sedans - Triple Net Invoice including Government Incentives percentage,,https://bidopportunities.iowa.gov/Home/GetBidOpportunityDocument/f34dc50a-cdab-49a6-85d4-39c586cba369,f34dc50a-cdab-49a6-85d4-39c586cba369,250178,,,,2026-08-07,downloaded
Iowa,Vertical,iowa_vertical,005-RFB-2965-2027,Truck and Cab Chassis - Triple Net Invoice including Government Incentives percentage,,https://bidopportunities.iowa.gov/Home/GetBidOpportunityDocument/ab808c78-12da-48c7-a218-8746e64a42e5,ab808c78-12da-48c7-a218-8746e64a42e5,250257,,,,2026-08-07,downloaded
Iowa,Vertical,iowa_vertical,26CRDLWBSGWIN-0010,"Purchase of Structure to be Removed, Pikes Peak State Park, Clayton County",,https://bidopportunities.iowa.gov/Home/GetBidOpportunityDocument/77250783-e915-46fc-91c4-1e59cd85bc09,77250783-e915-46fc-91c4-1e59cd85bc09,666276,,,,2026-08-07,downloaded
Iowa,Vertical,iowa_vertical,27CRDLWBMBALM-0001,Alum Applications at Casey Lake (Tama Co.),,https://bidopportunities.iowa.gov/Home/GetBidOpportunityDocument/758e493d-6505-4c5d-8b93-a9dcd8b56184,758e493d-6505-4c5d-8b93-a9dcd8b56184,184490,,,,2026-08-07,downloaded
Maine,Vertical,maine_vertical,3843,3843,,https://www.maine.gov/dafs/bgs/sites/maine.gov.dafs.bgs/files/inline-files/3843_Project_Manual_DAFS.pdf,3843_Project_Manual_DAFS.pdf,3991753,CSI,00;01;03;04;05;06;07;08;09;10;11;12;22;23;26,gs://specindex-ai-raw-documents/specs/MAINE/3843/specbook_3843_Project_Manual_DAFS.pdf,2026-08-07,downloaded
Maine,Vertical,maine_vertical,3843,3843,,https://www.maine.gov/dafs/bgs/sites/maine.gov.dafs.bgs/files/inline-files/3843_Addendum_1_DAFS.pdf,3843_Addendum_1_DAFS.pdf,2891837,,,,2026-08-07,downloaded
Maine,Vertical,maine_vertical,3843,3843,,https://www.maine.gov/dafs/bgs/sites/maine.gov.dafs.bgs/files/inline-files/3843_Addendum_2_DAFS.pdf,3843_Addendum_2_DAFS.pdf,3856490,CSI,00;01,gs://specindex-ai-raw-documents/specs/MAINE/3843/addendum_3843_Addendum_2_DAFS.pdf,2026-08-07,downloaded
Maine,Vertical,maine_vertical,3843,3843,,https://www.maine.gov/dafs/bgs/sites/maine.gov.dafs.bgs/files/inline-files/3843_Addendum_3_DAFS.pdf,3843_Addendum_3_DAFS.pdf,439960,CSI,00;01,gs://specindex-ai-raw-documents/specs/MAINE/3843/addendum_3843_Addendum_3_DAFS.pdf,2026-08-07,downloaded
Maine,Vertical,maine_vertical,3843,3843,,https://www.maine.gov/dafs/bgs/sites/maine.gov.dafs.bgs/files/inline-files/3843_Drawings_DAFS.pdf,3843_Drawings_DAFS.pdf,17158865,,,,2026-08-07,downloaded
Maine,Vertical,maine_vertical,3843,3843,,https://www.maine.gov/dafs/bgs/sites/maine.gov.dafs.bgs/files/inline-files/3843_Legal_Ad_DAFS.pdf,3843_Legal_Ad_DAFS.pdf,114911,,,,2026-08-07,downloaded
Maine,Vertical,maine_vertical,3843,3843,,https://www.maine.gov/dafs/bgs/sites/maine.gov.dafs.bgs/files/inline-files/3843_Notice_to_Contractors_DAFS_.pdf,3843_Notice_to_Contractors_DAFS_.pdf,208685,,,,2026-08-07,downloaded
Maine,Vertical,maine_vertical,3337,3337,,https://www.maine.gov/dafs/bgs/sites/maine.gov.dafs.bgs/files/inline-files/3337_Project_Manual_DACF.pdf,3337_Project_Manual_DACF.pdf,3858872,CSI,00;01;31;32;33,gs://specindex-ai-raw-documents/specs/MAINE/3337/specbook_3337_Project_Manual_DACF.pdf,2026-08-07,downloaded
Maine,Vertical,maine_vertical,3337,3337,,https://www.maine.gov/dafs/bgs/sites/maine.gov.dafs.bgs/files/inline-files/3337_Drawings_DACF.pdf,3337_Drawings_DACF.pdf,3766968,,,,2026-08-07,downloaded
Maine,Vertical,maine_vertical,3337,3337,,https://www.maine.gov/dafs/bgs/sites/maine.gov.dafs.bgs/files/inline-files/3337_Legal_Ad_DACF.pdf,3337_Legal_Ad_DACF.pdf,109794,,,,2026-08-07,downloaded
Maine,Vertical,maine_vertical,3337,3337,,https://www.maine.gov/dafs/bgs/sites/maine.gov.dafs.bgs/files/inline-files/3337_Notice_to_COntractors_DACF.pdf,3337_Notice_to_COntractors_DACF.pdf,229646,,,,2026-08-07,downloaded
Maine,Vertical,maine_vertical,3337,3337,,https://www.maine.gov/dafs/bgs/sites/maine.gov.dafs.bgs/files/inline-files/3337_Bid_Tabulation_DACF.pdf,3337_Bid_Tabulation_DACF.pdf,212118,,,,2026-08-07,downloaded
Maine,Vertical,maine_vertical,3548,3548,,https://www.maine.gov/dafs/bgs/sites/maine.gov.dafs.bgs/files/inline-files/3548_Project_Manual_DVEM.pdf,3548_Project_Manual_DVEM.pdf,3369370,CSI,00;01,gs://specindex-ai-raw-documents/specs/MAINE/3548/specbook_3548_Project_Manual_DVEM.pdf,2026-08-07,downloaded
Maine,Vertical,maine_vertical,3548,3548,,https://www.maine.gov/dafs/bgs/sites/maine.gov.dafs.bgs/files/inline-files/3548_Addendum_1_DVEM.pdf,3548_Addendum_1_DVEM.pdf,660553,,,,2026-08-07,downloaded
Maine,Vertical,maine_vertical,3548,3548,,https://www.maine.gov/dafs/bgs/sites/maine.gov.dafs.bgs/files/inline-files/3548_Drawings_DVEM.pdf,3548_Drawings_DVEM.pdf,7137215,,,,2026-08-07,downloaded
Maine,Vertical,maine_vertical,3548,3548,,https://www.maine.gov/dafs/bgs/sites/maine.gov.dafs.bgs/files/inline-files/3548_Legal_Ad_DVEM.pdf,3548_Legal_Ad_DVEM.pdf,124415,,,,2026-08-07,downloaded
Maine,Vertical,maine_vertical,3548,3548,,https://www.maine.gov/dafs/bgs/sites/maine.gov.dafs.bgs/files/inline-files/3548_Notice_to_Contractors_DVEM.pdf,3548_Notice_to_Contractors_DVEM.pdf,242244,,,,2026-08-07,downloaded
Maine,Vertical,maine_vertical,3548,3548,,https://www.maine.gov/dafs/bgs/sites/maine.gov.dafs.bgs/files/inline-files/3548_Bid_Tabulation_DVEM.pdf,3548_Bid_Tabulation_DVEM.pdf,127376,,,,2026-08-07,downloaded
Maine,Vertical,maine_vertical,3831,3831,,https://www.maine.gov/dafs/bgs/sites/maine.gov.dafs.bgs/files/inline-files/3831_Project_Manual.pdf,3831_Project_Manual.pdf,25680487,CSI,00;01;02;03;04;05;06;07;08;09;10;11;12;13;14;21;22;23;26;27;28;31;32;33,gs://specindex-ai-raw-documents/specs/MAINE/3831/specbook_3831_Project_Manual.pdf,2026-08-07,downloaded
Maine,Vertical,maine_vertical,3831,3831,,https://www.maine.gov/dafs/bgs/sites/maine.gov.dafs.bgs/files/inline-files/3831_Addendum_1_CMCC.pdf,3831_Addendum_1_CMCC.pdf,12332214,CSI,21;23;26;27,gs://specindex-ai-raw-documents/specs/MAINE/3831/addendum_3831_Addendum_1_CMCC.pdf,2026-08-07,downloaded
Maine,Vertical,maine_vertical,3831,3831,,https://www.maine.gov/dafs/bgs/sites/maine.gov.dafs.bgs/files/inline-files/3831_Drawings_MCCS.pdf,3831_Drawings_MCCS.pdf,37607976,,,,2026-08-07,downloaded
Maine,Vertical,maine_vertical,3831,3831,,https://www.maine.gov/dafs/bgs/sites/maine.gov.dafs.bgs/files/inline-files/3831_Legal_Ad_MCCS.pdf,3831_Legal_Ad_MCCS.pdf,73965,,,,2026-08-07,downloaded
Maine,Vertical,maine_vertical,3831,3831,,https://www.maine.gov/dafs/bgs/sites/maine.gov.dafs.bgs/files/inline-files/3831_Notice_to_Contractors_MCCS.pdf,3831_Notice_to_Contractors_MCCS.pdf,123331,,,,2026-08-07,downloaded
Maine,Vertical,maine_vertical,3831,3831,,https://www.maine.gov/dafs/bgs/sites/maine.gov.dafs.bgs/files/inline-files/3831_Pre_Bid_Sign_In-Sheet.pdf,3831_Pre_Bid_Sign_In-Sheet.pdf,750311,unreadable,,,2026-08-07,unreadable format
Maine,Vertical,maine_vertical,3831,3831,,https://www.maine.gov/dafs/bgs/sites/maine.gov.dafs.bgs/files/inline-files/3831_Bid_Tabulation_CMCC%202026_0.pdf,3831_Bid_Tabulation_CMCC%202026_0.pdf,168156,,,,2026-08-07,downloaded
Maine,Vertical,maine_vertical,3845,3845,,https://www.maine.gov/dafs/bgs/sites/maine.gov.dafs.bgs/files/inline-files/3845_Project_Manual_DIFW.pdf,3845_Project_Manual_DIFW.pdf,2632837,CSI,00;01;23,gs://specindex-ai-raw-documents/specs/MAINE/3845/specbook_3845_Project_Manual_DIFW.pdf,2026-08-07,downloaded
Maine,Vertical,maine_vertical,3845,3845,,https://www.maine.gov/dafs/bgs/sites/maine.gov.dafs.bgs/files/inline-files/3845_Addendum_1_DIFW_0.pdf,3845_Addendum_1_DIFW_0.pdf,579568,,,,2026-08-07,downloaded
Maine,Vertical,maine_vertical,3845,3845,,https://www.maine.gov/dafs/bgs/sites/maine.gov.dafs.bgs/files/inline-files/3845_Drawings_DIFW.pdf,3845_Drawings_DIFW.pdf,21562412,CSI,07,gs://specindex-ai-raw-documents/specs/MAINE/3845/drawings_3845_Drawings_DIFW.pdf,2026-08-07,downloaded
Maine,Vertical,maine_vertical,3845,3845,,https://www.maine.gov/dafs/bgs/sites/maine.gov.dafs.bgs/files/inline-files/3845_Legal_Ad_DIFW.pdf,3845_Legal_Ad_DIFW.pdf,100475,,,,2026-08-07,downloaded
Maine,Vertical,maine_vertical,3845,3845,,https://www.maine.gov/dafs/bgs/sites/maine.gov.dafs.bgs/files/inline-files/3845_Notice%20_to_Contractors_DIFW.pdf,3845_Notice%20_to_Contractors_DIFW.pdf,334731,,,,2026-08-07,downloaded
Maine,Vertical,maine_vertical,3845,3845,,https://www.maine.gov/dafs/bgs/sites/maine.gov.dafs.bgs/files/inline-files/3845_Bid_Tabulation_Form.pdf,3845_Bid_Tabulation_Form.pdf,162323,,,,2026-08-07,downloaded
Maine,Vertical,maine_vertical,3809,3809,,https://www.maine.gov/dafs/bgs/sites/maine.gov.dafs.bgs/files/inline-files/3809_Project%20Manual_MCCS.pdf,3809_Project%20Manual_MCCS.pdf,8882846,CSI,00;01;02;03;04;05;06;07;08;09;10;11;12;13;14;21;22;23;26;27;28;31;32,gs://specindex-ai-raw-documents/specs/MAINE/3809/specbook_3809_Project-20Manual_MCCS.pdf,2026-08-07,downloaded
Maine,Vertical,maine_vertical,3809,3809,,https://www.maine.gov/dafs/bgs/sites/maine.gov.dafs.bgs/files/inline-files/3809_Addendum_1_SMCC_%231_Responses.pdf,3809_Addendum_1_SMCC_%231_Responses.pdf,1396150,,,,2026-08-07,downloaded
Maine,Vertical,maine_vertical,3809,3809,,https://www.maine.gov/dafs/bgs/sites/maine.gov.dafs.bgs/files/inline-files/3809_Addendum_2_SMCC.pdf,3809_Addendum_2_SMCC.pdf,2671880,CSI,01;13;23;26,gs://specindex-ai-raw-documents/specs/MAINE/3809/addendum_3809_Addendum_2_SMCC.pdf,2026-08-07,downloaded
Maine,Vertical,maine_vertical,3809,3809,,https://www.maine.gov/dafs/bgs/sites/maine.gov.dafs.bgs/files/inline-files/3809_Addendum_3_SMCC.pdf,3809_Addendum_3_SMCC.pdf,453336,,,,2026-08-07,downloaded
Maine,Vertical,maine_vertical,3809,3809,,https://www.maine.gov/dafs/bgs/sites/maine.gov.dafs.bgs/files/inline-files/3809_Addendum_4_SMCC.pdf,3809_Addendum_4_SMCC.pdf,10358974,CSI,00;01;02;03;05;06;07;08;09;10;11;12;21;22;23;26;27;28;31;32;33,gs://specindex-ai-raw-documents/specs/MAINE/3809/addendum_3809_Addendum_4_SMCC.pdf,2026-08-07,downloaded
Maine,Vertical,maine_vertical,3809,3809,,https://www.maine.gov/dafs/bgs/sites/maine.gov.dafs.bgs/files/inline-files/3809_Addendum_5_SMCC.pdf,3809_Addendum_5_SMCC.pdf,859935,,,,2026-08-07,downloaded
Maine,Vertical,maine_vertical,3809,3809,,https://www.maine.gov/dafs/bgs/sites/maine.gov.dafs.bgs/files/inline-files/3809_Addendum_6_SMCC.pdf,3809_Addendum_6_SMCC.pdf,441484,,,,2026-08-07,downloaded
Maine,Vertical,maine_vertical,3809,3809,,https://www.maine.gov/dafs/bgs/sites/maine.gov.dafs.bgs/files/inline-files/3809_Drawings_MCCS.pdf,3809_Drawings_MCCS.pdf,17653350,CSI,03;04;08;21;23;26;27,gs://specindex-ai-raw-documents/specs/MAINE/3809/drawings_3809_Drawings_MCCS.pdf,2026-08-07,downloaded
Maine,Vertical,maine_vertical,3809,3809,,https://www.maine.gov/dafs/bgs/sites/maine.gov.dafs.bgs/files/inline-files/3809_Legal_Ad_MCCS.pdf,3809_Legal_Ad_MCCS.pdf,128756,,,,2026-08-07,downloaded
Maine,Vertical,maine_vertical,3809,3809,,https://www.maine.gov/dafs/bgs/sites/maine.gov.dafs.bgs/files/inline-files/3809_Notice_to_Contractors_MCCS.pdf,3809_Notice_to_Contractors_MCCS.pdf,134317,,,,2026-08-07,downloaded
Maine,Vertical,maine_vertical,3809,3809,,https://www.maine.gov/dafs/bgs/sites/maine.gov.dafs.bgs/files/inline-files/3809_Pre_Bid_Sign_in_sheet.pdf,3809_Pre_Bid_Sign_in_sheet.pdf,187671,,,,2026-08-07,downloaded
Maine,Vertical,maine_vertical,3809,3809,,https://www.maine.gov/dafs/bgs/sites/maine.gov.dafs.bgs/files/inline-files/3809_Bid_Tabulation_SMCC.pdf,3809_Bid_Tabulation_SMCC.pdf,150783,,,,2026-08-07,downloaded
Maine,Vertical,maine_vertical,3786,3786,,https://www.maine.gov/dafs/bgs/sites/maine.gov.dafs.bgs/files/inline-files/3786%20Project%20Manual%20KVCC.pdf,3786%20Project%20Manual%20KVCC.pdf,7124341,CSI,00;01;02;03;04;05;06;07;08;09;10;11;12;13;21;22;23;26,gs://specindex-ai-raw-documents/specs/MAINE/3786/specbook_3786-20Project-20Manual-20KVCC.pdf,2026-08-07,downloaded
Maine,Vertical,maine_vertical,3786,3786,,https://www.maine.gov/dafs/bgs/sites/maine.gov.dafs.bgs/files/inline-files/3786%20Addendum%201%20KVCC_0.pdf,3786%20Addendum%201%20KVCC_0.pdf,3134760,CSI,01,gs://specindex-ai-raw-documents/specs/MAINE/3786/addendum_3786-20Addendum-201-20KVCC_0.pdf,2026-08-07,downloaded
Maine,Vertical,maine_vertical,3786,3786,,https://www.maine.gov/dafs/bgs/sites/maine.gov.dafs.bgs/files/inline-files/3786%20Drawings%20KVCC.pdf,3786%20Drawings%20KVCC.pdf,5624560,DOT SS/SP,,gs://specindex-ai-raw-documents/specs/MAINE/3786/drawings_3786-20Drawings-20KVCC.pdf,2026-08-07,downloaded
Maine,Vertical,maine_vertical,3786,3786,,https://www.maine.gov/dafs/bgs/sites/maine.gov.dafs.bgs/files/inline-files/3786%20Legal%20Ad%20MCCS%20KVCC.pdf,3786%20Legal%20Ad%20MCCS%20KVCC.pdf,102390,,,,2026-08-07,downloaded
Maine,Vertical,maine_vertical,3786,3786,,https://www.maine.gov/dafs/bgs/sites/maine.gov.dafs.bgs/files/inline-files/3786%20Notification%20to%20Contractors%20MCCS%20KVCC.pdf,3786%20Notification%20to%20Contractors%20MCCS%20KVCC.pdf,272095,,,,2026-08-07,downloaded
Maine,Vertical,maine_vertical,3786,3786,,https://www.maine.gov/dafs/bgs/sites/maine.gov.dafs.bgs/files/inline-files/3786_Bid_Tabulation_KVCC.pdf,3786_Bid_Tabulation_KVCC.pdf,156765,,,,2026-08-07,downloaded
Maine,Vertical,maine_vertical,3560,3560,,https://www.maine.gov/dafs/bgs/sites/maine.gov.dafs.bgs/files/inline-files/3560%20Project%20Manual.pdf,3560%20Project%20Manual.pdf,20833052,CSI,00;01;02;03;04;05;06;07;08;09;10;11;12;13;14;21;22;23;24;26;31;32;33,gs://specindex-ai-raw-documents/specs/MAINE/3560/specbook_3560-20Project-20Manual.pdf,2026-08-07,downloaded
Maine,Vertical,maine_vertical,3560,3560,,https://www.maine.gov/dafs/bgs/sites/maine.gov.dafs.bgs/files/inline-files/3560%20Addendum%201%20DAFS%20Rev..pdf,3560%20Addendum%201%20DAFS%20Rev..pdf,2951027,,,,2026-08-07,downloaded
Maine,Vertical,maine_vertical,3560,3560,,https://www.maine.gov/dafs/bgs/sites/maine.gov.dafs.bgs/files/inline-files/3560%20Drawings%20DAFS.pdf,3560%20Drawings%20DAFS.pdf,30240149,,,,2026-08-07,downloaded
Maine,Vertical,maine_vertical,3560,3560,,https://www.maine.gov/dafs/bgs/sites/maine.gov.dafs.bgs/files/inline-files/3560%20Legal%20Ad%20DAFS.pdf,3560%20Legal%20Ad%20DAFS.pdf,120776,,,,2026-08-07,downloaded
Maine,Vertical,maine_vertical,3560,3560,,https://www.maine.gov/dafs/bgs/sites/maine.gov.dafs.bgs/files/inline-files/3560%20Notice%20to%20Contractors%20DAFS.pdf,3560%20Notice%20to%20Contractors%20DAFS.pdf,276434,,,,2026-08-07,downloaded
Maine,Vertical,maine_vertical,3560,3560,,https://www.maine.gov/dafs/bgs/sites/maine.gov.dafs.bgs/files/inline-files/3560%20Bids%20Results%20DAFS_0.pdf,3560%20Bids%20Results%20DAFS_0.pdf,271922,,,,2026-08-07,downloaded
Maine,Vertical,maine_vertical,3779,3779,,https://www.maine.gov/dafs/bgs/sites/maine.gov.dafs.bgs/files/inline-files/3779%20Project%20Manual%20DACF_0.pdf,3779%20Project%20Manual%20DACF_0.pdf,5874145,CSI,00;01;02;03;04;05;06;07;08;09;21;31;32;33,gs://specindex-ai-raw-documents/specs/MAINE/3779/specbook_3779-20Project-20Manual-20DACF_0.pdf,2026-08-07,downloaded
Maine,Vertical,maine_vertical,3779,3779,,https://www.maine.gov/dafs/bgs/sites/maine.gov.dafs.bgs/files/inline-files/3779%20Addendum%201%20DACF.pdf,3779%20Addendum%201%20DACF.pdf,1312066,CSI,01,gs://specindex-ai-raw-documents/specs/MAINE/3779/addendum_3779-20Addendum-201-20DACF.pdf,2026-08-07,downloaded
Maine,Vertical,maine_vertical,3779,3779,,https://www.maine.gov/dafs/bgs/sites/maine.gov.dafs.bgs/files/inline-files/3779%20Addendum%201%20Assessment%20DACF.pdf,3779%20Addendum%201%20Assessment%20DACF.pdf,21032539,,,,2026-08-07,downloaded
Maine,Vertical,maine_vertical,3779,3779,,https://www.maine.gov/dafs/bgs/sites/maine.gov.dafs.bgs/files/inline-files/3779%20Addendum%202%20DACF.pdf,3779%20Addendum%202%20DACF.pdf,241186,,,,2026-08-07,downloaded
Maine,Vertical,maine_vertical,3779,3779,,https://www.maine.gov/dafs/bgs/sites/maine.gov.dafs.bgs/files/inline-files/3779%20Addendum%203%20DACF.pdf,3779%20Addendum%203%20DACF.pdf,567531,,,,2026-08-07,downloaded
Maine,Vertical,maine_vertical,3779,3779,,https://www.maine.gov/dafs/bgs/sites/maine.gov.dafs.bgs/files/inline-files/3779%20Addendum%203%20%20TFC%20DACF.pdf,3779%20Addendum%203%20%20TFC%20DACF.pdf,465043,CSI,,gs://specindex-ai-raw-documents/specs/MAINE/3779/addendum_3779-20Addendum-203-20-20TFC-20DACF.pdf,2026-08-07,downloaded
Maine,Vertical,maine_vertical,3779,3779,,https://www.maine.gov/dafs/bgs/sites/maine.gov.dafs.bgs/files/inline-files/3779%20Drawings%20DACF.pdf,3779%20Drawings%20DACF.pdf,9514166,,,,2026-08-07,downloaded
Maine,Vertical,maine_vertical,3779,3779,,https://www.maine.gov/dafs/bgs/sites/maine.gov.dafs.bgs/files/inline-files/3779%20Legal%20Ad%20DACF.pdf,3779%20Legal%20Ad%20DACF.pdf,86339,,,,2026-08-07,downloaded
Maine,Vertical,maine_vertical,3779,3779,,https://www.maine.gov/dafs/bgs/sites/maine.gov.dafs.bgs/files/inline-files/3779%20Notice%20to%20Contractors%20DACF.pdf,3779%20Notice%20to%20Contractors%20DACF.pdf,259352,,,,2026-08-07,downloaded
Maine,Vertical,maine_vertical,3779,3779,,https://www.maine.gov/dafs/bgs/sites/maine.gov.dafs.bgs/files/inline-files/3779%20Bid%20Tabulation.pdf,3779%20Bid%20Tabulation.pdf,153103,,,,2026-08-07,downloaded
Maine,Vertical,maine_vertical,3674,3674,,https://www.maine.gov/dafs/bgs/sites/maine.gov.dafs.bgs/files/inline-files/3674%20Project%20Manual%20SMCC%20MCCS.pdf,3674%20Project%20Manual%20SMCC%20MCCS.pdf,3349414,CSI,00;01;02;03;04;05;06;07;08;09;10;11;12;21;22;23;24;26;27;28;29;31;32;33,gs://specindex-ai-raw-documents/specs/MAINE/3674/specbook_3674-20Project-20Manual-20SMCC-20MCCS.pdf,2026-08-07,downloaded
Maine,Vertical,maine_vertical,3674,3674,,https://www.maine.gov/dafs/bgs/sites/maine.gov.dafs.bgs/files/inline-files/3674%20Addendum%201%202025-08.pdf,3674%20Addendum%201%202025-08.pdf,10386510,,,,2026-08-07,downloaded
Maine,Vertical,maine_vertical,3674,3674,,https://www.maine.gov/dafs/bgs/sites/maine.gov.dafs.bgs/files/inline-files/3674%20Legal%20Ad%20SMCC%20MCCS.pdf,3674%20Legal%20Ad%20SMCC%20MCCS.pdf,34276,,,,2026-08-07,downloaded
Maine,Vertical,maine_vertical,3674,3674,,https://www.maine.gov/dafs/bgs/sites/maine.gov.dafs.bgs/files/inline-files/3674%20Notice%20to%20Contractors%20SMCC%20MCCS.pdf,3674%20Notice%20to%20Contractors%20SMCC%20MCCS.pdf,33207,,,,2026-08-07,downloaded
Maine,Vertical,maine_vertical,3674,3674,,https://www.maine.gov/dafs/bgs/sites/maine.gov.dafs.bgs/files/inline-files/3674%20Drawing%20SMCC%20MCCS.pdf,3674%20Drawing%20SMCC%20MCCS.pdf,12527400,,,,2026-08-07,downloaded
Maine,Vertical,maine_vertical,3674,3674,,https://www.maine.gov/dafs/bgs/sites/maine.gov.dafs.bgs/files/inline-files/3674%20Bid%20Tabulation%20Form.pdf,3674%20Bid%20Tabulation%20Form.pdf,151626,,,,2026-08-07,downloaded
Maine,Vertical,maine_vertical,3852,3852,,https://www.maine.gov/dafs/bgs/sites/maine.gov.dafs.bgs/files/inline-files/3852%20Project%20Manual%20DACF.pdf,3852%20Project%20Manual%20DACF.pdf,1353622,CSI,00;01;02;03;07;08,gs://specindex-ai-raw-documents/specs/MAINE/3852/specbook_3852-20Project-20Manual-20DACF.pdf,2026-08-07,downloaded
Maine,Vertical,maine_vertical,3852,3852,,https://www.maine.gov/dafs/bgs/sites/maine.gov.dafs.bgs/files/inline-files/3852%20Addendum%201%20DACF.pdf,3852%20Addendum%201%20DACF.pdf,13894144,,,,2026-08-07,downloaded
Maine,Vertical,maine_vertical,3852,3852,,https://www.maine.gov/dafs/bgs/sites/maine.gov.dafs.bgs/files/inline-files/3852%20Drawings%20DACF.pdf,3852%20Drawings%20DACF.pdf,2787839,,,,2026-08-07,downloaded
Maine,Vertical,maine_vertical,3852,3852,,https://www.maine.gov/dafs/bgs/sites/maine.gov.dafs.bgs/files/inline-files/3852%20Legal%20Ad%20MFS.pdf,3852%20Legal%20Ad%20MFS.pdf,81298,,,,2026-08-07,downloaded
Maine,Vertical,maine_vertical,3852,3852,,https://www.maine.gov/dafs/bgs/sites/maine.gov.dafs.bgs/files/inline-files/3852%20Notice%20to%20Contractors%20MFS.pdf,3852%20Notice%20to%20Contractors%20MFS.pdf,267289,,,,2026-08-07,downloaded
Maine,Vertical,maine_vertical,3852,3852,,https://www.maine.gov/dafs/bgs/sites/maine.gov.dafs.bgs/files/inline-files/3852%20Bid%20Results.pdf,3852%20Bid%20Results.pdf,208218,,,,2026-08-07,downloaded
Maine,Vertical,maine_vertical,3403,3403,,https://www.maine.gov/dafs/bgs/sites/maine.gov.dafs.bgs/files/inline-files/3403%20Project%20Manual%20DOE%20rebid.pdf,3403%20Project%20Manual%20DOE%20rebid.pdf,7964066,CSI,01,gs://specindex-ai-raw-documents/specs/MAINE/3403/specbook_3403-20Project-20Manual-20DOE-20rebid.pdf,2026-08-07,downloaded
Maine,Vertical,maine_vertical,3403,3403,,https://www.maine.gov/dafs/bgs/sites/maine.gov.dafs.bgs/files/inline-files/3403%20Addendum%201%20DOE%20rebid.pdf,3403%20Addendum%201%20DOE%20rebid.pdf,1634492,,,,2026-08-07,downloaded
Maine,Vertical,maine_vertical,3403,3403,,https://www.maine.gov/dafs/bgs/sites/maine.gov.dafs.bgs/files/inline-files/3403%20Addendum%202%20Rebid%20Connor%202025-06-26%2010377.028_2.pdf,3403%20Addendum%202%20Rebid%20Connor%202025-06-26%2010377.028_2.pdf,525204,,,,2026-08-07,downloaded
Maine,Vertical,maine_vertical,3403,3403,,https://www.maine.gov/dafs/bgs/sites/maine.gov.dafs.bgs/files/inline-files/3403%20Drawings%20DOE%20Rebid.pdf,3403%20Drawings%20DOE%20Rebid.pdf,9019560,CSI,07,gs://specindex-ai-raw-documents/specs/MAINE/3403/drawings_3403-20Drawings-20DOE-20Rebid.pdf,2026-08-07,downloaded
Maine,Vertical,maine_vertical,3403,3403,,https://www.maine.gov/dafs/bgs/sites/maine.gov.dafs.bgs/files/inline-files/3403%20Legal%20Ad%20DOE%20rebid.pdf,3403%20Legal%20Ad%20DOE%20rebid.pdf,531214,,,,2026-08-07,downloaded
Maine,Vertical,maine_vertical,3403,3403,,https://www.maine.gov/dafs/bgs/sites/maine.gov.dafs.bgs/files/inline-files/3403%20Notice%20to%20Contractors%20DOE%20rebid.pdf,3403%20Notice%20to%20Contractors%20DOE%20rebid.pdf,274471,,,,2026-08-07,downloaded
Maine,Vertical,maine_vertical,3403,3403,,https://www.maine.gov/dafs/bgs/sites/maine.gov.dafs.bgs/files/inline-files/3403%20Bid%20Tabulation%20Form.pdf,3403%20Bid%20Tabulation%20Form.pdf,171367,,,,2026-08-07,downloaded
Maine,Vertical,maine_vertical,,Project,,https://www.maine.gov/dafs/bgs/sites/maine.gov.dafs.bgs/files/inline-files/Project%20Manual%20Boothbay%20Sprinkler.pdf,Project%20Manual%20Boothbay%20Sprinkler.pdf,24933828,CSI,00;01;02;21;22,gs://specindex-ai-raw-documents/specs/MAINE/unknown/specbook_Project-20Manual-20Boothbay-20Sprinkler.pdf,2026-08-07,downloaded
Maine,Vertical,maine_vertical,,Project,,https://www.maine.gov/dafs/bgs/sites/maine.gov.dafs.bgs/files/inline-files/Project%20Manual%20YHS%20Science%20Classroom.pdf,Project%20Manual%20YHS%20Science%20Classroom.pdf,5409684,CSI,00;01;02;03;06;07;08;09;10;11;12;21;22;23;24;26;27;28;31,gs://specindex-ai-raw-documents/specs/MAINE/unknown/specbook_Project-20Manual-20YHS-20Science-20Classroom.pdf,2026-08-07,downloaded
Maine,Vertical,maine_vertical,3600,3600,,https://www.maine.gov/dafs/bgs/sites/maine.gov.dafs.bgs/files/inline-files/3600%20Project%20Manual%20IFW.pdf,3600%20Project%20Manual%20IFW.pdf,5295472,CSI,00;01,gs://specindex-ai-raw-documents/specs/MAINE/3600/specbook_3600-20Project-20Manual-20IFW.pdf,2026-08-07,downloaded
Maine,Vertical,maine_vertical,3600,3600,,https://www.maine.gov/dafs/bgs/sites/maine.gov.dafs.bgs/files/inline-files/3600%20Addendum%201.pdf,3600%20Addendum%201.pdf,103424,,,,2026-08-07,downloaded
Maine,Vertical,maine_vertical,3600,3600,,https://www.maine.gov/dafs/bgs/sites/maine.gov.dafs.bgs/files/inline-files/3600%20Drawings%20IFW.pdf,3600%20Drawings%20IFW.pdf,1143142,,,,2026-08-07,downloaded
Maine,Vertical,maine_vertical,3600,3600,,https://www.maine.gov/dafs/bgs/sites/maine.gov.dafs.bgs/files/inline-files/3600%20Notice%20to%20Contractors%20IFW.pdf,3600%20Notice%20to%20Contractors%20IFW.pdf,267878,,,,2026-08-07,downloaded
Maine,Vertical,maine_vertical,3600,3600,,https://www.maine.gov/dafs/bgs/sites/maine.gov.dafs.bgs/files/inline-files/3600%20Bid%20Tabulation%20Form%20.pdf,3600%20Bid%20Tabulation%20Form%20.pdf,33879,,,,2026-08-07,downloaded
Maine,Vertical,maine_vertical,3766,3766,,https://www.maine.gov/dafs/bgs/sites/maine.gov.dafs.bgs/files/inline-files/3766%20Drawings%20and%20Project%20Manual.pdf,3766%20Drawings%20and%20Project%20Manual.pdf,28452806,CSI,00;01;26;27;31;32,gs://specindex-ai-raw-documents/specs/MAINE/3766/drawings_3766-20Drawings-20and-20Project-20Manual.pdf,2026-08-07,downloaded
Maine,Vertical,maine_vertical,3766,3766,,https://www.maine.gov/dafs/bgs/sites/maine.gov.dafs.bgs/files/inline-files/3766%20Addendum%201%20IFW.pdf,3766%20Addendum%201%20IFW.pdf,191793,,,,2026-08-07,downloaded
Maine,Vertical,maine_vertical,3766,3766,,https://www.maine.gov/dafs/bgs/sites/maine.gov.dafs.bgs/files/inline-files/3766%20Notice%20to%20Contractors%20IFW%20Greenville%20Generator.pdf,3766%20Notice%20to%20Contractors%20IFW%20Greenville%20Generator.pdf,312422,,,,2026-08-07,downloaded
Maine,Vertical,maine_vertical,3466,3466,,https://www.maine.gov/dafs/bgs/sites/maine.gov.dafs.bgs/files/inline-files/3466%20Project%20Manual%20ACF%20Mt%20Battie.pdf,3466%20Project%20Manual%20ACF%20Mt%20Battie.pdf,3962898,CSI,00;01,gs://specindex-ai-raw-documents/specs/MAINE/3466/specbook_3466-20Project-20Manual-20ACF-20Mt-20Battie.pdf,2026-08-07,downloaded
Maine,Vertical,maine_vertical,3466,3466,,https://www.maine.gov/dafs/bgs/sites/maine.gov.dafs.bgs/files/inline-files/3466%20Addendum%20%231%20ACF%20Mt%20Battie.pdf,3466%20Addendum%20%231%20ACF%20Mt%20Battie.pdf,65495,,,,2026-08-07,downloaded
Maine,Vertical,maine_vertical,3466,3466,,https://www.maine.gov/dafs/bgs/sites/maine.gov.dafs.bgs/files/inline-files/3466%20Addendum%20%231%20Drawings%20ACF%20Mt%20Battie.pdf,3466%20Addendum%20%231%20Drawings%20ACF%20Mt%20Battie.pdf,5582978,,,,2026-08-07,downloaded
Maine,Vertical,maine_vertical,3466,3466,,https://www.maine.gov/dafs/bgs/sites/maine.gov.dafs.bgs/files/inline-files/3466%20IFB%20Drawings%20ACF%20Mt%20Battie.pdf,3466%20IFB%20Drawings%20ACF%20Mt%20Battie.pdf,2975421,,,,2026-08-07,downloaded
Maine,Vertical,maine_vertical,3466,3466,,https://www.maine.gov/dafs/bgs/sites/maine.gov.dafs.bgs/files/inline-files/3466%20Legal%20Ad%20ACF%20Mt%20Battie.pdf,3466%20Legal%20Ad%20ACF%20Mt%20Battie.pdf,15932,,,,2026-08-07,downloaded
Maine,Vertical,maine_vertical,3466,3466,,https://www.maine.gov/dafs/bgs/sites/maine.gov.dafs.bgs/files/inline-files/3466%20Bid%20Tab%20ACF%20Mt%20Battie.pdf,3466%20Bid%20Tab%20ACF%20Mt%20Battie.pdf,38719,,,,2026-08-07,downloaded
Maine,Vertical,maine_vertical,3799,3799,,https://www.maine.gov/dafs/bgs/sites/maine.gov.dafs.bgs/files/inline-files/3799_Specifications_MJB.pdf,3799_Specifications_MJB.pdf,13946302,CSI,00;01;03;04;05;06;07;08;09;10;12;14;21;22;23;26;31;32;33,gs://specindex-ai-raw-documents/specs/MAINE/3799/specbook_3799_Specifications_MJB.pdf,2026-08-07,downloaded
Maine,Vertical,maine_vertical,3799,3799,,https://www.maine.gov/dafs/bgs/sites/maine.gov.dafs.bgs/files/inline-files/3799_Addendum_1_MJB.pdf,3799_Addendum_1_MJB.pdf,447164,CSI,23;26,gs://specindex-ai-raw-documents/specs/MAINE/3799/addendum_3799_Addendum_1_MJB.pdf,2026-08-07,downloaded
Maine,Vertical,maine_vertical,3799,3799,,https://www.maine.gov/dafs/bgs/sites/maine.gov.dafs.bgs/files/inline-files/3799_Addendum_2_MJB.pdf,3799_Addendum_2_MJB.pdf,105052,,,,2026-08-07,downloaded
Maine,Vertical,maine_vertical,3799,3799,,https://www.maine.gov/dafs/bgs/sites/maine.gov.dafs.bgs/files/inline-files/3799_Addendum_3.pdf,3799_Addendum_3.pdf,2084270,CSI,23;26;32,gs://specindex-ai-raw-documents/specs/MAINE/3799/addendum_3799_Addendum_3.pdf,2026-08-07,downloaded
Maine,Vertical,maine_vertical,3799,3799,,https://www.maine.gov/dafs/bgs/sites/maine.gov.dafs.bgs/files/inline-files/3799_Drawings_MJB.pdf,3799_Drawings_MJB.pdf,33592289,,,,2026-08-07,downloaded
Maine,Vertical,maine_vertical,3799,3799,,https://www.maine.gov/dafs/bgs/sites/maine.gov.dafs.bgs/files/inline-files/3799%20Legal%20AD.pdf,3799%20Legal%20AD.pdf,61258,,,,2026-08-07,downloaded
Maine,Vertical,maine_vertical,3799,3799,,https://www.maine.gov/dafs/bgs/sites/maine.gov.dafs.bgs/files/inline-files/3799%20Notice%20to%20General%20Contractor%20DAFS%20HJCC.pdf,3799%20Notice%20to%20General%20Contractor%20DAFS%20HJCC.pdf,131977,,,,2026-08-07,downloaded
Maine,Vertical,maine_vertical,3799,3799,,https://www.maine.gov/dafs/bgs/sites/maine.gov.dafs.bgs/files/inline-files/3799_Notice_to_Contractors_MJB.pdf,3799_Notice_to_Contractors_MJB.pdf,238474,CSI,26,gs://specindex-ai-raw-documents/specs/MAINE/3799/specbook_3799_Notice_to_Contractors_MJB.pdf,2026-08-07,downloaded
Maine,Vertical,maine_vertical,3799,3799,,https://www.maine.gov/dafs/bgs/sites/maine.gov.dafs.bgs/files/inline-files/3799_Bid_Tabulation_.pdf,3799_Bid_Tabulation_.pdf,130873,,,,2026-08-07,downloaded
Maine,Vertical,maine_vertical,3799,3799,,https://www.maine.gov/dafs/bgs/sites/maine.gov.dafs.bgs/files/inline-files/3799%20Legal%20Ad%20Ellsworth%20Court%20House%202026.pdf,3799%20Legal%20Ad%20Ellsworth%20Court%20House%202026.pdf,126439,,,,2026-08-07,downloaded
Maine,Vertical,maine_vertical,3799,3799,,https://www.maine.gov/dafs/bgs/sites/maine.gov.dafs.bgs/files/inline-files/3799%20RFQ%20Information%20Sheet%20Ellsworth%20Court%20House%202026.pdf,3799%20RFQ%20Information%20Sheet%20Ellsworth%20Court%20House%202026.pdf,240992,,,,2026-08-07,downloaded
Maine,Vertical,maine_vertical,3971,3971,,https://www.maine.gov/dafs/bgs/sites/maine.gov.dafs.bgs/files/inline-files/3971_Specifications_and_Drawings_DVEM.pdf,3971_Specifications_and_Drawings_DVEM.pdf,31616838,unreadable,,,2026-08-07,unreadable format
Maine,Vertical,maine_vertical,3971,3971,,https://www.maine.gov/dafs/bgs/sites/maine.gov.dafs.bgs/files/inline-files/3971_Manual_DVEM.pdf,3971_Manual_DVEM.pdf,36656986,unreadable,,,2026-08-07,unreadable format
Maine,Vertical,maine_vertical,3971,3971,,https://www.maine.gov/dafs/bgs/sites/maine.gov.dafs.bgs/files/inline-files/3971_Legal_Ad_DVEM.pdf,3971_Legal_Ad_DVEM.pdf,130280,,,,2026-08-07,downloaded
Maine,Vertical,maine_vertical,3971,3971,,https://www.maine.gov/dafs/bgs/sites/maine.gov.dafs.bgs/files/inline-files/3971_Notice_to_Contractors_DVEM_0.pdf,3971_Notice_to_Contractors_DVEM_0.pdf,218469,,,,2026-08-07,downloaded
Maine,Vertical,maine_vertical,,Specifications,,https://www.maine.gov/dafs/bgs/sites/maine.gov.dafs.bgs/files/inline-files/Specifications_Yarmouth_Rowe.pdf,Specifications_Yarmouth_Rowe.pdf,1529156,,,,2026-08-07,downloaded
Maine,Vertical,maine_vertical,,Specifications,,https://www.maine.gov/dafs/bgs/sites/maine.gov.dafs.bgs/files/inline-files/Specifications_MSAD75_Bowdoin.pdf,Specifications_MSAD75_Bowdoin.pdf,2370477,CSI,00;01;02;03;33,gs://specindex-ai-raw-documents/specs/MAINE/unknown/specbook_Specifications_MSAD75_Bowdoin.pdf,2026-08-07,downloaded
Maine,Vertical,maine_vertical,,Specifications,,https://www.maine.gov/dafs/bgs/sites/maine.gov.dafs.bgs/files/inline-files/Specifications%20Yarmouth%20Pump%20Station.pdf,Specifications%20Yarmouth%20Pump%20Station.pdf,3586572,CSI,01;26;31;32;33,gs://specindex-ai-raw-documents/specs/MAINE/unknown/specbook_Specifications-20Yarmouth-20Pump-20Station.pdf,2026-08-07,downloaded
Maine,Vertical,maine_vertical,3820,3820,,https://www.maine.gov/dafs/bgs/sites/maine.gov.dafs.bgs/files/inline-files/3820_Specifications_DOC_MSP.pdf,3820_Specifications_DOC_MSP.pdf,2012178,CSI,00;01;02;03;05;06;07;08;09;10;22;23;26;27;31;32,gs://specindex-ai-raw-documents/specs/MAINE/3820/specbook_3820_Specifications_DOC_MSP.pdf,2026-08-07,downloaded
Maine,Vertical,maine_vertical,3820,3820,,https://www.maine.gov/dafs/bgs/sites/maine.gov.dafs.bgs/files/inline-files/3820_Addendum_1_DOC.pdf,3820_Addendum_1_DOC.pdf,196307,,,,2026-08-07,downloaded
Maine,Vertical,maine_vertical,3820,3820,,https://www.maine.gov/dafs/bgs/sites/maine.gov.dafs.bgs/files/inline-files/3820_Drawings_DOC-MSP.pdf,3820_Drawings_DOC-MSP.pdf,13347970,CSI,07;23,gs://specindex-ai-raw-documents/specs/MAINE/3820/drawings_3820_Drawings_DOC-MSP.pdf,2026-08-07,downloaded
Maine,Vertical,maine_vertical,3820,3820,,https://www.maine.gov/dafs/bgs/sites/maine.gov.dafs.bgs/files/inline-files/3820_Legal_Ad_DOC_MSP_0.pdf,3820_Legal_Ad_DOC_MSP_0.pdf,103845,,,,2026-08-07,downloaded
Maine,Vertical,maine_vertical,3820,3820,,https://www.maine.gov/dafs/bgs/sites/maine.gov.dafs.bgs/files/inline-files/3820_Notice_to_Contractors_DOC_MSP.pdf,3820_Notice_to_Contractors_DOC_MSP.pdf,286528,,,,2026-08-07,downloaded
Maine,Vertical,maine_vertical,3820,3820,,https://www.maine.gov/dafs/bgs/sites/maine.gov.dafs.bgs/files/inline-files/3820_Bid_Tabulation_DOC.pdf,3820_Bid_Tabulation_DOC.pdf,154430,,,,2026-08-07,downloaded
Maine,Vertical,maine_vertical,3897,3897,,https://www.maine.gov/dafs/bgs/sites/maine.gov.dafs.bgs/files/inline-files/3897_Specifications_DHHS_Bld%20B.pdf,3897_Specifications_DHHS_Bld%20B.pdf,937335,CSI,01;03;06;07;08;09;33,gs://specindex-ai-raw-documents/specs/MAINE/3897/specbook_3897_Specifications_DHHS_Bld-20B.pdf,2026-08-07,downloaded
Maine,Vertical,maine_vertical,3897,3897,,https://www.maine.gov/dafs/bgs/sites/maine.gov.dafs.bgs/files/inline-files/3897_Addendum_1_DHHS_1.pdf,3897_Addendum_1_DHHS_1.pdf,21769933,,,,2026-08-07,downloaded
Maine,Vertical,maine_vertical,3897,3897,,https://www.maine.gov/dafs/bgs/sites/maine.gov.dafs.bgs/files/inline-files/3897_Drawings_DHHS_Bld%20B..pdf,3897_Drawings_DHHS_Bld%20B..pdf,2017101,,,,2026-08-07,downloaded
Maine,Vertical,maine_vertical,3897,3897,,https://www.maine.gov/dafs/bgs/sites/maine.gov.dafs.bgs/files/inline-files/3897_Legal_%20Ad_DHHS-Bld%20B.pdf,3897_Legal_%20Ad_DHHS-Bld%20B.pdf,123174,,,,2026-08-07,downloaded
Maine,Vertical,maine_vertical,3897,3897,,https://www.maine.gov/dafs/bgs/sites/maine.gov.dafs.bgs/files/inline-files/3897_Notice_to_Contractors_DHHS_Bld%20B.pdf,3897_Notice_to_Contractors_DHHS_Bld%20B.pdf,194575,,,,2026-08-07,downloaded
Maine,Vertical,maine_vertical,3867,3867,,https://www.maine.gov/dafs/bgs/sites/maine.gov.dafs.bgs/files/inline-files/3867_Specifications_DHHS-RPC.pdf,3867_Specifications_DHHS-RPC.pdf,5707042,CSI,01;02,gs://specindex-ai-raw-documents/specs/MAINE/3867/specbook_3867_Specifications_DHHS-RPC.pdf,2026-08-07,downloaded
Maine,Vertical,maine_vertical,3867,3867,,https://www.maine.gov/dafs/bgs/sites/maine.gov.dafs.bgs/files/inline-files/3867_Addendum_1_DHHS_RPC.pdf,3867_Addendum_1_DHHS_RPC.pdf,101708,,,,2026-08-07,downloaded
Maine,Vertical,maine_vertical,3867,3867,,https://www.maine.gov/dafs/bgs/sites/maine.gov.dafs.bgs/files/inline-files/3867_Addendum_2_DHHS.pdf,3867_Addendum_2_DHHS.pdf,230320,,,,2026-08-07,downloaded
Maine,Vertical,maine_vertical,3867,3867,,https://www.maine.gov/dafs/bgs/sites/maine.gov.dafs.bgs/files/inline-files/3867_Legal_%20Ad_DHHS%20RPC.pdf,3867_Legal_%20Ad_DHHS%20RPC.pdf,115758,,,,2026-08-07,downloaded
Maine,Vertical,maine_vertical,3867,3867,,https://www.maine.gov/dafs/bgs/sites/maine.gov.dafs.bgs/files/inline-files/3867_Notice_to_Contractors_DHHS-RPC.pdf,3867_Notice_to_Contractors_DHHS-RPC.pdf,195705,,,,2026-08-07,downloaded
Maine,Vertical,maine_vertical,3867,3867,,https://www.maine.gov/dafs/bgs/sites/maine.gov.dafs.bgs/files/inline-files/3867_Bid_Tabulation_DHHS.pdf,3867_Bid_Tabulation_DHHS.pdf,161138,,,,2026-08-07,downloaded
Maine,Vertical,maine_vertical,3899,3899,,https://www.maine.gov/dafs/bgs/sites/maine.gov.dafs.bgs/files/inline-files/3899_Specifications_DACF%20%282%29_0.pdf,3899_Specifications_DACF%20%282%29_0.pdf,3932689,CSI,00;01,gs://specindex-ai-raw-documents/specs/MAINE/3899/specbook_3899_Specifications_DACF-20-282-29_0.pdf,2026-08-07,downloaded
Maine,Vertical,maine_vertical,3899,3899,,https://www.maine.gov/dafs/bgs/sites/maine.gov.dafs.bgs/files/inline-files/3899%20Specifications%20DACF.pdf,3899%20Specifications%20DACF.pdf,4998681,CSI,00;01,gs://specindex-ai-raw-documents/specs/MAINE/3899/specbook_3899-20Specifications-20DACF.pdf,2026-08-07,downloaded
Maine,Vertical,maine_vertical,3899,3899,,https://www.maine.gov/dafs/bgs/sites/maine.gov.dafs.bgs/files/inline-files/3899_Drawings_DACF%20%282%29_0.pdf,3899_Drawings_DACF%20%282%29_0.pdf,1548357,,,,2026-08-07,downloaded
Maine,Vertical,maine_vertical,3899,3899,,https://www.maine.gov/dafs/bgs/sites/maine.gov.dafs.bgs/files/inline-files/3899_Legal_Ad_DACF_0.pdf,3899_Legal_Ad_DACF_0.pdf,156818,,,,2026-08-07,downloaded
Maine,Vertical,maine_vertical,3899,3899,,https://www.maine.gov/dafs/bgs/sites/maine.gov.dafs.bgs/files/inline-files/3899_Notice%20to%20Contractors_DACF_0.pdf,3899_Notice%20to%20Contractors_DACF_0.pdf,342370,,,,2026-08-07,downloaded
Maine,Vertical,maine_vertical,3899,3899,,https://www.maine.gov/dafs/bgs/sites/maine.gov.dafs.bgs/files/inline-files/3899_Bid_Results_DACF.pdf,3899_Bid_Results_DACF.pdf,467491,,,,2026-08-07,downloaded
Maine,Vertical,maine_vertical,3899,3899,,https://www.maine.gov/dafs/bgs/sites/maine.gov.dafs.bgs/files/inline-files/3899%20Legal%20Ad%20DACF.pdf,3899%20Legal%20Ad%20DACF.pdf,109382,,,,2026-08-07,downloaded
Maine,Vertical,maine_vertical,3899,3899,,https://www.maine.gov/dafs/bgs/sites/maine.gov.dafs.bgs/files/inline-files/3899%20Notice%20to%20Contractors%20DACF.pdf,3899%20Notice%20to%20Contractors%20DACF.pdf,250963,,,,2026-08-07,downloaded
Maine,Vertical,maine_vertical,3899,3899,,https://www.maine.gov/dafs/bgs/sites/maine.gov.dafs.bgs/files/inline-files/3899_Bid_Results_DACF_0.pdf,3899_Bid_Results_DACF_0.pdf,467491,,,,2026-08-07,downloaded
Maine,Vertical,maine_vertical,3393,3393,,https://www.maine.gov/dafs/bgs/sites/maine.gov.dafs.bgs/files/inline-files/3393%20Specifications.pdf,3393%20Specifications.pdf,8628867,CSI,00;01;03;31;32;35,gs://specindex-ai-raw-documents/specs/MAINE/3393/specbook_3393-20Specifications.pdf,2026-08-07,downloaded
Maine,Vertical,maine_vertical,3393,3393,,https://www.maine.gov/dafs/bgs/sites/maine.gov.dafs.bgs/files/inline-files/3393%20Addendum%201.pdf,3393%20Addendum%201.pdf,102772,CSI,03,gs://specindex-ai-raw-documents/specs/MAINE/3393/addendum_3393-20Addendum-201.pdf,2026-08-07,downloaded
Maine,Vertical,maine_vertical,3393,3393,,https://www.maine.gov/dafs/bgs/sites/maine.gov.dafs.bgs/files/inline-files/3393%20Legal%20Ad%20DACF.pdf,3393%20Legal%20Ad%20DACF.pdf,109790,,,,2026-08-07,downloaded
Maine,Vertical,maine_vertical,3393,3393,,https://www.maine.gov/dafs/bgs/sites/maine.gov.dafs.bgs/files/inline-files/3393%20Notice%20to%20Contractors%20DACF.pdf,3393%20Notice%20to%20Contractors%20DACF.pdf,252735,,,,2026-08-07,downloaded
Maine,Vertical,maine_vertical,3393,3393,,https://www.maine.gov/dafs/bgs/sites/maine.gov.dafs.bgs/files/inline-files/3393%20Bid%20Results%20DACF_0.pdf,3393%20Bid%20Results%20DACF_0.pdf,182468,,,,2026-08-07,downloaded
Maine,Vertical,maine_vertical,3894,3894,,https://www.maine.gov/dafs/bgs/sites/maine.gov.dafs.bgs/files/inline-files/3894%20Specifications%20DMR.pdf,3894%20Specifications%20DMR.pdf,16319974,CSI,00;01;02;03;31;32,gs://specindex-ai-raw-documents/specs/MAINE/3894/specbook_3894-20Specifications-20DMR.pdf,2026-08-07,downloaded
Maine,Vertical,maine_vertical,3894,3894,,https://www.maine.gov/dafs/bgs/sites/maine.gov.dafs.bgs/files/inline-files/3894%20Addendum%201%20DMR_0.pdf,3894%20Addendum%201%20DMR_0.pdf,456503,,,,2026-08-07,downloaded
Maine,Vertical,maine_vertical,3894,3894,,https://www.maine.gov/dafs/bgs/sites/maine.gov.dafs.bgs/files/inline-files/3894%20Drawings_0.pdf,3894%20Drawings_0.pdf,16844828,unreadable,,,2026-08-07,unreadable format
Maine,Vertical,maine_vertical,3894,3894,,https://www.maine.gov/dafs/bgs/sites/maine.gov.dafs.bgs/files/inline-files/3894%20Legal%20Ad%20DMR.pdf,3894%20Legal%20Ad%20DMR.pdf,130485,,,,2026-08-07,downloaded
Maine,Vertical,maine_vertical,3894,3894,,https://www.maine.gov/dafs/bgs/sites/maine.gov.dafs.bgs/files/inline-files/3894%20Notice%20to%20Contractors%20DMR.pdf,3894%20Notice%20to%20Contractors%20DMR.pdf,917516,,,,2026-08-07,downloaded
Maine,Vertical,maine_vertical,3894,3894,,https://www.maine.gov/dafs/bgs/sites/maine.gov.dafs.bgs/files/inline-files/3894_Bid_Results_DMR_0.pdf,3894_Bid_Results_DMR_0.pdf,217996,,,,2026-08-07,downloaded
Maine,Vertical,maine_vertical,3748,3748,,https://www.maine.gov/dafs/bgs/sites/maine.gov.dafs.bgs/files/inline-files/3748%20Specifications%20DAFS%20%232.pdf,3748%20Specifications%20DAFS%20%232.pdf,9841565,CSI,00;01;02;03;05;06;07;08;09;31;32,gs://specindex-ai-raw-documents/specs/MAINE/3748/specbook_3748-20Specifications-20DAFS-20-232.pdf,2026-08-07,downloaded
Maine,Vertical,maine_vertical,3748,3748,,https://www.maine.gov/dafs/bgs/sites/maine.gov.dafs.bgs/files/inline-files/3748%20Drawings%20DAFS%20%232.pdf,3748%20Drawings%20DAFS%20%232.pdf,6133113,,,,2026-08-07,downloaded
Maine,Vertical,maine_vertical,3748,3748,,https://www.maine.gov/dafs/bgs/sites/maine.gov.dafs.bgs/files/inline-files/3748%20Legal%20Ad%20DAFS%20%232pdf.pdf,3748%20Legal%20Ad%20DAFS%20%232pdf.pdf,135972,,,,2026-08-07,downloaded
Maine,Vertical,maine_vertical,3748,3748,,https://www.maine.gov/dafs/bgs/sites/maine.gov.dafs.bgs/files/inline-files/3748%20Notice%20to%20Contractors%20DAFS%20%232.pdf,3748%20Notice%20to%20Contractors%20DAFS%20%232.pdf,137668,,,,2026-08-07,downloaded
Maine,Vertical,maine_vertical,3748,3748,,https://www.maine.gov/dafs/bgs/sites/maine.gov.dafs.bgs/files/inline-files/3748_Bid_Tabulation..pdf,3748_Bid_Tabulation..pdf,167932,,,,2026-08-07,downloaded
Maine,Vertical,maine_vertical,3143,3143,,https://www.maine.gov/dafs/bgs/sites/maine.gov.dafs.bgs/files/inline-files/3143%20Specifications%20DAFS.pdf,3143%20Specifications%20DAFS.pdf,25871505,CSI,00;01;02;03;04;05;06;07;08;09;10;11;12;14;21;22;23;26;27;28;31;32;33,gs://specindex-ai-raw-documents/specs/MAINE/3143/specbook_3143-20Specifications-20DAFS.pdf,2026-08-07,downloaded
Maine,Vertical,maine_vertical,3143,3143,,https://www.maine.gov/dafs/bgs/sites/maine.gov.dafs.bgs/files/inline-files/3143%20Addendum%201%20DAFS.pdf,3143%20Addendum%201%20DAFS.pdf,143145,,,,2026-08-07,downloaded
Maine,Vertical,maine_vertical,3143,3143,,https://www.maine.gov/dafs/bgs/sites/maine.gov.dafs.bgs/files/inline-files/3143%20Addendum%202%20DAFS.pdf,3143%20Addendum%202%20DAFS.pdf,43309425,,,,2026-08-07,downloaded
Maine,Vertical,maine_vertical,3143,3143,,https://www.maine.gov/dafs/bgs/sites/maine.gov.dafs.bgs/files/inline-files/3143%20Addendum%203%20DAFS_0.pdf,3143%20Addendum%203%20DAFS_0.pdf,42664740,CSI,01;03;04;07;08;22;23;26;27,gs://specindex-ai-raw-documents/specs/MAINE/3143/addendum_3143-20Addendum-203-20DAFS_0.pdf,2026-08-07,downloaded
Maine,Vertical,maine_vertical,3143,3143,,https://www.maine.gov/dafs/bgs/sites/maine.gov.dafs.bgs/files/inline-files/3143%20Addendum%204%20-%20221%20State%20Street%20Building%20Renovations.pdf,3143%20Addendum%204%20-%20221%20State%20Street%20Building%20Renovations.pdf,81013,,,,2026-08-07,downloaded
Maine,Vertical,maine_vertical,3143,3143,,https://www.maine.gov/dafs/bgs/sites/maine.gov.dafs.bgs/files/inline-files/3143%20Addendum%205%20DAFS.pdf,3143%20Addendum%205%20DAFS.pdf,8884974,CSI,01;27,gs://specindex-ai-raw-documents/specs/MAINE/3143/addendum_3143-20Addendum-205-20DAFS.pdf,2026-08-07,downloaded
Maine,Vertical,maine_vertical,3143,3143,,https://www.maine.gov/dafs/bgs/sites/maine.gov.dafs.bgs/files/inline-files/3143%20Addendum%206%20DAFS.pdf,3143%20Addendum%206%20DAFS.pdf,88161,,,,2026-08-07,downloaded
Maine,Vertical,maine_vertical,3143,3143,,https://www.maine.gov/dafs/bgs/sites/maine.gov.dafs.bgs/files/inline-files/3143%20Addendum%207%20DAFS_Part1.pdf,3143%20Addendum%207%20DAFS_Part1.pdf,33163974,CSI,01;26;27,gs://specindex-ai-raw-documents/specs/MAINE/3143/addendum_3143-20Addendum-207-20DAFS_Part1.pdf,2026-08-07,downloaded
Maine,Vertical,maine_vertical,3143,3143,,https://www.maine.gov/dafs/bgs/sites/maine.gov.dafs.bgs/files/inline-files/3143%20Addendum%207%20DAFS_Part2.pdf,3143%20Addendum%207%20DAFS_Part2.pdf,47810410,unreadable,,,2026-08-07,unreadable format
Maine,Vertical,maine_vertical,3143,3143,,https://www.maine.gov/dafs/bgs/sites/maine.gov.dafs.bgs/files/inline-files/3143%20Addendum%207%20DAFS_Part3.pdf,3143%20Addendum%207%20DAFS_Part3.pdf,9547225,unreadable,,,2026-08-07,unreadable format
Maine,Vertical,maine_vertical,3143,3143,,https://www.maine.gov/dafs/bgs/sites/maine.gov.dafs.bgs/files/inline-files/3143%20%20Drawings%20DAFS_0.pdf,3143%20%20Drawings%20DAFS_0.pdf,45874709,,,,2026-08-07,downloaded
Maine,Vertical,maine_vertical,3143,3143,,https://www.maine.gov/dafs/bgs/sites/maine.gov.dafs.bgs/files/inline-files/3143%20Legal%20Ad%20DAFS.pdf,3143%20Legal%20Ad%20DAFS.pdf,97650,,,,2026-08-07,downloaded
Maine,Vertical,maine_vertical,3143,3143,,https://www.maine.gov/dafs/bgs/sites/maine.gov.dafs.bgs/files/inline-files/3143%20Notice%20to%20Contractors%20DAFS_0.pdf,3143%20Notice%20to%20Contractors%20DAFS_0.pdf,528778,,,,2026-08-07,downloaded
Maine,Vertical,maine_vertical,3143,3143,,https://www.maine.gov/dafs/bgs/sites/maine.gov.dafs.bgs/files/inline-files/3143%20Prebid%20Sign%20In%20Sheet%20DAFS.pdf,3143%20Prebid%20Sign%20In%20Sheet%20DAFS.pdf,871648,unreadable,,,2026-08-07,unreadable format
Maine,Vertical,maine_vertical,3143,3143,,https://www.maine.gov/dafs/bgs/sites/maine.gov.dafs.bgs/files/inline-files/3143%20Bid%20Tabulation%20DAFS.pdf,3143%20Bid%20Tabulation%20DAFS.pdf,178463,CSI,27,gs://specindex-ai-raw-documents/specs/MAINE/3143/specbook_3143-20Bid-20Tabulation-20DAFS.pdf,2026-08-07,downloaded
Maine,Vertical,maine_vertical,3601,3601,,https://www.maine.gov/dafs/bgs/sites/maine.gov.dafs.bgs/files/inline-files/3601%20Specifications%20DACF.pdf,3601%20Specifications%20DACF.pdf,6161664,CSI,00;01;31;32;35,gs://specindex-ai-raw-documents/specs/MAINE/3601/specbook_3601-20Specifications-20DACF.pdf,2026-08-07,downloaded
Maine,Vertical,maine_vertical,3601,3601,,https://www.maine.gov/dafs/bgs/sites/maine.gov.dafs.bgs/files/inline-files/3601%20Addendum%201%20DACF_1.pdf,3601%20Addendum%201%20DACF_1.pdf,105707,,,,2026-08-07,downloaded
Maine,Vertical,maine_vertical,3601,3601,,https://www.maine.gov/dafs/bgs/sites/maine.gov.dafs.bgs/files/inline-files/3601%20Addendum%202%20DACF.pdf,3601%20Addendum%202%20DACF.pdf,1171223,,,,2026-08-07,downloaded
Maine,Vertical,maine_vertical,3601,3601,,https://www.maine.gov/dafs/bgs/sites/maine.gov.dafs.bgs/files/inline-files/3601%20Legal%20Ad%20DACF.pdf,3601%20Legal%20Ad%20DACF.pdf,111437,,,,2026-08-07,downloaded
Maine,Vertical,maine_vertical,3601,3601,,https://www.maine.gov/dafs/bgs/sites/maine.gov.dafs.bgs/files/inline-files/3601%20Notice%20to%20Contractors%20DACF.pdf,3601%20Notice%20to%20Contractors%20DACF.pdf,248952,,,,2026-08-07,downloaded
Maine,Vertical,maine_vertical,3601,3601,,https://www.maine.gov/dafs/bgs/sites/maine.gov.dafs.bgs/files/inline-files/3601%20Bid%20Tabulation.pdf,3601%20Bid%20Tabulation.pdf,181653,,,,2026-08-07,downloaded
Maine,Vertical,maine_vertical,3812,3812,,https://www.maine.gov/dafs/bgs/sites/maine.gov.dafs.bgs/files/inline-files/3812%20Specifications%20DOC.pdf,3812%20Specifications%20DOC.pdf,874130,CSI,00;01;02;07;08;09;26,gs://specindex-ai-raw-documents/specs/MAINE/3812/specbook_3812-20Specifications-20DOC.pdf,2026-08-07,downloaded
Maine,Vertical,maine_vertical,3812,3812,,https://www.maine.gov/dafs/bgs/sites/maine.gov.dafs.bgs/files/inline-files/3812%20Drawings%20DOC.pdf,3812%20Drawings%20DOC.pdf,7550168,,,,2026-08-07,downloaded
Maine,Vertical,maine_vertical,3812,3812,,https://www.maine.gov/dafs/bgs/sites/maine.gov.dafs.bgs/files/inline-files/3812%20Notice%20to%20Contractors%20DOC.pdf,3812%20Notice%20to%20Contractors%20DOC.pdf,167407,,,,2026-08-07,downloaded
Maine,Vertical,maine_vertical,3812,3812,,https://www.maine.gov/dafs/bgs/sites/maine.gov.dafs.bgs/files/inline-files/3812%20ADD%2001%20250826_LCYDC_CLNG_REPLACE.pdf,3812%20ADD%2001%20250826_LCYDC_CLNG_REPLACE.pdf,3406656,CSI,00;01;02;07;08;09;26,gs://specindex-ai-raw-documents/specs/MAINE/3812/specbook_3812-20ADD-2001-20250826_LCYDC_CLNG_REPLACE.pdf,2026-08-07,downloaded
Maine,Vertical,maine_vertical,3812,3812,,https://www.maine.gov/dafs/bgs/sites/maine.gov.dafs.bgs/files/inline-files/3812%20Bid%20Tabulation%20Form%20DOC.pdf,3812%20Bid%20Tabulation%20Form%20DOC.pdf,178570,,,,2026-08-07,downloaded
Maine,Vertical,maine_vertical,3789,3789,,https://www.maine.gov/dafs/bgs/sites/maine.gov.dafs.bgs/files/inline-files/3789%20Specifications%20DOC.pdf,3789%20Specifications%20DOC.pdf,759109,CSI,00;01;02;08;32,gs://specindex-ai-raw-documents/specs/MAINE/3789/specbook_3789-20Specifications-20DOC.pdf,2026-08-07,downloaded
Maine,Vertical,maine_vertical,3789,3789,,https://www.maine.gov/dafs/bgs/sites/maine.gov.dafs.bgs/files/inline-files/3789%20Addendum%2001%20DOC.pdf,3789%20Addendum%2001%20DOC.pdf,1698304,,,,2026-08-07,downloaded
Maine,Vertical,maine_vertical,3789,3789,,https://www.maine.gov/dafs/bgs/sites/maine.gov.dafs.bgs/files/inline-files/3789%20Drawings%20DOC.pdf,3789%20Drawings%20DOC.pdf,7719418,,,,2026-08-07,downloaded
Maine,Vertical,maine_vertical,3789,3789,,https://www.maine.gov/dafs/bgs/sites/maine.gov.dafs.bgs/files/inline-files/3789%20Notice%20to%20Contractors%20DOC.pdf,3789%20Notice%20to%20Contractors%20DOC.pdf,167792,,,,2026-08-07,downloaded
Maine,Vertical,maine_vertical,3789,3789,,https://www.maine.gov/dafs/bgs/sites/maine.gov.dafs.bgs/files/inline-files/3789%20Bid%20Tabulation%20Form%20DOC.pdf,3789%20Bid%20Tabulation%20Form%20DOC.pdf,173236,,,,2026-08-07,downloaded
Maine,Vertical,maine_vertical,3836,3836,,https://www.maine.gov/dafs/bgs/sites/maine.gov.dafs.bgs/files/inline-files/3836%20Specifications%20DACF.pdf,3836%20Specifications%20DACF.pdf,1832928,CSI,00;01;06;07;09,gs://specindex-ai-raw-documents/specs/MAINE/3836/specbook_3836-20Specifications-20DACF.pdf,2026-08-07,downloaded
Maine,Vertical,maine_vertical,3836,3836,,https://www.maine.gov/dafs/bgs/sites/maine.gov.dafs.bgs/files/inline-files/3836%20Addendum%201.pdf,3836%20Addendum%201.pdf,416340,,,,2026-08-07,downloaded
Maine,Vertical,maine_vertical,3836,3836,,https://www.maine.gov/dafs/bgs/sites/maine.gov.dafs.bgs/files/inline-files/3836%20Drawings%20DACF.pdf,3836%20Drawings%20DACF.pdf,2272953,,,,2026-08-07,downloaded
Maine,Vertical,maine_vertical,3836,3836,,https://www.maine.gov/dafs/bgs/sites/maine.gov.dafs.bgs/files/inline-files/3836%20Legal%20Ad%20DACF.pdf,3836%20Legal%20Ad%20DACF.pdf,84272,,,,2026-08-07,downloaded
Maine,Vertical,maine_vertical,3836,3836,,https://www.maine.gov/dafs/bgs/sites/maine.gov.dafs.bgs/files/inline-files/3836%20Notice%20to%20Contractors.pdf,3836%20Notice%20to%20Contractors.pdf,337126,,,,2026-08-07,downloaded
Maine,Vertical,maine_vertical,3836,3836,,https://www.maine.gov/dafs/bgs/sites/maine.gov.dafs.bgs/files/inline-files/3836%20Bid%20Results%20DACF.pdf,3836%20Bid%20Results%20DACF.pdf,200313,,,,2026-08-07,downloaded
Maine,Vertical,maine_vertical,3750,3750,,https://www.maine.gov/dafs/bgs/sites/maine.gov.dafs.bgs/files/inline-files/3750%20IFB%20Specification%20DVEM.pdf,3750%20IFB%20Specification%20DVEM.pdf,5486063,CSI,00;01;02;31;32,gs://specindex-ai-raw-documents/specs/MAINE/3750/specbook_3750-20IFB-20Specification-20DVEM.pdf,2026-08-07,downloaded
Maine,Vertical,maine_vertical,3750,3750,,https://www.maine.gov/dafs/bgs/sites/maine.gov.dafs.bgs/files/inline-files/3750%20Drawings%20DVEM.pdf,3750%20Drawings%20DVEM.pdf,26015399,,,,2026-08-07,downloaded
Maine,Vertical,maine_vertical,3750,3750,,https://www.maine.gov/dafs/bgs/sites/maine.gov.dafs.bgs/files/inline-files/3750%20Legal%20Ad%20DVEM.pdf,3750%20Legal%20Ad%20DVEM.pdf,116462,,,,2026-08-07,downloaded
Maine,Vertical,maine_vertical,3750,3750,,https://www.maine.gov/dafs/bgs/sites/maine.gov.dafs.bgs/files/inline-files/3750%20Notice%20to%20Contractors%20DVEM.pdf,3750%20Notice%20to%20Contractors%20DVEM.pdf,292794,,,,2026-08-07,downloaded
Maine,Vertical,maine_vertical,3750,3750,,https://www.maine.gov/dafs/bgs/sites/maine.gov.dafs.bgs/files/inline-files/3750%20Bid%20Tabulation%20DVEM.pdf,3750%20Bid%20Tabulation%20DVEM.pdf,171132,,,,2026-08-07,downloaded
Maine,Vertical,maine_vertical,3381,3381,,https://www.maine.gov/dafs/bgs/sites/maine.gov.dafs.bgs/files/inline-files/3381%20Specifications%20DAFS.pdf,3381%20Specifications%20DAFS.pdf,1809899,CSI,00;01;02;03;04;05;06;32;33,gs://specindex-ai-raw-documents/specs/MAINE/3381/specbook_3381-20Specifications-20DAFS.pdf,2026-08-07,downloaded
Maine,Vertical,maine_vertical,3381,3381,,https://www.maine.gov/dafs/bgs/sites/maine.gov.dafs.bgs/files/inline-files/3381%20Addendum%201%20Roof%20Area%20B.pdf,3381%20Addendum%201%20Roof%20Area%20B.pdf,364635,,,,2026-08-07,downloaded
Maine,Vertical,maine_vertical,3381,3381,,https://www.maine.gov/dafs/bgs/sites/maine.gov.dafs.bgs/files/inline-files/3381%20Addendum%202%20Roof%20Area%20B.pdf,3381%20Addendum%202%20Roof%20Area%20B.pdf,177760,,,,2026-08-07,downloaded
Maine,Vertical,maine_vertical,3381,3381,,https://www.maine.gov/dafs/bgs/sites/maine.gov.dafs.bgs/files/inline-files/3381%20Drawings%20DAFS.pdf,3381%20Drawings%20DAFS.pdf,2168465,,,,2026-08-07,downloaded
Maine,Vertical,maine_vertical,3381,3381,,https://www.maine.gov/dafs/bgs/sites/maine.gov.dafs.bgs/files/inline-files/3381%20Legal%20Ad%20DAFS.pdf,3381%20Legal%20Ad%20DAFS.pdf,120038,,,,2026-08-07,downloaded
Maine,Vertical,maine_vertical,3381,3381,,https://www.maine.gov/dafs/bgs/sites/maine.gov.dafs.bgs/files/inline-files/3381%20Notice%20to%20Contractors%20DAFS.pdf,3381%20Notice%20to%20Contractors%20DAFS.pdf,475188,,,,2026-08-07,downloaded
Maine,Vertical,maine_vertical,3381,3381,,https://www.maine.gov/dafs/bgs/sites/maine.gov.dafs.bgs/files/inline-files/3381%20Bid%20Tabulation.pdf,3381%20Bid%20Tabulation.pdf,168575,,,,2026-08-07,downloaded
Maine,Vertical,maine_vertical,,YSD,,https://www.maine.gov/dafs/bgs/sites/maine.gov.dafs.bgs/files/inline-files/YSD%20Specifications%20Village%20Elementary.pdf,YSD%20Specifications%20Village%20Elementary.pdf,11842809,CSI,31,gs://specindex-ai-raw-documents/specs/MAINE/unknown/specbook_YSD-20Specifications-20Village-20Elementary.pdf,2026-08-07,downloaded
Maine,Vertical,maine_vertical,,YSD,,https://www.maine.gov/dafs/bgs/sites/maine.gov.dafs.bgs/files/inline-files/YSD%20Drawings%20Village%20Elementary.pdf,YSD%20Drawings%20Village%20Elementary.pdf,7273970,,,,2026-08-07,downloaded
Maine,Vertical,maine_vertical,,YSD,,https://www.maine.gov/dafs/bgs/sites/maine.gov.dafs.bgs/files/inline-files/YSD%20Notice%20to%20contractors%20Village%20Elementary.pdf,YSD%20Notice%20to%20contractors%20Village%20Elementary.pdf,79815,,,,2026-08-07,downloaded
Maine,Vertical,maine_vertical,,YSD,,https://www.maine.gov/dafs/bgs/sites/maine.gov.dafs.bgs/files/inline-files/YSD%20Bid%20Form%20Village%20Elementary.pdf,YSD%20Bid%20Form%20Village%20Elementary.pdf,76011,,,,2026-08-07,downloaded
Maine,Vertical,maine_vertical,,YMS-Window,,https://www.maine.gov/dafs/bgs/sites/maine.gov.dafs.bgs/files/inline-files/YMS-Window%20Specifications.pdf,YMS-Window%20Specifications.pdf,1423914,CSI,00;01;02;03;07;08,gs://specindex-ai-raw-documents/specs/MAINE/unknown/specbook_YMS-Window-20Specifications.pdf,2026-08-07,downloaded
Maine,Vertical,maine_vertical,,YMS-Window,,https://www.maine.gov/dafs/bgs/sites/maine.gov.dafs.bgs/files/inline-files/YMS-Window%20Drawings.pdf,YMS-Window%20Drawings.pdf,7859032,,,,2026-08-07,downloaded
Maine,Vertical,maine_vertical,3709,3709,,https://www.maine.gov/dafs/bgs/sites/maine.gov.dafs.bgs/files/inline-files/3709%20Addendum%201%20DOC.pdf,3709%20Addendum%201%20DOC.pdf,503874,,,,2026-08-07,downloaded
Maine,Vertical,maine_vertical,3709,3709,,https://www.maine.gov/dafs/bgs/sites/maine.gov.dafs.bgs/files/inline-files/3709%20Addendum%202%20DOC.pdf,3709%20Addendum%202%20DOC.pdf,368193,,,,2026-08-07,downloaded
Maine,Vertical,maine_vertical,3709,3709,,https://www.maine.gov/dafs/bgs/sites/maine.gov.dafs.bgs/files/inline-files/3709%20Addendum%203.pdf,3709%20Addendum%203.pdf,122885,,,,2026-08-07,downloaded
Maine,Vertical,maine_vertical,3709,3709,,https://www.maine.gov/dafs/bgs/sites/maine.gov.dafs.bgs/files/inline-files/3709%20Drawings%20DOC_Part1.pdf,3709%20Drawings%20DOC_Part1.pdf,52382706,,,,2026-08-07,downloaded
Maine,Vertical,maine_vertical,3709,3709,,https://www.maine.gov/dafs/bgs/sites/maine.gov.dafs.bgs/files/inline-files/3709%20Drawings%20DOC_Part2.pdf,3709%20Drawings%20DOC_Part2.pdf,45716177,,,,2026-08-07,downloaded
Maine,Vertical,maine_vertical,3709,3709,,https://www.maine.gov/dafs/bgs/sites/maine.gov.dafs.bgs/files/inline-files/3709%20Legal%20Ad%20DOC.pdf,3709%20Legal%20Ad%20DOC.pdf,97272,,,,2026-08-07,downloaded
Maine,Vertical,maine_vertical,3709,3709,,https://www.maine.gov/dafs/bgs/sites/maine.gov.dafs.bgs/files/inline-files/3709%20Notice%20to%20Contractors%20DOC_0.pdf,3709%20Notice%20to%20Contractors%20DOC_0.pdf,241268,,,,2026-08-07,downloaded
Maine,Vertical,maine_vertical,3709,3709,,https://www.maine.gov/dafs/bgs/sites/maine.gov.dafs.bgs/files/inline-files/3709%20Bid%20Form%20DOC.pdf,3709%20Bid%20Form%20DOC.pdf,177520,,,,2026-08-07,downloaded
Maine,Vertical,maine_vertical,3857,3857,,https://www.maine.gov/dafs/bgs/sites/maine.gov.dafs.bgs/files/inline-files/3857%20Addendum%201%20NMCC.pdf,3857%20Addendum%201%20NMCC.pdf,450684,unreadable,,,2026-08-07,unreadable format
Maine,Vertical,maine_vertical,3857,3857,,https://www.maine.gov/dafs/bgs/sites/maine.gov.dafs.bgs/files/inline-files/3857%20Addendum%202%20NMCC.pdf,3857%20Addendum%202%20NMCC.pdf,247208,unreadable,,,2026-08-07,unreadable format
Maine,Vertical,maine_vertical,3857,3857,,https://www.maine.gov/dafs/bgs/sites/maine.gov.dafs.bgs/files/inline-files/3857%20Legal%20Ad%20MCCS%20NMCC.pdf,3857%20Legal%20Ad%20MCCS%20NMCC.pdf,105628,,,,2026-08-07,downloaded
Maine,Vertical,maine_vertical,3857,3857,,https://www.maine.gov/dafs/bgs/sites/maine.gov.dafs.bgs/files/inline-files/3857%20Notice%20to%20Contractors%20MCCS.pdf,3857%20Notice%20to%20Contractors%20MCCS.pdf,1840571,unreadable,,,2026-08-07,unreadable format
Maine,Vertical,maine_vertical,3857,3857,,https://www.maine.gov/dafs/bgs/sites/maine.gov.dafs.bgs/files/inline-files/3857%20Bid%20tabulation%20NMCC.pdf,3857%20Bid%20tabulation%20NMCC.pdf,211266,,,,2026-08-07,downloaded
Maine,Vertical,maine_vertical,3722,3722,,https://www.maine.gov/dafs/bgs/sites/maine.gov.dafs.bgs/files/inline-files/3722%20Addendum%202%20MCCS%20KVCC.pdf,3722%20Addendum%202%20MCCS%20KVCC.pdf,1600240,,,,2026-08-07,downloaded
Maine,Vertical,maine_vertical,3722,3722,,https://www.maine.gov/dafs/bgs/sites/maine.gov.dafs.bgs/files/inline-files/3722%20Legal%20Ad%20KVCC.pdf,3722%20Legal%20Ad%20KVCC.pdf,10100,,,,2026-08-07,downloaded
Maine,Vertical,maine_vertical,3722,3722,,https://www.maine.gov/dafs/bgs/sites/maine.gov.dafs.bgs/files/inline-files/3722%20Notice%20to%20Contractors%20KVCC_0.pdf,3722%20Notice%20to%20Contractors%20KVCC_0.pdf,221992,,,,2026-08-07,downloaded
Maine,Vertical,maine_vertical,3722,3722,,https://www.maine.gov/dafs/bgs/sites/maine.gov.dafs.bgs/files/inline-files/3722%20Bid%20Tabulation%20Form.pdf,3722%20Bid%20Tabulation%20Form.pdf,181805,,,,2026-08-07,downloaded
Maine,Vertical,maine_vertical,3772,3772,,https://www.maine.gov/dafs/bgs/sites/maine.gov.dafs.bgs/files/inline-files/3772%20Addendum%201%20MCCS.pdf,3772%20Addendum%201%20MCCS.pdf,145983,,,,2026-08-07,downloaded
Maine,Vertical,maine_vertical,3679,3679,,https://www.maine.gov/dafs/bgs/sites/maine.gov.dafs.bgs/files/inline-files/3679%20Addendum%201%20WCCC.pdf,3679%20Addendum%201%20WCCC.pdf,151460,,,,2026-08-07,downloaded
Maine,Vertical,maine_vertical,3679,3679,,https://www.maine.gov/dafs/bgs/sites/maine.gov.dafs.bgs/files/inline-files/3679%20Notice%20to%20Contractors%20WCCC%20Residence%20Hall.pdf,3679%20Notice%20to%20Contractors%20WCCC%20Residence%20Hall.pdf,186979,,,,2026-08-07,downloaded
Maine,Vertical,maine_vertical,3310,3310,,https://www.maine.gov/dafs/bgs/sites/maine.gov.dafs.bgs/files/inline-files/3310%20Addendum%201%20DVEM%20Waterville.pdf,3310%20Addendum%201%20DVEM%20Waterville.pdf,498650,CSI,03,gs://specindex-ai-raw-documents/specs/MAINE/3310/addendum_3310-20Addendum-201-20DVEM-20Waterville.pdf,2026-08-07,downloaded
Maine,Vertical,maine_vertical,3310,3310,,https://www.maine.gov/dafs/bgs/sites/maine.gov.dafs.bgs/files/inline-files/3310%20Addendum%202%20DVEM%20Waterville.pdf,3310%20Addendum%202%20DVEM%20Waterville.pdf,767747,,,,2026-08-07,downloaded
Maine,Vertical,maine_vertical,3310,3310,,https://www.maine.gov/dafs/bgs/sites/maine.gov.dafs.bgs/files/inline-files/3310%20Legal%20Ad%20DVEM%20Waterville.pdf,3310%20Legal%20Ad%20DVEM%20Waterville.pdf,280543,,,,2026-08-07,downloaded
Maine,Vertical,maine_vertical,3310,3310,,https://www.maine.gov/dafs/bgs/sites/maine.gov.dafs.bgs/files/inline-files/3310%20Notice%20To%20Contractors%20DVEM%20Waterville.pdf,3310%20Notice%20To%20Contractors%20DVEM%20Waterville.pdf,548107,,,,2026-08-07,downloaded
Maine,Vertical,maine_vertical,3310,3310,,https://www.maine.gov/dafs/bgs/sites/maine.gov.dafs.bgs/files/inline-files/3310%20Bid%20Tab%20DVEM%20Waterville_0.pdf,3310%20Bid%20Tab%20DVEM%20Waterville_0.pdf,46866,,,,2026-08-07,downloaded
Maine,Vertical,maine_vertical,3683,3683,,https://www.maine.gov/dafs/bgs/sites/maine.gov.dafs.bgs/files/inline-files/3683%20ADDENDUM%201%20COMBINED%20DMR%20Boothbay.pdf,3683%20ADDENDUM%201%20COMBINED%20DMR%20Boothbay.pdf,8473251,CSI,01,gs://specindex-ai-raw-documents/specs/MAINE/3683/addendum_3683-20ADDENDUM-201-20COMBINED-20DMR-20Boothbay.pdf,2026-08-07,downloaded
Maine,Vertical,maine_vertical,3683,3683,,https://www.maine.gov/dafs/bgs/sites/maine.gov.dafs.bgs/files/inline-files/3683%20Legal%20Ad%20DMR%20Parking.pdf,3683%20Legal%20Ad%20DMR%20Parking.pdf,51448,,,,2026-08-07,downloaded
Maine,Vertical,maine_vertical,3683,3683,,https://www.maine.gov/dafs/bgs/sites/maine.gov.dafs.bgs/files/inline-files/3683%20Notice%20to%20Contractors%20DMR%20Boothbay%20Parking.pdf,3683%20Notice%20to%20Contractors%20DMR%20Boothbay%20Parking.pdf,20723,,,,2026-08-07,downloaded
Maine,Vertical,maine_vertical,3683,3683,,https://www.maine.gov/dafs/bgs/sites/maine.gov.dafs.bgs/files/inline-files/3683%20Notice%20of%20Electronic%20Plans%20%26%20Specs.pdf,3683%20Notice%20of%20Electronic%20Plans%20%26%20Specs.pdf,154935,,,,2026-08-07,downloaded
Maine,Vertical,maine_vertical,3683,3683,,https://www.maine.gov/dafs/bgs/sites/maine.gov.dafs.bgs/files/inline-files/3683%20Bid%20Tabulation%20DMR.pdf,3683%20Bid%20Tabulation%20DMR.pdf,37513,,,,2026-08-07,downloaded
Maine,Vertical,maine_vertical,,Addendum,,https://www.maine.gov/dafs/bgs/sites/maine.gov.dafs.bgs/files/inline-files/Addendum%201%20Yarmouth%20Pump%20Toilet.pdf,Addendum%201%20Yarmouth%20Pump%20Toilet.pdf,174049,CSI,01;26;31;32;33,gs://specindex-ai-raw-documents/specs/MAINE/unknown/addendum_Addendum-201-20Yarmouth-20Pump-20Toilet.pdf,2026-08-07,downloaded
Maine,Vertical,maine_vertical,,Addendum,,https://www.maine.gov/dafs/bgs/sites/maine.gov.dafs.bgs/files/inline-files/Addendum%201%20YHS%20Science%20Classroom.pdf,Addendum%201%20YHS%20Science%20Classroom.pdf,2699920,CSI,00;01;02;03;06;07;08;09;10;11;12;21;22;23;24;26;27;28;31,gs://specindex-ai-raw-documents/specs/MAINE/unknown/addendum_Addendum-201-20YHS-20Science-20Classroom.pdf,2026-08-07,downloaded
Maine,Vertical,maine_vertical,3305,3305,,https://www.maine.gov/dafs/bgs/sites/maine.gov.dafs.bgs/files/inline-files/3305%20Addendum%20%231%20DHHS%20RPC.pdf,3305%20Addendum%20%231%20DHHS%20RPC.pdf,2260201,CSI,26,gs://specindex-ai-raw-documents/specs/MAINE/3305/addendum_3305-20Addendum-20-231-20DHHS-20RPC.pdf,2026-08-07,downloaded
Maine,Vertical,maine_vertical,3305,3305,,https://www.maine.gov/dafs/bgs/sites/maine.gov.dafs.bgs/files/inline-files/3305%20Addendum%20%232%20DHHS%20RPC.pdf,3305%20Addendum%20%232%20DHHS%20RPC.pdf,91472,,,,2026-08-07,downloaded
Maine,Vertical,maine_vertical,3305,3305,,https://www.maine.gov/dafs/bgs/sites/maine.gov.dafs.bgs/files/inline-files/3305%20Addendum%20%233%2014%20Dec%2023.pdf,3305%20Addendum%20%233%2014%20Dec%2023.pdf,77916,,,,2026-08-07,downloaded
Maine,Vertical,maine_vertical,3305,3305,,https://www.maine.gov/dafs/bgs/sites/maine.gov.dafs.bgs/files/inline-files/3305%20Addendum%20%234%20RPC%20.pdf,3305%20Addendum%20%234%20RPC%20.pdf,76878,,,,2026-08-07,downloaded
Maine,Vertical,maine_vertical,3305,3305,,https://www.maine.gov/dafs/bgs/sites/maine.gov.dafs.bgs/files/inline-files/3305%20Addendum%205%20RPC.pdf,3305%20Addendum%205%20RPC.pdf,316059,CSI,01;26;27;28,gs://specindex-ai-raw-documents/specs/MAINE/3305/addendum_3305-20Addendum-205-20RPC.pdf,2026-08-07,downloaded
Maine,Vertical,maine_vertical,3305,3305,,https://www.maine.gov/dafs/bgs/sites/maine.gov.dafs.bgs/files/inline-files/3305%20Addendum%206%20RPC%20.pdf,3305%20Addendum%206%20RPC%20.pdf,109422,,,,2026-08-07,downloaded
Maine,Vertical,maine_vertical,3305,3305,,https://www.maine.gov/dafs/bgs/sites/maine.gov.dafs.bgs/files/inline-files/3305%20Addendum%207%20RPC.pdf,3305%20Addendum%207%20RPC.pdf,5108309,CSI,26,gs://specindex-ai-raw-documents/specs/MAINE/3305/addendum_3305-20Addendum-207-20RPC.pdf,2026-08-07,downloaded
Maine,Vertical,maine_vertical,3305,3305,,https://www.maine.gov/dafs/bgs/sites/maine.gov.dafs.bgs/files/inline-files/3305%20Addendum%20%238.pdf,3305%20Addendum%20%238.pdf,79020,,,,2026-08-07,downloaded
Maine,Vertical,maine_vertical,3305,3305,,https://www.maine.gov/dafs/bgs/sites/maine.gov.dafs.bgs/files/inline-files/3305%20IFB%20Drawings%20DHHS%20RPC.pdf,3305%20IFB%20Drawings%20DHHS%20RPC.pdf,6413425,CSI,26,gs://specindex-ai-raw-documents/specs/MAINE/3305/drawings_3305-20IFB-20Drawings-20DHHS-20RPC.pdf,2026-08-07,downloaded
Maine,Vertical,maine_vertical,3305,3305,,https://www.maine.gov/dafs/bgs/sites/maine.gov.dafs.bgs/files/inline-files/3305%20Legal%20Ad%20DHHS%20RPC.pdf,3305%20Legal%20Ad%20DHHS%20RPC.pdf,28112,,,,2026-08-07,downloaded
Maine,Vertical,maine_vertical,3305,3305,,https://www.maine.gov/dafs/bgs/sites/maine.gov.dafs.bgs/files/inline-files/3305%20Notice%20to%20Contractors%20DHHS%20RPC.pdf,3305%20Notice%20to%20Contractors%20DHHS%20RPC.pdf,20142,,,,2026-08-07,downloaded
Maine,Vertical,maine_vertical,3305,3305,,https://www.maine.gov/dafs/bgs/sites/maine.gov.dafs.bgs/files/inline-files/3305%20IFB%20Specs%20DHHS%20RPC.pdf,3305%20IFB%20Specs%20DHHS%20RPC.pdf,2062704,CSI,00;01;02;07;26;28,gs://specindex-ai-raw-documents/specs/MAINE/3305/specbook_3305-20IFB-20Specs-20DHHS-20RPC.pdf,2026-08-07,downloaded
Maine,Vertical,maine_vertical,3305,3305,,https://www.maine.gov/dafs/bgs/sites/maine.gov.dafs.bgs/files/inline-files/3305%20Bid%20Tab%20RPC%20Security%20and%20Access%20Control.pdf,3305%20Bid%20Tab%20RPC%20Security%20and%20Access%20Control.pdf,33440,,,,2026-08-07,downloaded
Maine,Vertical,maine_vertical,,Drawings,,https://www.maine.gov/dafs/bgs/sites/maine.gov.dafs.bgs/files/inline-files/Drawings_MSAD75_Bowdoin.pdf,Drawings_MSAD75_Bowdoin.pdf,1991924,CSI,01;09;21;26,gs://specindex-ai-raw-documents/specs/MAINE/unknown/drawings_Drawings_MSAD75_Bowdoin.pdf,2026-08-07,downloaded
Maine,Vertical,maine_vertical,,Drawings,,https://www.maine.gov/dafs/bgs/sites/maine.gov.dafs.bgs/files/inline-files/Drawings%20Yarmouth%20Pump%20Station.pdf,Drawings%20Yarmouth%20Pump%20Station.pdf,5978075,CSI,01,gs://specindex-ai-raw-documents/specs/MAINE/unknown/drawings_Drawings-20Yarmouth-20Pump-20Station.pdf,2026-08-07,downloaded
Maine,Vertical,maine_vertical,,Drawings,,https://www.maine.gov/dafs/bgs/sites/maine.gov.dafs.bgs/files/inline-files/Drawings%20YHS%20Science%20Classroom.pdf,Drawings%20YHS%20Science%20Classroom.pdf,9112334,CSI,09,gs://specindex-ai-raw-documents/specs/MAINE/unknown/drawings_Drawings-20YHS-20Science-20Classroom.pdf,2026-08-07,downloaded
Maine,Vertical,maine_vertical,,CAPE-E,,https://www.maine.gov/dafs/bgs/sites/maine.gov.dafs.bgs/files/inline-files/CAPE-E%20GCPQ%20Ad%20-%20short.pdf,CAPE-E%20GCPQ%20Ad%20-%20short.pdf,138807,,,,2026-08-07,downloaded
Maine,Vertical,maine_vertical,,CAPE-E,,https://www.maine.gov/dafs/bgs/sites/maine.gov.dafs.bgs/files/inline-files/CAPE-E%20GCPQ%20Notice%20-%20long.pdf,CAPE-E%20GCPQ%20Notice%20-%20long.pdf,90098,,,,2026-08-07,downloaded
Maine,Vertical,maine_vertical,,CAPE-E,,https://www.maine.gov/dafs/bgs/sites/maine.gov.dafs.bgs/files/inline-files/CAPE-E%20Pre%20Qual%20Package-Final.pdf,CAPE-E%20Pre%20Qual%20Package-Final.pdf,231772,,,,2026-08-07,downloaded
Maine,Vertical,maine_vertical,,Yarmouth,,https://www.maine.gov/dafs/bgs/sites/maine.gov.dafs.bgs/files/inline-files/Yarmouth_Legal_Ad.pdf,Yarmouth_Legal_Ad.pdf,107586,,,,2026-08-07,downloaded
Maine,Vertical,maine_vertical,,Yarmouth,,https://www.maine.gov/dafs/bgs/sites/maine.gov.dafs.bgs/files/inline-files/Yarmouth_Notice_to_Contractors.pdf,Yarmouth_Notice_to_Contractors.pdf,135385,,,,2026-08-07,downloaded
Maine,Vertical,maine_vertical,,Yarmouth,,https://www.maine.gov/dafs/bgs/sites/maine.gov.dafs.bgs/files/inline-files/Yarmouth_Bid_Form.pdf,Yarmouth_Bid_Form.pdf,141171,,,,2026-08-07,downloaded
Maine,Vertical,maine_vertical,,Yarmouth,,https://www.maine.gov/dafs/bgs/sites/maine.gov.dafs.bgs/files/inline-files/Yarmouth_Paving_Map.pdf,Yarmouth_Paving_Map.pdf,1156583,unreadable,,,2026-08-07,unreadable format
Maine,Vertical,maine_vertical,,Yarmouth,,https://www.maine.gov/dafs/bgs/sites/maine.gov.dafs.bgs/files/inline-files/Yarmouth%20Toilet%20Bid%20Results%202024-03-20.pdf,Yarmouth%20Toilet%20Bid%20Results%202024-03-20.pdf,10430215,unreadable,,,2026-08-07,unreadable format
Maine,Vertical,maine_vertical,,Bid,,https://www.maine.gov/dafs/bgs/sites/maine.gov.dafs.bgs/files/inline-files/Bid_tabulation_Yarmouth.pdf,Bid_tabulation_Yarmouth.pdf,735223,unreadable,,,2026-08-07,unreadable format
Maine,Vertical,maine_vertical,,Bid,,https://www.maine.gov/dafs/bgs/sites/maine.gov.dafs.bgs/files/inline-files/Bid_Tabulation_MSAD_54_0.pdf,Bid_Tabulation_MSAD_54_0.pdf,86966,,,,2026-08-07,downloaded
Maine,Vertical,maine_vertical,,Bid,,https://www.maine.gov/dafs/bgs/sites/maine.gov.dafs.bgs/files/inline-files/Bid%20Tabulation%20Saco%20ESPS.pdf,Bid%20Tabulation%20Saco%20ESPS.pdf,45400,,,,2026-08-07,downloaded
Maine,Vertical,maine_vertical,,Legal,,https://www.maine.gov/dafs/bgs/sites/maine.gov.dafs.bgs/files/inline-files/Legal_Ad_CESD_Early_Site.pdf,Legal_Ad_CESD_Early_Site.pdf,73724,,,,2026-08-07,downloaded
Maine,Vertical,maine_vertical,,Legal,,https://www.maine.gov/dafs/bgs/sites/maine.gov.dafs.bgs/files/inline-files/Legal_Ad_CESD_Construction.pdf,Legal_Ad_CESD_Construction.pdf,74922,,,,2026-08-07,downloaded
Maine,Vertical,maine_vertical,,Legal,,https://www.maine.gov/dafs/bgs/sites/maine.gov.dafs.bgs/files/inline-files/Legal_Ad_MSAD_51_Greeley.pdf,Legal_Ad_MSAD_51_Greeley.pdf,73930,,,,2026-08-07,downloaded
Maine,Vertical,maine_vertical,,Legal,,https://www.maine.gov/dafs/bgs/sites/maine.gov.dafs.bgs/files/inline-files/Legal_Ad_MSAD_54.pdf,Legal_Ad_MSAD_54.pdf,85113,,,,2026-08-07,downloaded
Maine,Vertical,maine_vertical,,Legal,,https://www.maine.gov/dafs/bgs/sites/maine.gov.dafs.bgs/files/inline-files/Legal%20Ad%20Yarmouth%20Pump%20Station.pdf,Legal%20Ad%20Yarmouth%20Pump%20Station.pdf,87717,,,,2026-08-07,downloaded
Maine,Vertical,maine_vertical,,Legal,,https://www.maine.gov/dafs/bgs/sites/maine.gov.dafs.bgs/files/inline-files/Legal_Ad_Phillips_0.pdf,Legal_Ad_Phillips_0.pdf,73315,,,,2026-08-07,downloaded
Maine,Vertical,maine_vertical,,Legal,,https://www.maine.gov/dafs/bgs/sites/maine.gov.dafs.bgs/files/inline-files/Legal%20Ad%20Saco%20Commissioning.pdf,Legal%20Ad%20Saco%20Commissioning.pdf,23045,,,,2026-08-07,downloaded
Maine,Vertical,maine_vertical,,Legal,,https://www.maine.gov/dafs/bgs/sites/maine.gov.dafs.bgs/files/inline-files/Legal%20Ad%20RSU%201.pdf,Legal%20Ad%20RSU%201.pdf,8122,,,,2026-08-07,downloaded
Maine,Vertical,maine_vertical,,Legal,,https://www.maine.gov/dafs/bgs/sites/maine.gov.dafs.bgs/files/inline-files/Legal%20AD%20Saco%20OR.pdf,Legal%20AD%20Saco%20OR.pdf,21922,,,,2026-08-07,downloaded
Maine,Vertical,maine_vertical,,Legal,,https://www.maine.gov/dafs/bgs/sites/maine.gov.dafs.bgs/files/inline-files/Legal%20Ad%20Bar%20Harbor.pdf,Legal%20Ad%20Bar%20Harbor.pdf,62750,,,,2026-08-07,downloaded
Maine,Vertical,maine_vertical,,Notice,,https://www.maine.gov/dafs/bgs/sites/maine.gov.dafs.bgs/files/inline-files/Notice_to_Contractors_CESD_Early_Site.pdf,Notice_to_Contractors_CESD_Early_Site.pdf,267601,,,,2026-08-07,downloaded
Maine,Vertical,maine_vertical,,Notice,,https://www.maine.gov/dafs/bgs/sites/maine.gov.dafs.bgs/files/inline-files/Notice_to_Contractors_CESD_Construction.pdf,Notice_to_Contractors_CESD_Construction.pdf,201141,,,,2026-08-07,downloaded
Maine,Vertical,maine_vertical,,Notice,,https://www.maine.gov/dafs/bgs/sites/maine.gov.dafs.bgs/files/inline-files/Notice_to_Contractors_MSAD75_Bowdoin.pdf,Notice_to_Contractors_MSAD75_Bowdoin.pdf,185602,,,,2026-08-07,downloaded
Maine,Vertical,maine_vertical,,Notice,,https://www.maine.gov/dafs/bgs/sites/maine.gov.dafs.bgs/files/inline-files/Notice_to_Contractors_MSAD_51_Greely.pdf,Notice_to_Contractors_MSAD_51_Greely.pdf,263285,,,,2026-08-07,downloaded
Maine,Vertical,maine_vertical,,Notice,,https://www.maine.gov/dafs/bgs/sites/maine.gov.dafs.bgs/files/inline-files/Notice_to_Contractors_MSAD_54.pdf,Notice_to_Contractors_MSAD_54.pdf,279762,,,,2026-08-07,downloaded
Maine,Vertical,maine_vertical,,Notice,,https://www.maine.gov/dafs/bgs/sites/maine.gov.dafs.bgs/files/inline-files/Notice%20to%20Contractors%20and%20Subcontractors%20Saco%20Rev._0.pdf,Notice%20to%20Contractors%20and%20Subcontractors%20Saco%20Rev._0.pdf,198387,,,,2026-08-07,downloaded
Maine,Vertical,maine_vertical,,Notice,,https://www.maine.gov/dafs/bgs/sites/maine.gov.dafs.bgs/files/inline-files/Notice%20to%20Contractors%20and%20Subcontractors%20Saco.pdf,Notice%20to%20Contractors%20and%20Subcontractors%20Saco.pdf,235186,,,,2026-08-07,downloaded
Maine,Vertical,maine_vertical,,Notice,,https://www.maine.gov/dafs/bgs/sites/maine.gov.dafs.bgs/files/inline-files/Notice%20to%20Contractors%20AOS%2098%20Boothbay%20Sprinkler.pdf,Notice%20to%20Contractors%20AOS%2098%20Boothbay%20Sprinkler.pdf,180744,,,,2026-08-07,downloaded
Maine,Vertical,maine_vertical,,Notice,,https://www.maine.gov/dafs/bgs/sites/maine.gov.dafs.bgs/files/inline-files/Notice%20to%20Contractors%20AOS%2098%20Boothbay.pdf,Notice%20to%20Contractors%20AOS%2098%20Boothbay.pdf,112105,,,,2026-08-07,downloaded
Maine,Vertical,maine_vertical,,Notice,,https://www.maine.gov/dafs/bgs/sites/maine.gov.dafs.bgs/files/inline-files/Notice%20to%20Contractors%20AOS%2091%20Bar%20Harbor_0.pdf,Notice%20to%20Contractors%20AOS%2091%20Bar%20Harbor_0.pdf,77899,,,,2026-08-07,downloaded
Maine,Vertical,maine_vertical,,Notice,,https://www.maine.gov/dafs/bgs/sites/maine.gov.dafs.bgs/files/inline-files/Notice%20to%20Contractors%20OOB%20roof.pdf,Notice%20to%20Contractors%20OOB%20roof.pdf,129817,,,,2026-08-07,downloaded
Maine,Vertical,maine_vertical,,Notice,,https://www.maine.gov/dafs/bgs/sites/maine.gov.dafs.bgs/files/inline-files/Notice%20to%20Contractors%20Region%209%20Culinary%20Bldg.pdf,Notice%20to%20Contractors%20Region%209%20Culinary%20Bldg.pdf,13923,,,,2026-08-07,downloaded
Maine,Vertical,maine_vertical,,Notice,,https://www.maine.gov/dafs/bgs/sites/maine.gov.dafs.bgs/files/inline-files/Notice%20to%20Contractors%20Yaarmouth%20Pump%20Station.pdf,Notice%20to%20Contractors%20Yaarmouth%20Pump%20Station.pdf,189184,,,,2026-08-07,downloaded
Maine,Vertical,maine_vertical,,Notice,,https://www.maine.gov/dafs/bgs/sites/maine.gov.dafs.bgs/files/inline-files/Notice%20to%20Contractors%20YHS%20Science%20Classroom.pdf,Notice%20to%20Contractors%20YHS%20Science%20Classroom.pdf,113632,,,,2026-08-07,downloaded
Maine,Vertical,maine_vertical,,Notice,,https://www.maine.gov/dafs/bgs/sites/maine.gov.dafs.bgs/files/inline-files/Notice_to_Contractors_Yarmouth.pdf,Notice_to_Contractors_Yarmouth.pdf,156151,,,,2026-08-07,downloaded
Maine,Vertical,maine_vertical,,MSAD,,https://www.maine.gov/dafs/bgs/sites/maine.gov.dafs.bgs/files/inline-files/MSAD%2049%20Notice%20to%20Contractors%20Network.pdf,MSAD%2049%20Notice%20to%20Contractors%20Network.pdf,1559498,CSI,01,gs://specindex-ai-raw-documents/specs/MAINE/unknown/specbook_MSAD-2049-20Notice-20to-20Contractors-20Network.pdf,2026-08-07,downloaded
Maine,Vertical,maine_vertical,,MSAD,,https://www.maine.gov/dafs/bgs/sites/maine.gov.dafs.bgs/files/inline-files/MSAD%2051%20Notice%20to%20Contractors%20Cumberland.pdf,MSAD%2051%20Notice%20to%20Contractors%20Cumberland.pdf,274662,,,,2026-08-07,downloaded
Maine,Vertical,maine_vertical,,MSAD,,https://www.maine.gov/dafs/bgs/sites/maine.gov.dafs.bgs/files/inline-files/MSAD%2051%20Bid%20Tabulation%20Sheet.pdf,MSAD%2051%20Bid%20Tabulation%20Sheet.pdf,88784,,,,2026-08-07,downloaded
Maine,Vertical,maine_vertical,,MSAD,,https://www.maine.gov/dafs/bgs/sites/maine.gov.dafs.bgs/files/inline-files/MSAD%2051%20Legal%20Ad.pdf,MSAD%2051%20Legal%20Ad.pdf,64905,,,,2026-08-07,downloaded
Maine,Vertical,maine_vertical,,MSAD,,https://www.maine.gov/dafs/bgs/sites/maine.gov.dafs.bgs/files/inline-files/MSAD%2051%20Notice%20to%20Contractors.pdf,MSAD%2051%20Notice%20to%20Contractors.pdf,300423,unreadable,,,2026-08-07,unreadable format
Maine,Vertical,maine_vertical,,MSAD,,https://www.maine.gov/dafs/bgs/sites/maine.gov.dafs.bgs/files/inline-files/MSAD%2051%20Notice%20to%20Contractors%20Greely%20HS%20Turf.pdf,MSAD%2051%20Notice%20to%20Contractors%20Greely%20HS%20Turf.pdf,279169,,,,2026-08-07,downloaded
Maine,Vertical,maine_vertical,,MSAD,,https://www.maine.gov/dafs/bgs/sites/maine.gov.dafs.bgs/files/inline-files/MSAD%20Notice%20to%20Contractors.pdf,MSAD%20Notice%20to%20Contractors.pdf,22660,,,,2026-08-07,downloaded
Maine,Vertical,maine_vertical,,MSAD,,https://www.maine.gov/dafs/bgs/sites/maine.gov.dafs.bgs/files/inline-files/MSAD%2051%20New%20Facilities%20Bldg%20Notice%20to%20Contractors.pdf,MSAD%2051%20New%20Facilities%20Bldg%20Notice%20to%20Contractors.pdf,140905,,,,2026-08-07,downloaded
Maine,Vertical,maine_vertical,,MSAD,,https://www.maine.gov/dafs/bgs/sites/maine.gov.dafs.bgs/files/inline-files/MSAD%2027%20Notice%20to%20Contractors%20Waterford%2C%20Otisfield%2C%20Harrison.pdf,MSAD%2027%20Notice%20to%20Contractors%20Waterford%2C%20Otisfield%2C%20Harrison.pdf,76732,,,,2026-08-07,downloaded
Maine,Vertical,maine_vertical,,MSAD,,https://www.maine.gov/dafs/bgs/sites/maine.gov.dafs.bgs/files/inline-files/MSAD%2017%20school%20notice%20to%20contractors%20Revision%202.pdf,MSAD%2017%20school%20notice%20to%20contractors%20Revision%202.pdf,77449,,,,2026-08-07,downloaded
Maine,Vertical,maine_vertical,,MSAD,,https://www.maine.gov/dafs/bgs/sites/maine.gov.dafs.bgs/files/inline-files/MSAD%2017%20Notice%20to%20Contractors%20Revised.pdf,MSAD%2017%20Notice%20to%20Contractors%20Revised.pdf,76462,,,,2026-08-07,downloaded
Maine,Vertical,maine_vertical,,MSAD,,https://www.maine.gov/dafs/bgs/sites/maine.gov.dafs.bgs/files/inline-files/MSAD%2017%20Notice%20to%20Contractors.pdf,MSAD%2017%20Notice%20to%20Contractors.pdf,74810,,,,2026-08-07,downloaded
Maine,Vertical,maine_vertical,,MSAD,,https://www.maine.gov/dafs/bgs/sites/maine.gov.dafs.bgs/files/inline-files/MSAD%2051%20Greely%20HS%20Science%20Wing%20Notice.pdf,MSAD%2051%20Greely%20HS%20Science%20Wing%20Notice.pdf,98706,,,,2026-08-07,downloaded
Maine,Vertical,maine_vertical,,MSAD,,https://www.maine.gov/dafs/bgs/sites/maine.gov.dafs.bgs/files/inline-files/MSAD%2051%20Mabel%20Wilson%20Notice.pdf,MSAD%2051%20Mabel%20Wilson%20Notice.pdf,99073,,,,2026-08-07,downloaded
Maine,Vertical,maine_vertical,,MSAD,,https://www.maine.gov/dafs/bgs/sites/maine.gov.dafs.bgs/files/inline-files/MSAD%2075%20Master%20Plan%20-%20RFQ%20Information%20Sheet%20for%20A%26E%20Service%20-%20Final.pdf,MSAD%2075%20Master%20Plan%20-%20RFQ%20Information%20Sheet%20for%20A%26E%20Service%20-%20Final.pdf,295722,,,,2026-08-07,downloaded
Maine,Vertical,maine_vertical,,MSAD,,https://www.maine.gov/dafs/bgs/sites/maine.gov.dafs.bgs/files/inline-files/MSAD%2017%20Legal%20Ad.pdf,MSAD%2017%20Legal%20Ad.pdf,9800,,,,2026-08-07,downloaded
Maine,Vertical,maine_vertical,,MSAD,,https://www.maine.gov/dafs/bgs/sites/maine.gov.dafs.bgs/files/inline-files/MSAD%2017%20RFQ%20information%20sheet.pdf,MSAD%2017%20RFQ%20information%20sheet.pdf,18950,,,,2026-08-07,downloaded
Maine,Vertical,maine_vertical,,MSAD49,,https://www.maine.gov/dafs/bgs/sites/maine.gov.dafs.bgs/files/inline-files/MSAD49%20Notice%20to%20Contractors%20-Lawrence%20AV.pdf,MSAD49%20Notice%20to%20Contractors%20-Lawrence%20AV.pdf,1556305,CSI,01,gs://specindex-ai-raw-documents/specs/MAINE/unknown/specbook_MSAD49-20Notice-20to-20Contractors-20-Lawrence-20AV.pdf,2026-08-07,downloaded
Maine,Vertical,maine_vertical,3749,3749,,https://www.maine.gov/dafs/bgs/sites/maine.gov.dafs.bgs/files/inline-files/3749%20Notice%20to%20Contractors%20DVEM.pdf,3749%20Notice%20to%20Contractors%20DVEM.pdf,246693,,,,2026-08-07,downloaded
Maine,Vertical,maine_vertical,3749,3749,,https://www.maine.gov/dafs/bgs/sites/maine.gov.dafs.bgs/files/inline-files/3749%20Bid%20Tabulation%20Form.pdf,3749%20Bid%20Tabulation%20Form.pdf,176839,,,,2026-08-07,downloaded
Maine,Vertical,maine_vertical,,AOS,,https://www.maine.gov/dafs/bgs/sites/maine.gov.dafs.bgs/files/inline-files/AOS%2090%20Princeton%20Roof%20advertisement%20for%20bids.pdf,AOS%2090%20Princeton%20Roof%20advertisement%20for%20bids.pdf,118935,,,,2026-08-07,downloaded
Maine,Vertical,maine_vertical,,Biddeford,,https://www.maine.gov/dafs/bgs/sites/maine.gov.dafs.bgs/files/inline-files/Biddeford%20Primary%20School%20Notice%20to%20Contractors%20-%20revised_1.pdf,Biddeford%20Primary%20School%20Notice%20to%20Contractors%20-%20revised_1.pdf,81839,,,,2026-08-07,downloaded
Maine,Vertical,maine_vertical,,Biddeford,,https://www.maine.gov/dafs/bgs/sites/maine.gov.dafs.bgs/files/inline-files/Biddeford%20Primary%20School%20Notice%20to%20Contractors.pdf,Biddeford%20Primary%20School%20Notice%20to%20Contractors.pdf,82238,,,,2026-08-07,downloaded
Maine,Vertical,maine_vertical,3628,3628,,https://www.maine.gov/dafs/bgs/sites/maine.gov.dafs.bgs/files/inline-files/3628%20Legal%20Ad%20DOC%20Mt.%20View.pdf,3628%20Legal%20Ad%20DOC%20Mt.%20View.pdf,45209,,,,2026-08-07,downloaded
Maine,Vertical,maine_vertical,3628,3628,,https://www.maine.gov/dafs/bgs/sites/maine.gov.dafs.bgs/files/inline-files/3628%20Notice%20to%20Contractors%20DOC%20Mt%20View.pdf,3628%20Notice%20to%20Contractors%20DOC%20Mt%20View.pdf,276137,,,,2026-08-07,downloaded
Maine,Vertical,maine_vertical,3628,3628,,https://www.maine.gov/dafs/bgs/sites/maine.gov.dafs.bgs/files/inline-files/3628%20Bid%20Tab%20DOC%20Mt.%20View.pdf,3628%20Bid%20Tab%20DOC%20Mt.%20View.pdf,45371,,,,2026-08-07,downloaded
Maine,Vertical,maine_vertical,3776,3776,,https://www.maine.gov/dafs/bgs/sites/maine.gov.dafs.bgs/files/inline-files/3776%20Bid%20Tab%20IFW.pdf,3776%20Bid%20Tab%20IFW.pdf,37499,,,,2026-08-07,downloaded
Maine,Vertical,maine_vertical,3630,3630,,https://www.maine.gov/dafs/bgs/sites/maine.gov.dafs.bgs/files/inline-files/3630%20Legal%20Ad%20DOC%20Paving.pdf,3630%20Legal%20Ad%20DOC%20Paving.pdf,22704,,,,2026-08-07,downloaded
Maine,Vertical,maine_vertical,3630,3630,,https://www.maine.gov/dafs/bgs/sites/maine.gov.dafs.bgs/files/inline-files/3630%20Notice%20to%20Contractors%20DOC%20Paving.pdf,3630%20Notice%20to%20Contractors%20DOC%20Paving.pdf,132411,,,,2026-08-07,downloaded
Maine,Vertical,maine_vertical,3630,3630,,https://www.maine.gov/dafs/bgs/sites/maine.gov.dafs.bgs/files/inline-files/3630%20Addenda%20No.%201%20DOC%20Paving.pdf,3630%20Addenda%20No.%201%20DOC%20Paving.pdf,107840,,,,2026-08-07,downloaded
Maine,Vertical,maine_vertical,3630,3630,,https://www.maine.gov/dafs/bgs/sites/maine.gov.dafs.bgs/files/inline-files/3630%20Bid%20Tabulation%20Form_0.pdf,3630%20Bid%20Tabulation%20Form_0.pdf,37829,,,,2026-08-07,downloaded
Maine,Vertical,maine_vertical,,YMS-Window-Phase-2,,https://www.maine.gov/dafs/bgs/sites/maine.gov.dafs.bgs/files/inline-files/YMS-Window-Phase-2%20Notice%20to%20Contractors.pdf,YMS-Window-Phase-2%20Notice%20to%20Contractors.pdf,95489,,,,2026-08-07,downloaded
Maine,Vertical,maine_vertical,,2024-03-20-23590-YMS-Window-Phase-2-ADD1.pdf,,https://www.maine.gov/dafs/bgs/sites/maine.gov.dafs.bgs/files/inline-files/2024-03-20-23590-YMS-Window-Phase-2-ADD1.pdf,2024-03-20-23590-YMS-Window-Phase-2-ADD1.pdf,7418794,,,,2026-08-07,downloaded
Maine,Vertical,maine_vertical,3634,3634,,https://www.maine.gov/dafs/bgs/sites/maine.gov.dafs.bgs/files/inline-files/3634%20Notice%20to%20Contractors%20WB%20DC%20Roofing.pdf,3634%20Notice%20to%20Contractors%20WB%20DC%20Roofing.pdf,44061,,,,2026-08-07,downloaded
Maine,Vertical,maine_vertical,3634,3634,,https://www.maine.gov/dafs/bgs/sites/maine.gov.dafs.bgs/files/inline-files/3634%20Bid%20Tab%20Judicial%20Roof%20West%20Bath.pdf,3634%20Bid%20Tab%20Judicial%20Roof%20West%20Bath.pdf,45620,,,,2026-08-07,downloaded
Maine,Vertical,maine_vertical,,Notification,,https://www.maine.gov/dafs/bgs/sites/maine.gov.dafs.bgs/files/inline-files/Notification%20to%20Contractors%20Region%209%20Welding%20Notice.pdf,Notification%20to%20Contractors%20Region%209%20Welding%20Notice.pdf,53902,CSI,31,gs://specindex-ai-raw-documents/specs/MAINE/unknown/specbook_Notification-20to-20Contractors-20Region-209-20Welding-20Notice.pdf,2026-08-07,downloaded
Maine,Vertical,maine_vertical,3396,3396,,https://www.maine.gov/dafs/bgs/sites/maine.gov.dafs.bgs/files/inline-files/3396%20MMA%20Waterfront%20Early%20NTC%2019%20Jan%2024_0.pdf,3396%20MMA%20Waterfront%20Early%20NTC%2019%20Jan%2024_0.pdf,44619,,,,2026-08-07,downloaded
Maine,Vertical,maine_vertical,3396,3396,,https://www.maine.gov/dafs/bgs/sites/maine.gov.dafs.bgs/files/inline-files/3396%20MMA%20Waterfront%20Early%20NTC%2019%20Jan%2024.pdf,3396%20MMA%20Waterfront%20Early%20NTC%2019%20Jan%2024.pdf,44619,,,,2026-08-07,downloaded
Maine,Vertical,maine_vertical,3482,3482,,https://www.maine.gov/dafs/bgs/sites/maine.gov.dafs.bgs/files/inline-files/3482%20%26%203483%20Legal%20Ad%20Sebago%20Lake.pdf,3482%20%26%203483%20Legal%20Ad%20Sebago%20Lake.pdf,17755,,,,2026-08-07,downloaded
Maine,Vertical,maine_vertical,3482,3482,,https://www.maine.gov/dafs/bgs/sites/maine.gov.dafs.bgs/files/inline-files/3482%20%26%203483%20-%20Notice%20to%20Contractors%20Sebago%20Lake.pdf,3482%20%26%203483%20-%20Notice%20to%20Contractors%20Sebago%20Lake.pdf,21479,,,,2026-08-07,downloaded
Maine,Vertical,maine_vertical,3482,3482,,https://www.maine.gov/dafs/bgs/sites/maine.gov.dafs.bgs/files/inline-files/3482%203483%20Bid%20Tab%20DACF.pdf,3482%203483%20Bid%20Tab%20DACF.pdf,41079,,,,2026-08-07,downloaded
Maine,Vertical,maine_vertical,,RFP,,https://www.maine.gov/dafs/bgs/sites/maine.gov.dafs.bgs/files/inline-files/RFP_Document_Yarmouth.pdf,RFP_Document_Yarmouth.pdf,297658,,,,2026-08-07,downloaded
Maine,Vertical,maine_vertical,3970,3970,,https://www.maine.gov/dafs/bgs/sites/maine.gov.dafs.bgs/files/inline-files/3970_RFQ_Legal_Ad_DVEM.pdf,3970_RFQ_Legal_Ad_DVEM.pdf,219873,,,,2026-08-07,downloaded
Maine,Vertical,maine_vertical,3970,3970,,https://www.maine.gov/dafs/bgs/sites/maine.gov.dafs.bgs/files/inline-files/3970_RFQ_Information_Sheet_DVEM.pdf,3970_RFQ_Information_Sheet_DVEM.pdf,217708,,,,2026-08-07,downloaded
Maine,Vertical,maine_vertical,,RFQ,,https://www.maine.gov/dafs/bgs/sites/maine.gov.dafs.bgs/files/inline-files/RFQ_Legal_Ad_JRL_DAFS_0.pdf,RFQ_Legal_Ad_JRL_DAFS_0.pdf,103442,,,,2026-08-07,downloaded
Maine,Vertical,maine_vertical,,RFQ,,https://www.maine.gov/dafs/bgs/sites/maine.gov.dafs.bgs/files/inline-files/RFQ_Information_Sheet_JRL_DAFS_0.pdf,RFQ_Information_Sheet_JRL_DAFS_0.pdf,267318,,,,2026-08-07,downloaded
Maine,Vertical,maine_vertical,,RFQ,,https://www.maine.gov/dafs/bgs/sites/maine.gov.dafs.bgs/files/inline-files/RFQ_Supporting_Information_JRL_DAFS_0.pdf,RFQ_Supporting_Information_JRL_DAFS_0.pdf,924676,,,,2026-08-07,downloaded
Maine,Vertical,maine_vertical,,RFQ,,https://www.maine.gov/dafs/bgs/sites/maine.gov.dafs.bgs/files/inline-files/RFQ_Information_Sheet_Boothbay.pdf,RFQ_Information_Sheet_Boothbay.pdf,261019,,,,2026-08-07,downloaded
Maine,Vertical,maine_vertical,,RFQ,,https://www.maine.gov/dafs/bgs/sites/maine.gov.dafs.bgs/files/inline-files/RFQ_Legal_Ad_Jr_Sr_HS.pdf,RFQ_Legal_Ad_Jr_Sr_HS.pdf,117035,,,,2026-08-07,downloaded
Maine,Vertical,maine_vertical,,RFQ,,https://www.maine.gov/dafs/bgs/sites/maine.gov.dafs.bgs/files/inline-files/RFQ_Information_Sheet_Jr_Sr_HS.pdf,RFQ_Information_Sheet_Jr_Sr_HS.pdf,169910,,,,2026-08-07,downloaded
Maine,Vertical,maine_vertical,,RFQ,,https://www.maine.gov/dafs/bgs/sites/maine.gov.dafs.bgs/files/inline-files/RFQ_Information_Sheet_Phillips_0.pdf,RFQ_Information_Sheet_Phillips_0.pdf,70669,,,,2026-08-07,downloaded
Maine,Vertical,maine_vertical,,RFQ,,https://www.maine.gov/dafs/bgs/sites/maine.gov.dafs.bgs/files/inline-files/RFQ%20Legal%20Ad%20Sedgwick.pdf,RFQ%20Legal%20Ad%20Sedgwick.pdf,69433,,,,2026-08-07,downloaded
Maine,Vertical,maine_vertical,,RFQ,,https://www.maine.gov/dafs/bgs/sites/maine.gov.dafs.bgs/files/inline-files/RFQ%20Information%20Sheet%20Sedwick.pdf,RFQ%20Information%20Sheet%20Sedwick.pdf,148805,,,,2026-08-07,downloaded
Maine,Vertical,maine_vertical,,RFQ,,https://www.maine.gov/dafs/bgs/sites/maine.gov.dafs.bgs/files/inline-files/RFQ%20Legal%20Ad%20Deer%20Isle_0.pdf,RFQ%20Legal%20Ad%20Deer%20Isle_0.pdf,69911,,,,2026-08-07,downloaded
Maine,Vertical,maine_vertical,,RFQ,,https://www.maine.gov/dafs/bgs/sites/maine.gov.dafs.bgs/files/inline-files/RFQ%20Information%20Sheet%20Deer%20Isle.pdf,RFQ%20Information%20Sheet%20Deer%20Isle.pdf,147570,,,,2026-08-07,downloaded
Maine,Vertical,maine_vertical,,RFQ,,https://www.maine.gov/dafs/bgs/sites/maine.gov.dafs.bgs/files/inline-files/RFQ%20information%20Sheet%20Yarmouth%20Energy%20Con..pdf,RFQ%20information%20Sheet%20Yarmouth%20Energy%20Con..pdf,307413,,,,2026-08-07,downloaded
Maine,Vertical,maine_vertical,,RFQ,,https://www.maine.gov/dafs/bgs/sites/maine.gov.dafs.bgs/files/inline-files/RFQ%20Information%20Sheet%20Scao%20Commissioning%20rev.%201.7.2026.pdf,RFQ%20Information%20Sheet%20Scao%20Commissioning%20rev.%201.7.2026.pdf,66325,,,,2026-08-07,downloaded
Maine,Vertical,maine_vertical,,RFQ,,https://www.maine.gov/dafs/bgs/sites/maine.gov.dafs.bgs/files/inline-files/RFQ%20Information%20Sheet%20Saco%20Commissioning.pdf,RFQ%20Information%20Sheet%20Saco%20Commissioning.pdf,48277,,,,2026-08-07,downloaded
Maine,Vertical,maine_vertical,,RFQ,,https://www.maine.gov/dafs/bgs/sites/maine.gov.dafs.bgs/files/inline-files/RFQ%20Information%20Sheet%20RSU1.pdf,RFQ%20Information%20Sheet%20RSU1.pdf,66981,,,,2026-08-07,downloaded
Maine,Vertical,maine_vertical,,RFQ,,https://www.maine.gov/dafs/bgs/sites/maine.gov.dafs.bgs/files/inline-files/RFQ%20Information%20Sheet%20SACO%20OR.pdf,RFQ%20Information%20Sheet%20SACO%20OR.pdf,68081,,,,2026-08-07,downloaded
Maine,Vertical,maine_vertical,,RFQ,,https://www.maine.gov/dafs/bgs/sites/maine.gov.dafs.bgs/files/inline-files/RFQ%20Information%20Sheet%20CESD.pdf,RFQ%20Information%20Sheet%20CESD.pdf,153065,,,,2026-08-07,downloaded
Maine,Vertical,maine_vertical,,RFQ,,https://www.maine.gov/dafs/bgs/sites/maine.gov.dafs.bgs/files/inline-files/RFQ%20Information%20Sheet%20Yarmouth%20Turf.pdf,RFQ%20Information%20Sheet%20Yarmouth%20Turf.pdf,1545070,,,,2026-08-07,downloaded
Maine,Vertical,maine_vertical,,RFQ,,https://www.maine.gov/dafs/bgs/sites/maine.gov.dafs.bgs/files/inline-files/RFQ%20Info%20Sheet.pdf,RFQ%20Info%20Sheet.pdf,114527,unreadable,,,2026-08-07,unreadable format
Maine,Vertical,maine_vertical,,RFQ,,https://www.maine.gov/dafs/bgs/sites/maine.gov.dafs.bgs/files/inline-files/RFQ%20Information%20Sheet%20Bar%20Harbor.pdf,RFQ%20Information%20Sheet%20Bar%20Harbor.pdf,77516,,,,2026-08-07,downloaded
Maine,Vertical,maine_vertical,,RFQ,,https://www.maine.gov/dafs/bgs/sites/maine.gov.dafs.bgs/files/inline-files/RFQ%20Legal%20Advertisement%20WES.pdf,RFQ%20Legal%20Advertisement%20WES.pdf,29116,,,,2026-08-07,downloaded
Maine,Vertical,maine_vertical,,RFQ,,https://www.maine.gov/dafs/bgs/sites/maine.gov.dafs.bgs/files/inline-files/RFQ%20Information%20Sheet%20WES.pdf,RFQ%20Information%20Sheet%20WES.pdf,144271,,,,2026-08-07,downloaded
Maine,Vertical,maine_vertical,3861,3861,,https://www.maine.gov/dafs/bgs/sites/maine.gov.dafs.bgs/files/inline-files/3861_%20Legal_Ad_DVEM_0.pdf,3861_%20Legal_Ad_DVEM_0.pdf,69369,,,,2026-08-07,downloaded
Maine,Vertical,maine_vertical,3861,3861,,https://www.maine.gov/dafs/bgs/sites/maine.gov.dafs.bgs/files/inline-files/3861_RFQ_Information_Sheet_DVEM.pdf,3861_RFQ_Information_Sheet_DVEM.pdf,225416,,,,2026-08-07,downloaded
Maine,Vertical,maine_vertical,3861,3861,,https://www.maine.gov/dafs/bgs/sites/maine.gov.dafs.bgs/files/inline-files/3861_Technical_Appendix_DVEM%20.pdf,3861_Technical_Appendix_DVEM%20.pdf,207687,,,,2026-08-07,downloaded
Maine,Vertical,maine_vertical,3594,3594,,https://www.maine.gov/dafs/bgs/sites/maine.gov.dafs.bgs/files/inline-files/3594_Legal_Ad_DVEM.pdf,3594_Legal_Ad_DVEM.pdf,147965,,,,2026-08-07,downloaded
Maine,Vertical,maine_vertical,3954,3954,,https://www.maine.gov/dafs/bgs/sites/maine.gov.dafs.bgs/files/inline-files/3954_RFQ_Information_Sheet_DVEM.pdf,3954_RFQ_Information_Sheet_DVEM.pdf,238035,,,,2026-08-07,downloaded
Maine,Vertical,maine_vertical,3934,3934,,https://www.maine.gov/dafs/bgs/sites/maine.gov.dafs.bgs/files/inline-files/3934_RFQ_Legal_Ad_0.pdf,3934_RFQ_Legal_Ad_0.pdf,122613,,,,2026-08-07,downloaded
Maine,Vertical,maine_vertical,3934,3934,,https://www.maine.gov/dafs/bgs/sites/maine.gov.dafs.bgs/files/inline-files/3934%20RFQ_Information_Sheet_0.pdf,3934%20RFQ_Information_Sheet_0.pdf,260772,,,,2026-08-07,downloaded
Maine,Vertical,maine_vertical,3934,3934,,https://www.maine.gov/dafs/bgs/sites/maine.gov.dafs.bgs/files/inline-files/3934_RFQ_Legal_Ad_1.pdf,3934_RFQ_Legal_Ad_1.pdf,122613,,,,2026-08-07,downloaded
Maine,Vertical,maine_vertical,3934,3934,,https://www.maine.gov/dafs/bgs/sites/maine.gov.dafs.bgs/files/inline-files/3934%20RFQ_Information_Sheet_1.pdf,3934%20RFQ_Information_Sheet_1.pdf,260772,,,,2026-08-07,downloaded
Maine,Vertical,maine_vertical,3814,3814,,https://www.maine.gov/dafs/bgs/sites/maine.gov.dafs.bgs/files/inline-files/3814_Legal_Ad_DOC_0.pdf,3814_Legal_Ad_DOC_0.pdf,103917,,,,2026-08-07,downloaded
Maine,Vertical,maine_vertical,3814,3814,,https://www.maine.gov/dafs/bgs/sites/maine.gov.dafs.bgs/files/inline-files/3814_RFQ_Information_Sheet_DOC_0.pdf,3814_RFQ_Information_Sheet_DOC_0.pdf,215973,,,,2026-08-07,downloaded
Maine,Vertical,maine_vertical,3814,3814,,https://www.maine.gov/dafs/bgs/sites/maine.gov.dafs.bgs/files/inline-files/3814%20RFQ%20Legal%20Ad%20DOC.pdf,3814%20RFQ%20Legal%20Ad%20DOC.pdf,128422,,,,2026-08-07,downloaded
Maine,Vertical,maine_vertical,3814,3814,,https://www.maine.gov/dafs/bgs/sites/maine.gov.dafs.bgs/files/inline-files/3814%20RFQ%20Infor.%20Sheet%20DOC.pdf,3814%20RFQ%20Infor.%20Sheet%20DOC.pdf,254593,,,,2026-08-07,downloaded
Maine,Vertical,maine_vertical,3929,3929,,https://www.maine.gov/dafs/bgs/sites/maine.gov.dafs.bgs/files/inline-files/3929%20RFQ%20Legal%20Ad%20DVEM.pdf,3929%20RFQ%20Legal%20Ad%20DVEM.pdf,186720,,,,2026-08-07,downloaded
Maine,Vertical,maine_vertical,3929,3929,,https://www.maine.gov/dafs/bgs/sites/maine.gov.dafs.bgs/files/inline-files/3929%20RFQ%20Information%20Sheet%20DVEM.pdf,3929%20RFQ%20Information%20Sheet%20DVEM.pdf,265163,,,,2026-08-07,downloaded
Maine,Vertical,maine_vertical,3928,3928,,https://www.maine.gov/dafs/bgs/sites/maine.gov.dafs.bgs/files/inline-files/3928%20RFQ%20Legal%20Ad%20DACF_0.pdf,3928%20RFQ%20Legal%20Ad%20DACF_0.pdf,127285,,,,2026-08-07,downloaded
Maine,Vertical,maine_vertical,3928,3928,,https://www.maine.gov/dafs/bgs/sites/maine.gov.dafs.bgs/files/inline-files/3928%20RFQ%20Information%20Sheet%20DACF_0.pdf,3928%20RFQ%20Information%20Sheet%20DACF_0.pdf,222444,,,,2026-08-07,downloaded
Maine,Vertical,maine_vertical,3904,3904,,https://www.maine.gov/dafs/bgs/sites/maine.gov.dafs.bgs/files/inline-files/3904%20RFQ%20Legal%20Ad%20DVEM.pdf,3904%20RFQ%20Legal%20Ad%20DVEM.pdf,135420,,,,2026-08-07,downloaded
Maine,Vertical,maine_vertical,3904,3904,,https://www.maine.gov/dafs/bgs/sites/maine.gov.dafs.bgs/files/inline-files/3904%20RFQ%20Information%20Sheet%20DVEM.pdf,3904%20RFQ%20Information%20Sheet%20DVEM.pdf,255210,,,,2026-08-07,downloaded
Maine,Vertical,maine_vertical,3919,3919,,https://www.maine.gov/dafs/bgs/sites/maine.gov.dafs.bgs/files/inline-files/3919%20RFQ%20Legal%20Ad%20DVEM.pdf,3919%20RFQ%20Legal%20Ad%20DVEM.pdf,125712,,,,2026-08-07,downloaded
Maine,Vertical,maine_vertical,3919,3919,,https://www.maine.gov/dafs/bgs/sites/maine.gov.dafs.bgs/files/inline-files/3919%20RFQ%20Information%20Sheet%20DVEM.pdf,3919%20RFQ%20Information%20Sheet%20DVEM.pdf,256991,,,,2026-08-07,downloaded
Maine,Vertical,maine_vertical,3907,3907,,https://www.maine.gov/dafs/bgs/sites/maine.gov.dafs.bgs/files/inline-files/3907%20RFQ%20Legal%20Ad%20DVEM.pdf,3907%20RFQ%20Legal%20Ad%20DVEM.pdf,146789,,,,2026-08-07,downloaded
Maine,Vertical,maine_vertical,3907,3907,,https://www.maine.gov/dafs/bgs/sites/maine.gov.dafs.bgs/files/inline-files/3907%20RFQ%20Information%20Sheet%20DVEM_0.pdf,3907%20RFQ%20Information%20Sheet%20DVEM_0.pdf,257576,,,,2026-08-07,downloaded
Maine,Vertical,maine_vertical,3906,3906,,https://www.maine.gov/dafs/bgs/sites/maine.gov.dafs.bgs/files/inline-files/3906%20RFQ%20Legal%20Ad%20DVEM.pdf,3906%20RFQ%20Legal%20Ad%20DVEM.pdf,186759,,,,2026-08-07,downloaded
Maine,Vertical,maine_vertical,3906,3906,,https://www.maine.gov/dafs/bgs/sites/maine.gov.dafs.bgs/files/inline-files/3906%20RFQ%20Information%20Sheet%20DVEM.pdf,3906%20RFQ%20Information%20Sheet%20DVEM.pdf,251575,,,,2026-08-07,downloaded
Maine,Vertical,maine_vertical,3869,3869,,https://www.maine.gov/dafs/bgs/sites/maine.gov.dafs.bgs/files/inline-files/3869%20Legal%20Ad%20SMCC.pdf,3869%20Legal%20Ad%20SMCC.pdf,109971,,,,2026-08-07,downloaded
Maine,Vertical,maine_vertical,3869,3869,,https://www.maine.gov/dafs/bgs/sites/maine.gov.dafs.bgs/files/inline-files/3869%20RFQ%20Information%20Sheet%20SMCC.pdf,3869%20RFQ%20Information%20Sheet%20SMCC.pdf,210419,,,,2026-08-07,downloaded
Maine,Vertical,maine_vertical,3833,3833,,https://www.maine.gov/dafs/bgs/sites/maine.gov.dafs.bgs/files/inline-files/3833%20Legal%20Ad%20DMR.pdf,3833%20Legal%20Ad%20DMR.pdf,75624,,,,2026-08-07,downloaded
Maine,Vertical,maine_vertical,3833,3833,,https://www.maine.gov/dafs/bgs/sites/maine.gov.dafs.bgs/files/inline-files/3833%20RFQ%20Information%20Sheet%20DMR.pdf,3833%20RFQ%20Information%20Sheet%20DMR.pdf,240355,,,,2026-08-07,downloaded
Maine,Vertical,maine_vertical,3873,3873,,https://www.maine.gov/dafs/bgs/sites/maine.gov.dafs.bgs/files/inline-files/3873%20RFQ%20Legal%20Ad.pdf,3873%20RFQ%20Legal%20Ad.pdf,150655,,,,2026-08-07,downloaded
Maine,Vertical,maine_vertical,3873,3873,,https://www.maine.gov/dafs/bgs/sites/maine.gov.dafs.bgs/files/inline-files/3873%20RFQ%20Information%20Sheet.pdf,3873%20RFQ%20Information%20Sheet.pdf,245310,,,,2026-08-07,downloaded
Maine,Vertical,maine_vertical,,YHS,,https://www.maine.gov/dafs/bgs/sites/maine.gov.dafs.bgs/files/inline-files/YHS%20Turf%20Field%20Replacement%202013%20Pg.%201-10.pdf,YHS%20Turf%20Field%20Replacement%202013%20Pg.%201-10.pdf,57797865,unreadable,,,2026-08-07,unreadable format
Maine,Vertical,maine_vertical,,YHS,,https://www.maine.gov/dafs/bgs/sites/maine.gov.dafs.bgs/files/inline-files/YHS%20Turf%20Field%20Replacement%202013%20Pg.%2010-18.pdf,YHS%20Turf%20Field%20Replacement%202013%20Pg.%2010-18.pdf,49036711,unreadable,,,2026-08-07,unreadable format
Maine,Vertical,maine_vertical,,YHS,,https://www.maine.gov/dafs/bgs/sites/maine.gov.dafs.bgs/files/inline-files/YHS%20Turf%20Field%20Replacement%202013%20Pg.%2019.pdf,YHS%20Turf%20Field%20Replacement%202013%20Pg.%2019.pdf,6723223,unreadable,,,2026-08-07,unreadable format
Maine,Vertical,maine_vertical,,YHS,,https://www.maine.gov/dafs/bgs/sites/maine.gov.dafs.bgs/files/inline-files/YHS%20Turf%20Field%20Plans%201999-2000%20Pgs.%201-9.pdf,YHS%20Turf%20Field%20Plans%201999-2000%20Pgs.%201-9.pdf,49797777,unreadable,,,2026-08-07,unreadable format
Maine,Vertical,maine_vertical,,YHS,,https://www.maine.gov/dafs/bgs/sites/maine.gov.dafs.bgs/files/inline-files/YHS%20Turf%20Field%20Plans%201999-2000%20Pgs.%2010-18.pdf,YHS%20Turf%20Field%20Plans%201999-2000%20Pgs.%2010-18.pdf,47939907,unreadable,,,2026-08-07,unreadable format
Maine,Vertical,maine_vertical,,YHS,,https://www.maine.gov/dafs/bgs/sites/maine.gov.dafs.bgs/files/inline-files/YHS%20Turf%20Field%20Plans%201999-2000%20Pgs.%2019-26.pdf,YHS%20Turf%20Field%20Plans%201999-2000%20Pgs.%2019-26.pdf,42869996,unreadable,,,2026-08-07,unreadable format
Maine,Vertical,maine_vertical,,YHS,,https://www.maine.gov/dafs/bgs/sites/maine.gov.dafs.bgs/files/inline-files/YHS%20Turf%20Field%20Plans%201992%20Pg.%201-3.pdf,YHS%20Turf%20Field%20Plans%201992%20Pg.%201-3.pdf,36931952,unreadable,,,2026-08-07,unreadable format
Maine,Vertical,maine_vertical,,YHS,,https://www.maine.gov/dafs/bgs/sites/maine.gov.dafs.bgs/files/inline-files/YHS%20Turf%20Field%20Plans%201992%20Pg.%204-5.pdf,YHS%20Turf%20Field%20Plans%201992%20Pg.%204-5.pdf,25855558,unreadable,,,2026-08-07,unreadable format
Maine,Vertical,maine_vertical,3853,3853,,https://www.maine.gov/dafs/bgs/sites/maine.gov.dafs.bgs/files/inline-files/3853%20Legal%20Ad%20DACF.pdf,3853%20Legal%20Ad%20DACF.pdf,28616,,,,2026-08-07,downloaded
Maine,Vertical,maine_vertical,3853,3853,,https://www.maine.gov/dafs/bgs/sites/maine.gov.dafs.bgs/files/inline-files/3853%20RFQ%20Information%20Sheet%20DACF.pdf,3853%20RFQ%20Information%20Sheet%20DACF.pdf,177314,,,,2026-08-07,downloaded
Maine,Vertical,maine_vertical,3681,3681,,https://www.maine.gov/dafs/bgs/sites/maine.gov.dafs.bgs/files/inline-files/3681%20RFQ%20Legal%20Ad.pdf,3681%20RFQ%20Legal%20Ad.pdf,10881,,,,2026-08-07,downloaded
Maine,Vertical,maine_vertical,3681,3681,,https://www.maine.gov/dafs/bgs/sites/maine.gov.dafs.bgs/files/inline-files/3681%20RFQ%20Information.pdf,3681%20RFQ%20Information.pdf,124442,,,,2026-08-07,downloaded
Missouri,DOT,missouri_dot,JNW0105,"(1): Job JNW0105 Route VARIOUS VARIOUS County. 19 BRIDGE REHABILITATIONS on various routes in Daviess, Grundy, Harrison, Linn, Mercer, Putnam, and Sullivan Counties, the total length of improvement be",,https://modotweb.modot.mo.gov/BidLettingPlansRoom/Letting/ViewStream/22418?type=plan,22418?type=plan,947598,,,,2026-08-07,downloaded
Missouri,DOT,missouri_dot,JNW0105,"(1): Job JNW0105 Route VARIOUS VARIOUS County. 19 BRIDGE REHABILITATIONS on various routes in Daviess, Grundy, Harrison, Linn, Mercer, Putnam, and Sullivan Counties, the total length of improvement be",,https://modotweb.modot.mo.gov/BidLettingPlansRoom/Letting/ViewStream/22419?type=plan,22419?type=plan,280464,DOT SS/SP,,gs://specindex-ai-raw-documents/specs/MISSOURI/JNW0105/drawings_22419-type-plan.pdf,2026-08-07,downloaded
Missouri,DOT,missouri_dot,JNW0105,"(1): Job JNW0105 Route VARIOUS VARIOUS County. 19 BRIDGE REHABILITATIONS on various routes in Daviess, Grundy, Harrison, Linn, Mercer, Putnam, and Sullivan Counties, the total length of improvement be",,https://modotweb.modot.mo.gov/BidLettingPlansRoom/Letting/ViewStream/22420?type=plan,22420?type=plan,288382,,,,2026-08-07,downloaded
Missouri,DOT,missouri_dot,JNW0105,"(1): Job JNW0105 Route VARIOUS VARIOUS County. 19 BRIDGE REHABILITATIONS on various routes in Daviess, Grundy, Harrison, Linn, Mercer, Putnam, and Sullivan Counties, the total length of improvement be",,https://modotweb.modot.mo.gov/BidLettingPlansRoom/Letting/ViewStream/22426?type=plan,22426?type=plan,4955975,unreadable,,,2026-08-07,unreadable format
Missouri,DOT,missouri_dot,JNWM0130,"(1): Job JNWM0130 Route I-35 HARRISON County. Pavement repair at Eagle Rest Area, the total length of improvement being 0.645 miles.",,https://modotweb.modot.mo.gov/BidLettingPlansRoom/Letting/ViewStream/22423?type=plan,22423?type=plan,460566,,,,2026-08-07,downloaded
Missouri,DOT,missouri_dot,JNWM0130,"(1): Job JNWM0130 Route I-35 HARRISON County. Pavement repair at Eagle Rest Area, the total length of improvement being 0.645 miles.",,https://modotweb.modot.mo.gov/BidLettingPlansRoom/Letting/ViewStream/22424?type=plan,22424?type=plan,288778,DOT SS/SP,,gs://specindex-ai-raw-documents/specs/MISSOURI/JNWM0130/drawings_22424-type-plan.pdf,2026-08-07,downloaded
Missouri,DOT,missouri_dot,JNWM0130,"(1): Job JNWM0130 Route I-35 HARRISON County. Pavement repair at Eagle Rest Area, the total length of improvement being 0.645 miles.",,https://modotweb.modot.mo.gov/BidLettingPlansRoom/Letting/ViewStream/22425?type=plan,22425?type=plan,16282727,unreadable,,,2026-08-07,unreadable format
Missouri,DOT,missouri_dot,JNE0024,"(1): Job JNE0024 Route 11 ADAIR, KNOX, LINN, SULLIVAN County. Resurface from Route 15 near Baring to Route 129 in Linn County, the total length of improvement being 41.787 miles. (2): Job JNE0254 Rout",,https://modotweb.modot.mo.gov/BidLettingPlansRoom/Letting/ViewStream/22388?type=plan,22388?type=plan,487351,,,,2026-08-07,downloaded
Missouri,DOT,missouri_dot,JNE0024,"(1): Job JNE0024 Route 11 ADAIR, KNOX, LINN, SULLIVAN County. Resurface from Route 15 near Baring to Route 129 in Linn County, the total length of improvement being 41.787 miles. (2): Job JNE0254 Rout",,https://modotweb.modot.mo.gov/BidLettingPlansRoom/Letting/ViewStream/22389?type=plan,22389?type=plan,533319,DOT SS/SP,,gs://specindex-ai-raw-documents/specs/MISSOURI/JNE0024/drawings_22389-type-plan.pdf,2026-08-07,downloaded
Missouri,DOT,missouri_dot,JNE0024,"(1): Job JNE0024 Route 11 ADAIR, KNOX, LINN, SULLIVAN County. Resurface from Route 15 near Baring to Route 129 in Linn County, the total length of improvement being 41.787 miles. (2): Job JNE0254 Rout",,https://modotweb.modot.mo.gov/BidLettingPlansRoom/Letting/ViewStream/22390?type=plan,22390?type=plan,9356537,,,,2026-08-07,downloaded
Missouri,DOT,missouri_dot,JKU0066,"(1): Job JKU0066 Route 40 JACKSON County. Grading, pavement, coldmill, resurface, signal, wall and ADA improvements from Cliff Avenue to Little Blue Parkway near Independence, the total length of impr",,https://modotweb.modot.mo.gov/BidLettingPlansRoom/Letting/ViewStream/22411?type=plan,22411?type=plan,961531,,,,2026-08-07,downloaded
Missouri,DOT,missouri_dot,JKU0066,"(1): Job JKU0066 Route 40 JACKSON County. Grading, pavement, coldmill, resurface, signal, wall and ADA improvements from Cliff Avenue to Little Blue Parkway near Independence, the total length of impr",,https://modotweb.modot.mo.gov/BidLettingPlansRoom/Letting/ViewStream/22412?type=plan,22412?type=plan,1086498,DOT SS/SP,,gs://specindex-ai-raw-documents/specs/MISSOURI/JKU0066/drawings_22412-type-plan.pdf,2026-08-07,downloaded
Missouri,DOT,missouri_dot,JKU0066,"(1): Job JKU0066 Route 40 JACKSON County. Grading, pavement, coldmill, resurface, signal, wall and ADA improvements from Cliff Avenue to Little Blue Parkway near Independence, the total length of impr",,https://modotweb.modot.mo.gov/BidLettingPlansRoom/Letting/ViewStream/22413?type=plan,22413?type=plan,10013990,unreadable,,,2026-08-07,unreadable format
Missouri,DOT,missouri_dot,JKU0066,"(1): Job JKU0066 Route 40 JACKSON County. Grading, pavement, coldmill, resurface, signal, wall and ADA improvements from Cliff Avenue to Little Blue Parkway near Independence, the total length of impr",,https://modotweb.modot.mo.gov/BidLettingPlansRoom/Letting/ViewStream/22414?type=plan,22414?type=plan,85965679,unreadable,,,2026-08-07,unreadable format
Missouri,DOT,missouri_dot,JKU0066,"(1): Job JKU0066 Route 40 JACKSON County. Grading, pavement, coldmill, resurface, signal, wall and ADA improvements from Cliff Avenue to Little Blue Parkway near Independence, the total length of impr",,https://modotweb.modot.mo.gov/BidLettingPlansRoom/Letting/ViewStream/22415?type=plan,22415?type=plan,10227018,unreadable,,,2026-08-07,unreadable format
Missouri,DOT,missouri_dot,JCD0219B,"(1): Job JCD0219B Route 54 COLE County. Tree clearing from just west of Route E to just east of Sandy Fork Road, the total length of improvement being 1.894 miles.",,https://modotweb.modot.mo.gov/BidLettingPlansRoom/Letting/ViewStream/22407?type=plan,22407?type=plan,478824,,,,2026-08-07,downloaded
Missouri,DOT,missouri_dot,JCD0219B,"(1): Job JCD0219B Route 54 COLE County. Tree clearing from just west of Route E to just east of Sandy Fork Road, the total length of improvement being 1.894 miles.",,https://modotweb.modot.mo.gov/BidLettingPlansRoom/Letting/ViewStream/22404?type=plan,22404?type=plan,425735,DOT SS/SP,,gs://specindex-ai-raw-documents/specs/MISSOURI/JCD0219B/drawings_22404-type-plan.pdf,2026-08-07,downloaded
Missouri,DOT,missouri_dot,JCD0219B,"(1): Job JCD0219B Route 54 COLE County. Tree clearing from just west of Route E to just east of Sandy Fork Road, the total length of improvement being 1.894 miles.",,https://modotweb.modot.mo.gov/BidLettingPlansRoom/Letting/ViewStream/22405?type=plan,22405?type=plan,8453294,unreadable,,,2026-08-07,unreadable format
Missouri,DOT,missouri_dot,JSL0038,"(1): Job JSL0038 Route I-44 FRANKLIN County. Coldmill, resurface, ramp extensions, rest area and weigh scale site improvements on I-44 from the Crawford County line to 0.5 miles east of Route 30, the ",,https://modotweb.modot.mo.gov/BidLettingPlansRoom/Letting/ViewStream/22408?type=plan,22408?type=plan,1536134,,,,2026-08-07,downloaded
Missouri,DOT,missouri_dot,JSL0038,"(1): Job JSL0038 Route I-44 FRANKLIN County. Coldmill, resurface, ramp extensions, rest area and weigh scale site improvements on I-44 from the Crawford County line to 0.5 miles east of Route 30, the ",,https://modotweb.modot.mo.gov/BidLettingPlansRoom/Letting/ViewStream/22397?type=plan,22397?type=plan,937058,DOT SS/SP,,gs://specindex-ai-raw-documents/specs/MISSOURI/JSL0038/drawings_22397-type-plan.pdf,2026-08-07,downloaded
Missouri,DOT,missouri_dot,JSL0038,"(1): Job JSL0038 Route I-44 FRANKLIN County. Coldmill, resurface, ramp extensions, rest area and weigh scale site improvements on I-44 from the Crawford County line to 0.5 miles east of Route 30, the ",,https://modotweb.modot.mo.gov/BidLettingPlansRoom/Letting/ViewStream/22398?type=plan,22398?type=plan,141921,,,,2026-08-07,downloaded
Missouri,DOT,missouri_dot,JSL0038,"(1): Job JSL0038 Route I-44 FRANKLIN County. Coldmill, resurface, ramp extensions, rest area and weigh scale site improvements on I-44 from the Crawford County line to 0.5 miles east of Route 30, the ",,https://modotweb.modot.mo.gov/BidLettingPlansRoom/Letting/ViewStream/22399?type=plan,22399?type=plan,,,,,2026-08-07,dead link
Missouri,DOT,missouri_dot,JSL0038,"(1): Job JSL0038 Route I-44 FRANKLIN County. Coldmill, resurface, ramp extensions, rest area and weigh scale site improvements on I-44 from the Crawford County line to 0.5 miles east of Route 30, the ",,https://modotweb.modot.mo.gov/BidLettingPlansRoom/Letting/ViewStream/22400?type=plan,22400?type=plan,27065958,,,,2026-08-07,downloaded
Missouri,DOT,missouri_dot,JSLM0078,"(1): Job JSLM0078 Route BB JEFFERSON County. Culvert replacements at Brackman Drive in Cedar Hill, the total length of improvement being 0.054 miles.",,https://modotweb.modot.mo.gov/BidLettingPlansRoom/Letting/ViewStream/22409?type=plan,22409?type=plan,531115,,,,2026-08-07,downloaded
Missouri,DOT,missouri_dot,JSLM0078,"(1): Job JSLM0078 Route BB JEFFERSON County. Culvert replacements at Brackman Drive in Cedar Hill, the total length of improvement being 0.054 miles.",,https://modotweb.modot.mo.gov/BidLettingPlansRoom/Letting/ViewStream/22392?type=plan,22392?type=plan,516999,DOT SS/SP,,gs://specindex-ai-raw-documents/specs/MISSOURI/JSLM0078/drawings_22392-type-plan.pdf,2026-08-07,downloaded
Missouri,DOT,missouri_dot,JSLM0078,"(1): Job JSLM0078 Route BB JEFFERSON County. Culvert replacements at Brackman Drive in Cedar Hill, the total length of improvement being 0.054 miles.",,https://modotweb.modot.mo.gov/BidLettingPlansRoom/Letting/ViewStream/22393?type=plan,22393?type=plan,6195277,,,,2026-08-07,downloaded
Missouri,DOT,missouri_dot,JSLM0078,"(1): Job JSLM0078 Route BB JEFFERSON County. Culvert replacements at Brackman Drive in Cedar Hill, the total length of improvement being 0.054 miles.",,https://modotweb.modot.mo.gov/BidLettingPlansRoom/Letting/ViewStream/22394?type=plan,22394?type=plan,1869209,,,,2026-08-07,downloaded
Missouri,DOT,missouri_dot,J8S0745,"(1): Job J8S0745 Route D GREENE County. Coldmill, resurface and turn lanes from Glenstone Ave. to Blackman Rd. in Springfield, the total length of improvement being 2.718 miles. (2): Job J8S3133 Route",,https://modotweb.modot.mo.gov/BidLettingPlansRoom/Letting/ViewStream/22410?type=plan,22410?type=plan,1096949,,,,2026-08-07,downloaded
Missouri,DOT,missouri_dot,J8S0745,"(1): Job J8S0745 Route D GREENE County. Coldmill, resurface and turn lanes from Glenstone Ave. to Blackman Rd. in Springfield, the total length of improvement being 2.718 miles. (2): Job J8S3133 Route",,https://modotweb.modot.mo.gov/BidLettingPlansRoom/Letting/ViewStream/22384?type=plan,22384?type=plan,2823348,DOT SS/SP,,gs://specindex-ai-raw-documents/specs/MISSOURI/J8S0745/drawings_22384-type-plan.pdf,2026-08-07,downloaded
Missouri,DOT,missouri_dot,J8S0745,"(1): Job J8S0745 Route D GREENE County. Coldmill, resurface and turn lanes from Glenstone Ave. to Blackman Rd. in Springfield, the total length of improvement being 2.718 miles. (2): Job J8S3133 Route",,https://modotweb.modot.mo.gov/BidLettingPlansRoom/Letting/ViewStream/22385?type=plan,22385?type=plan,65612421,,,,2026-08-07,downloaded
Missouri,DOT,missouri_dot,J8S0745,"(1): Job J8S0745 Route D GREENE County. Coldmill, resurface and turn lanes from Glenstone Ave. to Blackman Rd. in Springfield, the total length of improvement being 2.718 miles. (2): Job J8S3133 Route",,https://modotweb.modot.mo.gov/BidLettingPlansRoom/Letting/ViewStream/22386?type=plan,22386?type=plan,1098261,,,,2026-08-07,downloaded
