state,type,portal,project_id,project_name,bid_due_date,document_url,file_name,file_size,spec_format,divisions,gcs_path,retrieved_date,status
Alaska,Vertical,alaska_vertical,,Snowden Administration Building Facade                                                         &nbs...,,https://aws.state.ak.us/OnlinePublicNotices/Notices/Attachment.aspx?id=163202,Attachment.aspx?id=163202,1094921,CSI,02;03;07;08;09,gs://specindex-ai-raw-documents/specs/ALASKA/unknown/specbook_Attachment.aspx-id-163202.pdf,2026-08-06,downloaded
Alaska,Vertical,alaska_vertical,,Fivemile Hydroelectric - Phase 1 Construction The Work under this Contract consists of the construction of a pioneer roa,,https://aws.state.ak.us/OnlinePublicNotices/Notices/Attachment.aspx?id=163254,Attachment.aspx?id=163254,8924067,CSI,00;01;02;31;40,gs://specindex-ai-raw-documents/specs/ALASKA/unknown/specbook_Attachment.aspx-id-163254.pdf,2026-08-06,downloaded
Alaska,Vertical,alaska_vertical,ADA-09745,"ADA-09745 Sealed Bid Offering - Proposal to Lease State Airport Land at Kodiak Airport In accordance with 17 AAC 45.300,",,https://aws.state.ak.us/OnlinePublicNotices/Notices/Attachment.aspx?id=163324,Attachment.aspx?id=163324,864554,unreadable,,,2026-08-06,unreadable format
Alaska,Vertical,alaska_vertical,,Regulatory Commission of Alaska: Notice of Utility Tariff Filing (ENSTAR) Notice of Utility Tariff FilingThe REGULATORY ,,https://aws.state.ak.us/OnlinePublicNotices/Notices/Attachment.aspx?id=163287,Attachment.aspx?id=163287,125212,,,,2026-08-06,downloaded
Alaska,Vertical,alaska_vertical,,Palmer Courthouse Janitorial ITB The Alaska Court System is seeking bids for a new janitorial contract for the Palmer Co,,https://aws.state.ak.us/OnlinePublicNotices/Notices/Attachment.aspx?id=163259,Attachment.aspx?id=163259,651922,,,,2026-08-06,downloaded
Alaska,Vertical,alaska_vertical,,"ITB 2527H058 Beaver Rural Airport Maintenance The Department of Transportation and Public Facilities, Division of Progra",,https://aws.state.ak.us/OnlinePublicNotices/Notices/Attachment.aspx?id=163258,Attachment.aspx?id=163258,1449546,,,,2026-08-06,downloaded
Alaska,Vertical,alaska_vertical,,RFP 2027-1200-0020 Applicant Medical Examinations Point of Contact:ITB documents and all questions should be directed to,,https://aws.state.ak.us/OnlinePublicNotices/Notices/Attachment.aspx?id=163251,Attachment.aspx?id=163251,4368542,,,,2026-08-06,downloaded
Alaska,Vertical,alaska_vertical,,ITB TITLE: 2527H032 Chenega Bay Rural Airport Maintenance 2527H032 ITB TITLE: 2527H032 Chenega Bay Rural Airport Mainten,,https://aws.state.ak.us/OnlinePublicNotices/Notices/Attachment.aspx?id=163212,Attachment.aspx?id=163212,2281985,,,,2026-08-06,downloaded
Alaska,Vertical,alaska_vertical,,"ITB 2527H056 Hot Mix Asphalt for Tok District -Federally Funded The Department of Transportation and Public Facilities, ",,https://aws.state.ak.us/OnlinePublicNotices/Notices/Attachment.aspx?id=163185,Attachment.aspx?id=163185,1156592,,,,2026-08-06,downloaded
Alaska,Vertical,alaska_vertical,,Request for Public Comment - City of Fairbanks Systemic Signal Uprades Stage 2 Request for Public CommentCity of Fairban,,https://aws.state.ak.us/OnlinePublicNotices/Notices/Attachment.aspx?id=163186,Attachment.aspx?id=163186,1041191,unreadable,,,2026-08-06,unreadable format
Alaska,Vertical,alaska_vertical,,"ITB 2527H027 AMHS Lands&#39; End Uniforms The Department of Transportation and Public Facilities (DOT&amp;PF), through i",,https://aws.state.ak.us/OnlinePublicNotices/Notices/Attachment.aspx?id=163195,Attachment.aspx?id=163195,914768,,,,2026-08-06,downloaded
Arkansas,DOT,arkansas_dot,030531,030531,,https://media.ark.org/ardot/030531_1-proposal.pdf,030531_1-proposal.pdf,9548635,DOT SS/SP,,gs://specindex-ai-raw-documents/specs/ARKANSAS/030531/proposal_030531_1-proposal.pdf,2026-08-06,downloaded
Arkansas,DOT,arkansas_dot,A30046,A30046,,https://media.ark.org/ardot/A30046_proposal.pdf,A30046_proposal.pdf,4941261,DOT SS/SP,,gs://specindex-ai-raw-documents/specs/ARKANSAS/A30046/proposal_A30046_proposal.pdf,2026-08-06,downloaded
Arkansas,DOT,arkansas_dot,090702,090702,,https://media.ark.org/ardot/090702_proposal.pdf,090702_proposal.pdf,9638956,DOT SS/SP,,gs://specindex-ai-raw-documents/specs/ARKANSAS/090702/proposal_090702_proposal.pdf,2026-08-06,downloaded
Arkansas,DOT,arkansas_dot,012535,012535,,https://media.ark.org/ardot/012535_1-proposal.pdf,012535_1-proposal.pdf,7320434,DOT SS/SP,,gs://specindex-ai-raw-documents/specs/ARKANSAS/012535/proposal_012535_1-proposal.pdf,2026-08-06,downloaded
Arkansas,DOT,arkansas_dot,SA5143,SA5143,,https://media.ark.org/ardot/SA5143_proposal.pdf,SA5143_proposal.pdf,11956803,DOT SS/SP,,gs://specindex-ai-raw-documents/specs/ARKANSAS/SA5143/proposal_SA5143_proposal.pdf,2026-08-06,downloaded
Arkansas,DOT,arkansas_dot,SA5865,SA5865,,https://media.ark.org/ardot/SA5865_proposal.pdf,SA5865_proposal.pdf,11939565,DOT SS/SP,,gs://specindex-ai-raw-documents/specs/ARKANSAS/SA5865/proposal_SA5865_proposal.pdf,2026-08-06,downloaded
Arkansas,DOT,arkansas_dot,110812,110812,,https://media.ark.org/ardot/110812_proposal.pdf,110812_proposal.pdf,10872587,DOT SS/SP,,gs://specindex-ai-raw-documents/specs/ARKANSAS/110812/proposal_110812_proposal.pdf,2026-08-06,downloaded
multi,DOT,bidexpress,T041501C,System Enhancement (Engineering),,https://s3-us-west-2.amazonaws.com/azdotproductiondefault-adotcloud-prod-s3-files/document/02e2f208faef45d68f8117749a6278ba.pdf,02e2f208faef45d68f8117749a6278ba.pdf,11466088,DOT SS/SP,,gs://specindex-ai-raw-documents/specs/MULTI/T041501C/proposal_02e2f208faef45d68f8117749a6278ba.pdf,2026-08-06,downloaded
multi,DOT,bidexpress,F069101C,System Enhancement (Safety Improvements),,https://s3-us-west-2.amazonaws.com/azdotproductiondefault-adotcloud-prod-s3-files/document/63772234960c4df79dfbc86947841fa2.pdf,63772234960c4df79dfbc86947841fa2.pdf,2535583,DOT SS/SP,,gs://specindex-ai-raw-documents/specs/MULTI/F069101C/proposal_63772234960c4df79dfbc86947841fa2.pdf,2026-08-06,downloaded
multi,DOT,bidexpress,F028801C,ROUNDABOUT,,https://s3-us-west-2.amazonaws.com/azdotproductiondefault-adotcloud-prod-s3-files/document/fd3b1f2acfff48b5a259bef7923de476.pdf,fd3b1f2acfff48b5a259bef7923de476.pdf,3074596,DOT SS/SP,,gs://specindex-ai-raw-documents/specs/MULTI/F028801C/proposal_fd3b1f2acfff48b5a259bef7923de476.pdf,2026-08-06,downloaded
multi,DOT,bidexpress,T040901C,System Enhancement (Safety Improvements),,https://s3-us-west-2.amazonaws.com/azdotproductiondefault-adotcloud-prod-s3-files/document/43c7b0ff2fba4547a224501a3edb338f.pdf,43c7b0ff2fba4547a224501a3edb338f.pdf,1918925,DOT SS/SP,,gs://specindex-ai-raw-documents/specs/MULTI/T040901C/proposal_43c7b0ff2fba4547a224501a3edb338f.pdf,2026-08-06,downloaded
multi,DOT,bidexpress,T043901C,INSTALL RUMBLE STRIPS &amp; WIDEN SHOULDERS,,https://s3-us-west-2.amazonaws.com/azdotproductiondefault-adotcloud-prod-s3-files/document/0e764be25d5f4dd5a0c290f01867fbe0.pdf,0e764be25d5f4dd5a0c290f01867fbe0.pdf,6801707,,,,2026-08-06,downloaded
multi,DOT,bidexpress,F070301C,System Enhancement (Safety Improvements),,https://s3-us-west-2.amazonaws.com/azdotproductiondefault-adotcloud-prod-s3-files/document/6f967d79e04549cdabd13ba0aed297f7.pdf,6f967d79e04549cdabd13ba0aed297f7.pdf,2493454,DOT SS/SP,,gs://specindex-ai-raw-documents/specs/MULTI/F070301C/proposal_6f967d79e04549cdabd13ba0aed297f7.pdf,2026-08-06,downloaded
multi,DOT,bidexpress,T042301C,ROADWAY IMPROVEMENTS,,https://s3-us-west-2.amazonaws.com/azdotproductiondefault-adotcloud-prod-s3-files/document/19e73476319a4f3192ea090f560b83e7.pdf,19e73476319a4f3192ea090f560b83e7.pdf,1979532,DOT SS/SP,,gs://specindex-ai-raw-documents/specs/MULTI/T042301C/proposal_19e73476319a4f3192ea090f560b83e7.pdf,2026-08-06,downloaded
multi,DOT,bidexpress,F079301C,Fence Replacement,,https://s3-us-west-2.amazonaws.com/azdotproductiondefault-adotcloud-prod-s3-files/document/10a093fddf3d40098126e183bf34d432.pdf,10a093fddf3d40098126e183bf34d432.pdf,1417184,DOT SS/SP,,gs://specindex-ai-raw-documents/specs/MULTI/F079301C/proposal_10a093fddf3d40098126e183bf34d432.pdf,2026-08-06,downloaded
multi,DOT,bidexpress,T071901C,CONSTRUCT MULTI USE PATH,,https://s3-us-west-2.amazonaws.com/azdotproductiondefault-adotcloud-prod-s3-files/document/8a363fb892084ea5a0fdb26930201846.pdf,8a363fb892084ea5a0fdb26930201846.pdf,2541347,DOT SS/SP,,gs://specindex-ai-raw-documents/specs/MULTI/T071901C/proposal_8a363fb892084ea5a0fdb26930201846.pdf,2026-08-06,downloaded
multi,DOT,bidexpress,T071801C,System Enhancement (Other Enhancements),,https://s3-us-west-2.amazonaws.com/azdotproductiondefault-adotcloud-prod-s3-files/document/1dfeffab4c904d2da6c8af99b1036efb.pdf,1dfeffab4c904d2da6c8af99b1036efb.pdf,2689130,DOT SS/SP,,gs://specindex-ai-raw-documents/specs/MULTI/T071801C/proposal_1dfeffab4c904d2da6c8af99b1036efb.pdf,2026-08-06,downloaded
multi,DOT,bidexpress,F071901C,Capacity Additions (Major Widening),,https://s3-us-west-2.amazonaws.com/azdotproductiondefault-adotcloud-prod-s3-files/document/6de057db25f54c78b27cde5f66b6bc35.pdf,6de057db25f54c78b27cde5f66b6bc35.pdf,38476562,DOT SS/SP,,gs://specindex-ai-raw-documents/specs/MULTI/F071901C/proposal_6de057db25f54c78b27cde5f66b6bc35.pdf,2026-08-06,downloaded
multi,DOT,bidexpress,F073801C,New Facilities (Construction of New Roads),,https://s3-us-west-2.amazonaws.com/azdotproductiondefault-adotcloud-prod-s3-files/document/5d60e6434e214538bfea96a84adeff54.pdf,5d60e6434e214538bfea96a84adeff54.pdf,3542406,,,,2026-08-06,downloaded
multi,DOT,bidexpress,F073601C,System Enhancement (Traffic Mgmt and Engineering),,https://s3-us-west-2.amazonaws.com/azdotproductiondefault-adotcloud-prod-s3-files/document/32583403a5ad4c6e841a173a6467e5e4.pdf,32583403a5ad4c6e841a173a6467e5e4.pdf,2189088,DOT SS/SP,,gs://specindex-ai-raw-documents/specs/MULTI/F073601C/proposal_32583403a5ad4c6e841a173a6467e5e4.pdf,2026-08-06,downloaded
multi,DOT,bidexpress,T053701C,System Enhancement (Engineering),,https://s3-us-west-2.amazonaws.com/azdotproductiondefault-adotcloud-prod-s3-files/document/03fc02a7e58344abb2803a8c4763bbea.pdf,03fc02a7e58344abb2803a8c4763bbea.pdf,2716339,DOT SS/SP,,gs://specindex-ai-raw-documents/specs/MULTI/T053701C/proposal_03fc02a7e58344abb2803a8c4763bbea.pdf,2026-08-06,downloaded
multi,DOT,bidexpress,F076501C,System Enhancement (Traffic Mgmt and Engineering),,https://s3-us-west-2.amazonaws.com/azdotproductiondefault-adotcloud-prod-s3-files/document/6bc5dba06df64d8b9d0e4edfe151c99e.pdf,6bc5dba06df64d8b9d0e4edfe151c99e.pdf,8494610,DOT SS/SP,,gs://specindex-ai-raw-documents/specs/MULTI/F076501C/proposal_6bc5dba06df64d8b9d0e4edfe151c99e.pdf,2026-08-06,downloaded
multi,DOT,bidexpress,F089401C,Approach Repairs,,https://s3-us-west-2.amazonaws.com/azdotproductiondefault-adotcloud-prod-s3-files/document/10c9ffaef19143f191237ac2f16e9db2.pdf,10c9ffaef19143f191237ac2f16e9db2.pdf,2082375,DOT SS/SP,,gs://specindex-ai-raw-documents/specs/MULTI/F089401C/proposal_10c9ffaef19143f191237ac2f16e9db2.pdf,2026-08-06,downloaded
"Utah, Washington",Vertical,bonfire,CS27009-Stage 1,DFCM Construction - VBS Construction Stage I - Department of Veterans and Military Affairs - Northern Utah Veterans Cemetery - Project #26360490,,https://utah.bonfirehub.com/opportunitiessingle/245436/downloadDocumentUnauthenticated/10780767,10780767,309153,,,,2026-08-06,downloaded
"Utah, Washington",Vertical,bonfire,27-001,Mount Pleasant Elementary Boiler Replacement,,https://utah.bonfirehub.com/opportunitiessingle/245451/downloadDocumentUnauthenticated/10606078,10606078,14646578,,,,2026-08-06,downloaded
"Utah, Washington",Vertical,bonfire,NSDRP26-0708,NSD Testing & Special Inspection of Construction Materials RFP,,https://utah.bonfirehub.com/opportunitiessingle/246889/downloadDocumentUnauthenticated/10682839,10682839,543037,,,,2026-08-06,downloaded
"Utah, Washington",Vertical,bonfire,CS27004,DFCM Construction - Invitational - Division of Facilities Construction and Management - BRC Exterior Disconnects and Electrical Upgrades - Project #26353310,,https://utah.bonfirehub.com/opportunitiessingle/244303/downloadDocumentUnauthenticated/10550759,10550759,2298775,CSI,01;02;03;26;27,"gs://specindex-ai-raw-documents/specs/UTAH, WASHINGTON/CS27004/specbook_10550759.pdf",2026-08-06,downloaded
"Utah, Washington",Vertical,bonfire,SB27002,DFCM Maintenance - Refuse Services - Invitation to Bid - Vernal Buildings,,https://utah.bonfirehub.com/opportunitiessingle/244647/downloadDocumentUnauthenticated/10606030,10606030,342732,,,,2026-08-06,downloaded
"Utah, Washington",Vertical,bonfire,CS27008,DFCM Construction - Invitational - Bridgerland Technical College - Main Campus West Facade and Door Improvements - Project #27056210,,https://utah.bonfirehub.com/opportunitiessingle/244679/downloadDocumentUnauthenticated/10570495,10570495,24207542,,,,2026-08-06,downloaded
"Utah, Washington",Vertical,bonfire,CR27000,DFCM Construction - Invitational - Department of Natural Resources- Trust Lands Office Remodel- Project #27284500,,https://utah.bonfirehub.com/opportunitiessingle/244902/downloadDocumentUnauthenticated/10800640,10800640,1637948,,,,2026-08-06,downloaded
"Utah, Washington",Vertical,bonfire,CS27011,DFCM Construction - VBS Consultant Services - Design Services - Department of Transportation - Multiple Pump House Replacements and Repairs - Project #27329900,,https://utah.bonfirehub.com/opportunitiessingle/245368/downloadDocumentUnauthenticated/10672502,10672502,632136,,,,2026-08-06,downloaded
"Utah, Washington",Vertical,bonfire,SLCI27014,"Salt Lake City Request for Bid SLCI27014 Vehicle Glass Repair, Replacement, and Related Services",,https://utah.bonfirehub.com/opportunitiessingle/246827/downloadDocumentUnauthenticated/10678230,10678230,186482,,,,2026-08-06,downloaded
"Utah, Washington",Vertical,bonfire,CR27004,DFCM Construction - Prequalified Hazmat Stage II - Southern Utah University - Ponderosa Terrace Abatement - Project #22309300,,https://utah.bonfirehub.com/opportunitiessingle/245658/downloadDocumentUnauthenticated/10800504,10800504,7838904,CSI,02,"gs://specindex-ai-raw-documents/specs/UTAH, WASHINGTON/CR27004/specbook_10800504.pdf",2026-08-06,downloaded
"Utah, Washington",Vertical,bonfire,CS26096,DFCM Construction - Prequalified General Stage II - Department of Alcoholic Beverage Services - Farmington Liquor Store Facade Replacement - Project #27070030,,https://utah.bonfirehub.com/opportunitiessingle/242682/downloadDocumentUnauthenticated/10479087,10479087,3823702,CSI,01;02;06;07,"gs://specindex-ai-raw-documents/specs/UTAH, WASHINGTON/CS26096/specbook_10479087.pdf",2026-08-06,downloaded
"Utah, Washington",Vertical,bonfire,CS27006,DFCM Construction - Prequalified General Stage II - Department of Transportation - Perry Rest Area Landscape Improvements - Project #27066900,,https://utah.bonfirehub.com/opportunitiessingle/244565/downloadDocumentUnauthenticated/10775214,10775214,1677997,,,,2026-08-06,downloaded
"Utah, Washington",Vertical,bonfire,RA27-8,First Step House- Window Replacement,,https://utah.bonfirehub.com/opportunitiessingle/245952/downloadDocumentUnauthenticated/10691932,10691932,166808,,,,2026-08-06,downloaded
"Utah, Washington",Vertical,bonfire,SNOC26271009,SNOC26271009 - Swimming Pool Replacement of Flooring,,https://utah.bonfirehub.com/opportunitiessingle/246649/downloadDocumentUnauthenticated/10669498,10669498,67493,unreadable,,,2026-08-06,unreadable format
"Utah, Washington",Vertical,bonfire,WJPW26070801,Center Park Dr. - 6200 S Trail Construction,,https://utah.bonfirehub.com/opportunitiessingle/243919/downloadDocumentUnauthenticated/10573670,10573670,17432138,CSI,01,"gs://specindex-ai-raw-documents/specs/UTAH, WASHINGTON/WJPW26070801/specbook_10573670.pdf",2026-08-06,downloaded
"Utah, Washington",Vertical,bonfire,CR27003,DFCM Construction - Prequalified General Stage II - Southern Utah University- SUU Nursing Lab Remodel - Project #27318730,,https://utah.bonfirehub.com/opportunitiessingle/245349/downloadDocumentUnauthenticated/10600964,10600964,30441714,CSI,01;03;07;08;21;22;23;26;27;28,"gs://specindex-ai-raw-documents/specs/UTAH, WASHINGTON/CR27003/specbook_10600964.pdf",2026-08-06,downloaded
"Utah, Washington",Vertical,bonfire,DA27006,DFCM Construction - Prequalified Mechanical Stage II - Capitol Preservation Board - Capitol Complex Utility Plant Boiler Replacement - 25255050,,https://utah.bonfirehub.com/opportunitiessingle/246433/downloadDocumentUnauthenticated/10658474,10658474,2731195,CSI,01;21;22;23;26,"gs://specindex-ai-raw-documents/specs/UTAH, WASHINGTON/DA27006/specbook_10658474.pdf",2026-08-06,downloaded
"Utah, Washington",Vertical,bonfire,ITB-27-194,Beaver County School District-Structural Demolition and Site Backfill Old Beaver U Building,,https://utah.bonfirehub.com/opportunitiessingle/247886/downloadDocumentUnauthenticated/10792336,10792336,373914,,,,2026-08-06,downloaded
"Utah, Washington",Vertical,bonfire,JH27-1-1,(Resolicitation) Reclamation Construction for Sowbelly Gulch Project,,https://utah.bonfirehub.com/opportunitiessingle/248137/downloadDocumentUnauthenticated/10803189,10803189,33633421,CSI,,"gs://specindex-ai-raw-documents/specs/UTAH, WASHINGTON/JH27-1-1/specbook_10803189.pdf",2026-08-06,downloaded
"Utah, Washington",Vertical,bonfire,MP27002,DFCM Construction - Standard Low Bid - DABS - New Park City Store - Project #23464030,,https://utah.bonfirehub.com/opportunitiessingle/244509/downloadDocumentUnauthenticated/10561668,10561668,12198910,CSI,00;01;02;03;04;05;06;07;08;09;10;11;12;23;26;32,"gs://specindex-ai-raw-documents/specs/UTAH, WASHINGTON/MP27002/specbook_10561668.pdf",2026-08-06,downloaded
"Utah, Washington",Vertical,bonfire,PCMC27010 - ICE,Park City Ice Arena Rooftop Mechanical Support Improvements,,https://utah.bonfirehub.com/opportunitiessingle/246164/downloadDocumentUnauthenticated/10645379,10645379,42509192,,,,2026-08-06,downloaded
"Utah, Washington",Vertical,bonfire,GJ27-4,GJ27-4 Desert PID Mack Canyon Road Improvements Turnkey Construction Project D002,,https://utah.bonfirehub.com/opportunitiessingle/245288/downloadDocumentUnauthenticated/10694741,10694741,141437,,,,2026-08-06,downloaded
California,DOT,california_dot,02-2K2304,Caltrans contract 02-2K2304,,https://ppmoe.dot.ca.gov/api/x_cado2_contractor/public_attachment_downloader_api/afa3e083479acb9006b0f5d4116d430b,afa3e083479acb9006b0f5d4116d430b,468806,,,,2026-08-06,downloaded
California,DOT,california_dot,12-0T7304,Caltrans contract 12-0T7304,,https://ppmoe.dot.ca.gov/api/x_cado2_contractor/public_attachment_downloader_api/f2f3256f471683d006b0f5d4116d43e8,f2f3256f471683d006b0f5d4116d43e8,10872191,unreadable,,,2026-08-06,unreadable format
California,DOT,california_dot,04-2W6604,Caltrans contract 04-2W6604,,https://ppmoe.dot.ca.gov/api/x_cado2_contractor/public_attachment_downloader_api/36226d6b471683d006b0f5d4116d43e3,36226d6b471683d006b0f5d4116d43e3,945637,,,,2026-08-06,downloaded
California,DOT,california_dot,03-0N4504,Caltrans contract 03-0N4504,,https://ppmoe.dot.ca.gov/api/x_cado2_contractor/public_attachment_downloader_api/51a3a407931647d00ff1fb686cba109a,51a3a407931647d00ff1fb686cba109a,15950317,unreadable,,,2026-08-06,unreadable format
California,DOT,california_dot,06-1E9104,Caltrans contract 06-1E9104,,https://ppmoe.dot.ca.gov/api/x_cado2_contractor/public_attachment_downloader_api/6c06ec0fc35603d0a56f392f0501319c,6c06ec0fc35603d0a56f392f0501319c,31255113,unreadable,,,2026-08-06,unreadable format
California,DOT,california_dot,07-1A7204,Caltrans contract 07-1A7204,,https://ppmoe.dot.ca.gov/api/x_cado2_contractor/public_attachment_downloader_api/b33996ee93d2cb900ff1fb686cba10dc,b33996ee93d2cb900ff1fb686cba10dc,10220010,unreadable,,,2026-08-06,unreadable format
California,DOT,california_dot,04-0Q8004,Caltrans contract 04-0Q8004,,https://ppmoe.dot.ca.gov/api/x_cado2_contractor/public_attachment_downloader_api/5ed8807487da0350afd2c8cd0ebb3592,5ed8807487da0350afd2c8cd0ebb3592,1139984,,,,2026-08-06,downloaded
California,DOT,california_dot,04-0W0604,Caltrans contract 04-0W0604,,https://ppmoe.dot.ca.gov/api/x_cado2_contractor/public_attachment_downloader_api/f9d98c7c87da0350afd2c8cd0ebb3598,f9d98c7c87da0350afd2c8cd0ebb3598,31255113,unreadable,,,2026-08-06,unreadable format
California,DOT,california_dot,06-0Y1504,Caltrans contract 06-0Y1504,,https://ppmoe.dot.ca.gov/api/x_cado2_contractor/public_attachment_downloader_api/382ac030871e0350afd2c8cd0ebb35ba,382ac030871e0350afd2c8cd0ebb35ba,1507628,,,,2026-08-06,downloaded
California,DOT,california_dot,07-0Y2404,Caltrans contract 07-0Y2404,,https://ppmoe.dot.ca.gov/api/x_cado2_contractor/public_attachment_downloader_api/ee7b8cbc871e0350afd2c8cd0ebb3517,ee7b8cbc871e0350afd2c8cd0ebb3517,1553798,,,,2026-08-06,downloaded
California,DOT,california_dot,04-3AA504,Caltrans contract 04-3AA504,,https://ppmoe.dot.ca.gov/api/x_cado2_contractor/public_attachment_downloader_api/3239043887da0350afd2c8cd0ebb3507,3239043887da0350afd2c8cd0ebb3507,15950317,unreadable,,,2026-08-06,unreadable format
California,DOT,california_dot,04-2W3704,Caltrans contract 04-2W3704,,https://ppmoe.dot.ca.gov/api/x_cado2_contractor/public_attachment_downloader_api/330c8cf0875e0350afd2c8cd0ebb35b7,330c8cf0875e0350afd2c8cd0ebb35b7,785121,,,,2026-08-06,downloaded
California,DOT,california_dot,04-0W0504,Caltrans contract 04-0W0504,,https://ppmoe.dot.ca.gov/api/x_cado2_contractor/public_attachment_downloader_api/a43c8cf4c35a8350a56f392f0501313e,a43c8cf4c35a8350a56f392f0501313e,31255113,unreadable,,,2026-08-06,unreadable format
California,DOT,california_dot,03-4J9004,Caltrans contract 03-4J9004,,https://ppmoe.dot.ca.gov/api/x_cado2_contractor/public_attachment_downloader_api/536d9d07c30a4fd0a56f392f050131a9,536d9d07c30a4fd0a56f392f050131a9,15950317,unreadable,,,2026-08-06,unreadable format
California,DOT,california_dot,10-1H5604,Caltrans contract 10-1H5604,,https://ppmoe.dot.ca.gov/api/x_cado2_contractor/public_attachment_downloader_api/d6cd1983c34a4fd0a56f392f05013194,d6cd1983c34a4fd0a56f392f05013194,4422535,CSI,01;04;20,gs://specindex-ai-raw-documents/specs/CALIFORNIA/10-1H5604/specbook_d6cd1983c34a4fd0a56f392f05013194.pdf,2026-08-06,downloaded
California,DOT,california_dot,06-0H22U4,Caltrans contract 06-0H22U4,,https://ppmoe.dot.ca.gov/api/x_cado2_contractor/public_attachment_downloader_api/b26c7f80c30a4350a56f392f050131a9,b26c7f80c30a4350a56f392f050131a9,27119084,unreadable,,,2026-08-06,unreadable format
California,DOT,california_dot,04-1Y0004,Caltrans contract 04-1Y0004,,https://ppmoe.dot.ca.gov/api/x_cado2_contractor/public_attachment_downloader_api/879f6fc0930a8f100ff1fb686cba1058,879f6fc0930a8f100ff1fb686cba1058,15950317,unreadable,,,2026-08-06,unreadable format
California,DOT,california_dot,05-1S5904,Caltrans contract 05-1S5904,,https://ppmoe.dot.ca.gov/api/x_cado2_contractor/public_attachment_downloader_api/3d8719e287f94750afd2c8cd0ebb357b,3d8719e287f94750afd2c8cd0ebb357b,27119084,unreadable,,,2026-08-06,unreadable format
California,DOT,california_dot,04-1W7104,Caltrans contract 04-1W7104,,https://ppmoe.dot.ca.gov/api/x_cado2_contractor/public_attachment_downloader_api/a9f39dc493f187500ff1fb686cba1057,a9f39dc493f187500ff1fb686cba1057,27119084,unreadable,,,2026-08-06,unreadable format
California,DOT,california_dot,03-2J9804,Caltrans contract 03-2J9804,,https://ppmoe.dot.ca.gov/api/x_cado2_contractor/public_attachment_downloader_api/0122d1cc93b187500ff1fb686cba1021,0122d1cc93b187500ff1fb686cba1021,15950317,unreadable,,,2026-08-06,unreadable format
California,DOT,california_dot,04-0W1404,Caltrans contract 04-0W1404,,https://ppmoe.dot.ca.gov/api/x_cado2_contractor/public_attachment_downloader_api/b36729cec36943d0a56f392f0501316a,b36729cec36943d0a56f392f0501316a,27119084,unreadable,,,2026-08-06,unreadable format
Delaware,DOT,delaware_dot,T202566204,"RESILIENCY IMPROVEMENTS, KC, CYPRESS BRANCH RD",,https://gssdocs.deldot.delaware.gov/bids/T202566204%20Proposal.pdf,T202566204%20Proposal.pdf,5236715,DOT SS/SP,,gs://specindex-ai-raw-documents/specs/DELAWARE/T202566204/proposal_T202566204-20Proposal.pdf,2026-08-06,downloaded
Delaware,DOT,delaware_dot,T202201701,CEDAR NECK ROAD PATHWAY,,https://gssdocs.deldot.delaware.gov/bids/T202201701%20Proposal.pdf,T202201701%20Proposal.pdf,7692924,DOT SS/SP,,gs://specindex-ai-raw-documents/specs/DELAWARE/T202201701/proposal_T202201701-20Proposal.pdf,2026-08-06,downloaded
Delaware,DOT,delaware_dot,DOT262213-P4PROG,Prioritization Process Pilot Program,,https://bidcondocs.delaware.gov/DOT/DOT262213-P4PROG_rfp.pdf,DOT262213-P4PROG_rfp.pdf,353891,,,,2026-08-06,downloaded
Delaware,DOT,delaware_dot,T202606501,"OPEN END- PATCHING AND THIN OVERLAY,  CENTRAL DISTRICT, FY 26 - 29",,https://gssdocs.deldot.delaware.gov/bids/T202606501%20Proposal.pdf,T202606501%20Proposal.pdf,3787448,DOT SS/SP,,gs://specindex-ai-raw-documents/specs/DELAWARE/T202606501/proposal_T202606501-20Proposal.pdf,2026-08-06,downloaded
Delaware,DOT,delaware_dot,T202606504,"OPEN END - PAVEMENT PRESERVATION, CENTRAL, FY 26 - 29",,https://gssdocs.deldot.delaware.gov/bids/T202606504%20Proposal.pdf,T202606504%20Proposal.pdf,4617311,DOT SS/SP,,gs://specindex-ai-raw-documents/specs/DELAWARE/T202606504/proposal_T202606504-20Proposal.pdf,2026-08-06,downloaded
Delaware,DOT,delaware_dot,T202611302,"US 301 MEDIAN BARRIER, SR 896 TO MD LINE",,https://gssdocs.deldot.delaware.gov/bids/T202611302%20%20Proposal.pdf,T202611302%20%20Proposal.pdf,6474369,DOT SS/SP,,gs://specindex-ai-raw-documents/specs/DELAWARE/T202611302/proposal_T202611302-20-20Proposal.pdf,2026-08-06,downloaded
Delaware,DOT,delaware_dot,T202153104.03,DOVER BUS CANOPY SOLAR PANELS - READVERTISEMENT,,https://gssdocs.deldot.delaware.gov/bids/T202153104-03%20Proposal.pdf,T202153104-03%20Proposal.pdf,657786,DOT SS/SP,,gs://specindex-ai-raw-documents/specs/DELAWARE/T202153104.03/proposal_T202153104-03-20Proposal.pdf,2026-08-06,downloaded
Delaware,DOT,delaware_dot,DOT2606-NEVI_2,National Electric Vehicle Infrastructure (NEVI) Round 2,,https://bidcondocs.delaware.gov/DOT/DOT262606-NEVI_2_ad1.pdf,DOT262606-NEVI_2_ad1.pdf,1073206,,,,2026-08-06,downloaded
Delaware,DOT,delaware_dot,T202606301,"PAVEMENT & REHABILITATION, SUSSEX I,  (US 13 NB & SB, DELMAR TO LAUREL), 2026",,https://gssdocs.deldot.delaware.gov/bids/T202606301%20Proposal.pdf,T202606301%20Proposal.pdf,6737148,DOT SS/SP,,gs://specindex-ai-raw-documents/specs/DELAWARE/T202606301/proposal_T202606301-20Proposal.pdf,2026-08-06,downloaded
Delaware,DOT,delaware_dot,T202607701,"BRIDGE PAINTING, NEW CASTLE COUNTY, FY27",,https://gssdocs.deldot.delaware.gov/bids/T202607701%20Proposal.pdf,T202607701%20Proposal.pdf,1258434,DOT SS/SP,,gs://specindex-ai-raw-documents/specs/DELAWARE/T202607701/proposal_T202607701-20Proposal.pdf,2026-08-06,downloaded
Delaware,DOT,delaware_dot,T202501101.02,"OPEN END- PEDESTRIAN ACCESS ROUTES &  SIDEWALK IMPROVEMENTS, NCC FY25-FY27",,https://gssdocs.deldot.delaware.gov/bids/T202501101-02%20Proposal.pdf,T202501101-02%20Proposal.pdf,1077131,DOT SS/SP,,gs://specindex-ai-raw-documents/specs/DELAWARE/T202501101.02/proposal_T202501101-02-20Proposal.pdf,2026-08-06,downloaded
Delaware,DOT,delaware_dot,T202500901,"SR 1 MEDIAN BARRIER, SR 30 TO SR 16",,https://gssdocs.deldot.delaware.gov/bids/T202500901%20Proposal.pdf,T202500901%20Proposal.pdf,1304312,DOT SS/SP,,gs://specindex-ai-raw-documents/specs/DELAWARE/T202500901/proposal_T202500901-20Proposal.pdf,2026-08-06,downloaded
Delaware,DOT,delaware_dot,T201907103,BR 1-084 ON N234 TWADDELL MILL ROAD  OVER TRIBUTARY TO BRANDYWINE CREEK,,https://gssdocs.deldot.delaware.gov/bids/T201907103%20Proposal.pdf,T201907103%20Proposal.pdf,1056503,DOT SS/SP,,gs://specindex-ai-raw-documents/specs/DELAWARE/T201907103/proposal_T201907103-20Proposal.pdf,2026-08-06,downloaded
Delaware,DOT,delaware_dot,DOT2614-SIGNITSREP,Traffic Signal & ITS Equipment Repair,,https://bidcondocs.delaware.gov/DOT/DOT2614-SIGNITSREP_itb.pdf,DOT2614-SIGNITSREP_itb.pdf,1233380,,,,2026-08-06,downloaded
Delaware,DOT,delaware_dot,DOT2613-LITTER_REM,Routine Litter & Debris Removal,,https://bidcondocs.delaware.gov/DOT/DOT2613-LITTER_REM_rfp.pdf,DOT2613-LITTER_REM_rfp.pdf,3392934,,,,2026-08-06,downloaded
Delaware,DOT,delaware_dot,T202603110,"COMMUNITY TRANSPORTATION FUND, NEW CASTLE X, 2026",,https://gssdocs.deldot.delaware.gov/bids/T202603110%20Proposal.pdf,T202603110%20Proposal.pdf,5970056,DOT SS/SP,,gs://specindex-ai-raw-documents/specs/DELAWARE/T202603110/proposal_T202603110-20Proposal.pdf,2026-08-06,downloaded
Delaware,DOT,delaware_dot,DOT252195-EAM_SYSTEM,Enterprise Asset Management System,,https://bidcondocs.delaware.gov/DOT/DOT252195-EAM_SYSTEM-ad1.pdf,DOT252195-EAM_SYSTEM-ad1.pdf,342689,,,,2026-08-06,downloaded
Delaware,DOT,delaware_dot,DOT262158F-MFT_LICENS,Motor Fuel Electronic Licensing and Tax Filing,,https://bidcondocs.delaware.gov/DOT/DOT262158F-MFT_LICENS-ad1.pdf,DOT262158F-MFT_LICENS-ad1.pdf,330508,,,,2026-08-06,downloaded
Delaware,DOT,delaware_dot,DOT242190-UNDERWRIT,Underwriting Services,,https://bidcondocs.delaware.gov/DOT/DOT242190-UNDERWRIT-RFP.pdf,DOT242190-UNDERWRIT-RFP.pdf,249547,,,,2026-08-06,downloaded
Delaware,DOT,delaware_dot,T201407106,REPLACEMENT OF BRIDGE 1-185 ON OAK RIDGE ROAD,,https://gssdocs.deldot.delaware.gov/bids/T201407106%20Proposal.pdf,T201407106%20Proposal.pdf,9083534,DOT SS/SP,,gs://specindex-ai-raw-documents/specs/DELAWARE/T201407106/proposal_T201407106-20Proposal.pdf,2026-08-06,downloaded
Delaware,DOT,delaware_dot,DOT2609-CRASH_TMA,Crash Attenuators (TMA),,https://bidcondocs.delaware.gov/DOT/DOT2609-CRASH_TMA-pr.pdf,DOT2609-CRASH_TMA-pr.pdf,55761,,,,2026-08-06,downloaded
Delaware,DOT,delaware_dot,DOT242157-SAP_SERVICES,DelDOT Drug and Alcohol Program – FMCSA- Compliant Employee Assistance Services,,https://bidcondocs.delaware.gov/DOT/DOT2157-SAP_SERVICES-ad1.pdf,DOT2157-SAP_SERVICES-ad1.pdf,1557579,,,,2026-08-06,downloaded
Delaware,DOT,delaware_dot,T202501101,"OPEN-END PEDESTRIAN ACCESS ROUTES & SIDEWALK IMPROVEMENTS, NCC FY25-FY27",,https://gssdocs.deldot.delaware.gov/bids/T202501101%20Proposal.pdf,T202501101%20Proposal.pdf,2105951,DOT SS/SP,,gs://specindex-ai-raw-documents/specs/DELAWARE/T202501101/proposal_T202501101-20Proposal.pdf,2026-08-06,downloaded
Delaware,DOT,delaware_dot,T202406101,"PAVEMENT AND REHABILITATION, NORTH I, 2024",,https://gssdocs.deldot.delaware.gov/bids/T202406101%20Proposal.pdf,T202406101%20Proposal.pdf,5880212,DOT SS/SP,,gs://specindex-ai-raw-documents/specs/DELAWARE/T202406101/proposal_T202406101-20Proposal.pdf,2026-08-06,downloaded
Delaware,DOT,delaware_dot,T202406102,"PAVEMENT AND REHABILITATION, NORTH II, 2024",,https://gssdocs.deldot.delaware.gov/bids/T202406102%20Proposal.pdf,T202406102%20Proposal.pdf,11376499,DOT SS/SP,,gs://specindex-ai-raw-documents/specs/DELAWARE/T202406102/proposal_T202406102-20Proposal.pdf,2026-08-06,downloaded
Delaware,Vertical,delaware_vertical,OMB-MC3804000169,James T. Vaughn Correctional Center New K-9 Facility,,https://bidcondocs.delaware.gov/OMB/OMB-MC3804000169-specs.pdf,OMB-MC3804000169-specs.pdf,10527410,CSI,00;01;02;03;04;05;06;07;08;09;10;11;12;13;14;21;22;23;25;26;27;28;31;32;33,gs://specindex-ai-raw-documents/specs/DELAWARE/OMB-MC3804000169/specbook_OMB-MC3804000169-specs.pdf,2026-08-06,downloaded
Delaware,Vertical,delaware_vertical,OMB-MC1002001111A,DSP Headquarters Boiler Replacement,,https://bidcondocs.delaware.gov/OMB/OMB-MC1002001111A-specs.pdf,OMB-MC1002001111A-specs.pdf,12196914,CSI,00;01;03;22;23;26,gs://specindex-ai-raw-documents/specs/DELAWARE/OMB-MC1002001111A/specbook_OMB-MC1002001111A-specs.pdf,2026-08-06,downloaded
Delaware,Vertical,delaware_vertical,OMB-MJ0213000001A,JP Court 4 Lobby Expansion,,https://bidcondocs.delaware.gov/OMB/OMB-MJ0213000001A-specs.pdf,OMB-MJ0213000001A-specs.pdf,5205547,CSI,00;01;02;03;04;05;06;07;08;09;10;11;12;22;23;26;27;28;31;32,gs://specindex-ai-raw-documents/specs/DELAWARE/OMB-MJ0213000001A/specbook_OMB-MJ0213000001A-specs.pdf,2026-08-06,downloaded
Delaware,Vertical,delaware_vertical,OMB-MC2006000214,Reith Hall Stained Glass Window Restoration,,https://bidcondocs.delaware.gov/OMB/OMB-MC2006000214-specs..pdf,OMB-MC2006000214-specs..pdf,11251406,CSI,00;01;02;06;07;08;09,gs://specindex-ai-raw-documents/specs/DELAWARE/OMB-MC2006000214/specbook_OMB-MC2006000214-specs..pdf,2026-08-06,downloaded
Delaware,Vertical,delaware_vertical,OMB-MC5508000005,Transportation Management Center Cooling Tower Replacement,,https://bidcondocs.delaware.gov/OMB/OMB-MC5508000005-SPECS.pdf,OMB-MC5508000005-SPECS.pdf,7126645,CSI,00;01;02;23;26,gs://specindex-ai-raw-documents/specs/DELAWARE/OMB-MC5508000005/specbook_OMB-MC5508000005-SPECS.pdf,2026-08-06,downloaded
Delaware,Vertical,delaware_vertical,OMB-MJ1002000087A,Leonard L Williams Justice Center Escalator Replacement,,https://bidcondocs.delaware.gov/OMB/OMB-MJ1002000087A-SPECS.pdf,OMB-MJ1002000087A-SPECS.pdf,8185311,CSI,00;01;03;06;07;09;14;21;26,gs://specindex-ai-raw-documents/specs/DELAWARE/OMB-MJ1002000087A/specbook_OMB-MJ1002000087A-SPECS.pdf,2026-08-06,downloaded
Delaware,Vertical,delaware_vertical,OMB-MJ3804000111,Baylor Women's Correctional Institution Infirmary Expansion,,https://bidcondocs.delaware.gov/OMB/OMB-MJ3804000111-specs.pdf,OMB-MJ3804000111-specs.pdf,34226844,CSI,00;01;02;03;04;05;06;07;08;09;10;11;12;21;22;23;26;27;28;31;32;33,gs://specindex-ai-raw-documents/specs/DELAWARE/OMB-MJ3804000111/specbook_OMB-MJ3804000111-specs.pdf,2026-08-06,downloaded
Delaware,Vertical,delaware_vertical,OMB-MJ4506000006,Hi-Grade Evidence Storage Building,,https://bidcondocs.delaware.gov/OMB/OMB-MJ4506000006-SPECS.pdf,OMB-MJ4506000006-SPECS.pdf,29152399,CSI,00;01;02;03;04;05;06;07;08;09;10;21;22;23;26;28;31;32;33,gs://specindex-ai-raw-documents/specs/DELAWARE/OMB-MJ4506000006/specbook_OMB-MJ4506000006-SPECS.pdf,2026-08-06,downloaded
Delaware,Vertical,delaware_vertical,OMB-MC1002001090,Archives Shingle Roof Replacement,,https://bidcondocs.delaware.gov/OMB/OMB-MC1002001090-specs.pdf,OMB-MC1002001090-specs.pdf,3876232,CSI,00;01;02;04;05;06;07;08;26,gs://specindex-ai-raw-documents/specs/DELAWARE/OMB-MC1002001090/specbook_OMB-MC1002001090-specs.pdf,2026-08-06,downloaded
Delaware,Vertical,delaware_vertical,OMB-MC1002001078,Townsend Boiler & Chiller Replacement,,https://bidcondocs.delaware.gov/OMB/OMB-MC1002001078-specs.pdf,OMB-MC1002001078-specs.pdf,3222738,CSI,00;01;02;22;23;26;28,gs://specindex-ai-raw-documents/specs/DELAWARE/OMB-MC1002001078/specbook_OMB-MC1002001078-specs.pdf,2026-08-06,downloaded
Delaware,Vertical,delaware_vertical,ARNG202610-BBTSTRKLGT,BBTS Running Track Lighting,,https://bidcondocs.delaware.gov/ARNG/ARNG202610-BBTSTRKLGT_specs.pdf,ARNG202610-BBTSTRKLGT_specs.pdf,8940805,CSI,00;01;02;03;26;31;33,gs://specindex-ai-raw-documents/specs/DELAWARE/ARNG202610-BBTSTRKLGT/specbook_ARNG202610-BBTSTRKLGT_specs.pdf,2026-08-06,downloaded
Delaware,Vertical,delaware_vertical,ASD2622-BMROOF,Brick Mill Elementary School - Roof Recover,,https://bidcondocs.delaware.gov/ASD/ASD2622-BMFROOF_specs.pdf,ASD2622-BMFROOF_specs.pdf,12661362,CSI,00;01;02;06;07,gs://specindex-ai-raw-documents/specs/DELAWARE/ASD2622-BMROOF/specbook_ASD2622-BMFROOF_specs.pdf,2026-08-06,downloaded
Delaware,Vertical,delaware_vertical,NAT26001-THWILDVIEW,Ted Harvey Conservation Area Viewing Platforms,,https://bidcondocs.delaware.gov/NAT/NAT26001-THWILDVIEW_specs.pdf,NAT26001-THWILDVIEW_specs.pdf,10578880,CSI,00;01;13;31;32,gs://specindex-ai-raw-documents/specs/DELAWARE/NAT26001-THWILDVIEW/specbook_NAT26001-THWILDVIEW_specs.pdf,2026-08-06,downloaded
Delaware,Vertical,delaware_vertical,CSD26001-WH_BPA,CSD William Henry School Bid Pac A Demolition,,https://bidcondocs.delaware.gov/CSD/CSD26001-WH_BPA_specs.pdf,CSD26001-WH_BPA_specs.pdf,15303379,CSI,00;01;02,gs://specindex-ai-raw-documents/specs/DELAWARE/CSD26001-WH_BPA/specbook_CSD26001-WH_BPA_specs.pdf,2026-08-06,downloaded
Delaware,Vertical,delaware_vertical,OMB-MJ0217000003-BP5,Customs House Renovation and Addition,,https://bidcondocs.delaware.gov/OMB/OMB-MJ0217000003-BP5-specifications Part 1.pdf,OMB-MJ0217000003-BP5-specifications Part 1.pdf,,,,,2026-08-06,dead link
Delaware,Vertical,delaware_vertical,OMB-MJ0217000003-BP5,Customs House Renovation and Addition,,https://bidcondocs.delaware.gov/OMB/OMB-MJ0217000003-BP5-specifications Part 2.pdf,OMB-MJ0217000003-BP5-specifications Part 2.pdf,,,,,2026-08-06,dead link
Delaware,Vertical,delaware_vertical,OMB-MJ0217000003-BP5,Customs House Renovation and Addition,,https://bidcondocs.delaware.gov/OMB/OMB-MJ0217000003-BP5-specifications Part 3.pdf,OMB-MJ0217000003-BP5-specifications Part 3.pdf,,,,,2026-08-06,dead link
Delaware,Vertical,delaware_vertical,NAT202301-LEIPSICRESEARCHDOCK,Leipsic Research Dock Facility,,https://bidcondocs.delaware.gov/NAT/NAT202301-LEIPSICRESEARCHDOCK_specs.pdf,NAT202301-LEIPSICRESEARCHDOCK_specs.pdf,33574183,CSI,00;01;02;03;05;06;07;08;09;10;11;12;13;14;20;22;23;26;27;28;31;32;33,gs://specindex-ai-raw-documents/specs/DELAWARE/NAT202301-LEIPSICRESEARCHDOCK/specbook_NAT202301-LEIPSICRESEARCHDOCK_specs.pdf,2026-08-06,downloaded
Delaware,Vertical,delaware_vertical,DNGJLWS209094,Relocate Main Gate Complex,,https://bidcondocs.delaware.gov/DNG/DNG-JLWS209094_specs.pdf,DNG-JLWS209094_specs.pdf,28977200,CSI,00;01;02;03;04;05;06;07;08;09;10;12;13;20;22;23;26;27;28;31;32;33;34,gs://specindex-ai-raw-documents/specs/DELAWARE/DNGJLWS209094/specbook_DNG-JLWS209094_specs.pdf,2026-08-06,downloaded
Delaware,Vertical,delaware_vertical,OMB-MC3512000045A,Northeast State Service Center Reimagining Project,,https://bidcondocs.delaware.gov/OMB/OMB - MC3512000045A - specs.pdf,OMB - MC3512000045A - specs.pdf,,,,,2026-08-06,dead link
Delaware,Vertical,delaware_vertical,OMB-MC3512000045A,Northeast State Service Center Reimagining Project,,https://bidcondocs.delaware.gov/OMB/OMB -MC3512000045A - AD1.pdf,OMB -MC3512000045A - AD1.pdf,,,,,2026-08-06,dead link
Delaware,Vertical,delaware_vertical,OMB-MC3512000045A,Northeast State Service Center Reimagining Project,,https://bidcondocs.delaware.gov/OMB/OMB - MC3512000045A - RFP.pdf,OMB - MC3512000045A - RFP.pdf,,,,,2026-08-06,dead link
Delaware,Vertical,delaware_vertical,DSUPC24008-THOMDEMOLI,Thomasson Building Demolition,,https://bidcondocs.delaware.gov/DSU/DSUPC24008-THOMDEMOLI_specs.pdf,DSUPC24008-THOMDEMOLI_specs.pdf,10287998,CSI,00;01;02;26;31;32;33,gs://specindex-ai-raw-documents/specs/DELAWARE/DSUPC24008-THOMDEMOLI/specbook_DSUPC24008-THOMDEMOLI_specs.pdf,2026-08-06,downloaded
Delaware,Vertical,delaware_vertical,SUS26001-STHS_BPC,STHS - West Pavilion Field House & Greenhouse,,https://bidcondocs.delaware.gov/SUS/SUS26001-STHS_BPC_specs.pdf,SUS26001-STHS_BPC_specs.pdf,47703390,CSI,00;01;02;03;04;05;06;07;08;09;10;11;12;13;14;21;22;23;25;26;27;28;31;32;33;34;40;46,gs://specindex-ai-raw-documents/specs/DELAWARE/SUS26001-STHS_BPC/specbook_SUS26001-STHS_BPC_specs.pdf,2026-08-06,downloaded
Delaware,Vertical,delaware_vertical,ARNG23006-SRCREFURB,Scannell Refurbishment ,,https://bidcondocs.delaware.gov/ARNG/ARNG23006-SRCREFURB_specs.pdf,ARNG23006-SRCREFURB_specs.pdf,5127583,CSI,00;01;02;06;07;08;09;10;14;23;26;28;32,gs://specindex-ai-raw-documents/specs/DELAWARE/ARNG23006-SRCREFURB/specbook_ARNG23006-SRCREFURB_specs.pdf,2026-08-06,downloaded
Delaware,Vertical,delaware_vertical,RCCD027002-HMLSTRANS,Homeless and Foster Care Student Transportation,,https://bidcondocs.delaware.gov/RCCD/RCCD027002-HMLSTRANS_ad1.pdf,RCCD027002-HMLSTRANS_ad1.pdf,272029,,,,2026-08-06,downloaded
Delaware,Vertical,delaware_vertical,OMB26710-SUPMNCAP,Supplemental Statewide Minor Capital Projects,,https://bidcondocs.delaware.gov/OMB/OMB26710-SUPMNCAP_ad1.pdf,OMB26710-SUPMNCAP_ad1.pdf,87806,,,,2026-08-06,downloaded
Delaware,Vertical,delaware_vertical,LAB202601-MED_PSYCH,Medical & Psychological Consultants,,https://bidcondocs.delaware.gov/LAB/LAB202601-MED_PSYCH_ad1.pdf,LAB202601-MED_PSYCH_ad1.pdf,192680,,,,2026-08-06,downloaded
Delaware,Vertical,delaware_vertical,LAB26R001-SCP,Statewide Co-Op Program,,https://bidcondocs.delaware.gov/LAB/LAB26R001-SCP-rfp.pdf,LAB26R001-SCP-rfp.pdf,1557833,,,,2026-08-06,downloaded
Florida,DOT,florida_dot,T2A56,T2A56,,https://ftp.fdot.gov/public/file/5ntdg0ukeky7ban-p302lw/T2A56BSN.pdf,T2A56BSN.pdf,61325,,,,2026-08-06,downloaded
Florida,DOT,florida_dot,T1922,T1922,,https://ftp.fdot.gov/public/file/5yan01qbj0yupqjgy1nlbw/T1922BSN.pdf,T1922BSN.pdf,61466,,,,2026-08-06,downloaded
Florida,DOT,florida_dot,T2A49,T2A49,,https://ftp.fdot.gov/public/file/tngeea0vjk2_y7onm2oqvg/T2A49BSN.pdf,T2A49BSN.pdf,86536,,,,2026-08-06,downloaded
Florida,DOT,florida_dot,T2A54,T2A54,,https://ftp.fdot.gov/public/file/bexn7raidewaakttos0cjw/T2A54BSN.pdf,T2A54BSN.pdf,93014,,,,2026-08-06,downloaded
Florida,DOT,florida_dot,T3929,T3929,,https://ftp.fdot.gov/public/file/l8u1bkj26eerxddedqlp6g/T3929BSN.pdf,T3929BSN.pdf,84889,,,,2026-08-06,downloaded
Florida,DOT,florida_dot,T3954,T3954,,https://ftp.fdot.gov/public/file/zmdcddplmuuzmob_tvi_0a/T3954BSN.pdf,T3954BSN.pdf,85026,,,,2026-08-06,downloaded
Florida,DOT,florida_dot,T3988,T3988,,https://ftp.fdot.gov/public/file/_ker8bjymk-rye5u4enzug/T3988BSN.pdf,T3988BSN.pdf,92911,,,,2026-08-06,downloaded
Florida,DOT,florida_dot,T3990,T3990,,https://ftp.fdot.gov/public/file/pqt1h3zhq0az1t8m8ta1ra/T3990BSN.pdf,T3990BSN.pdf,46453,,,,2026-08-06,downloaded
Florida,DOT,florida_dot,T4749,T4749,,https://ftp.fdot.gov/public/file/nlqv3yd0eku4wx2_eoxa-w/T4749BSN.pdf,T4749BSN.pdf,85015,,,,2026-08-06,downloaded
Florida,DOT,florida_dot,T4750,T4750,,https://ftp.fdot.gov/public/file/hjlqwqom40-xyevrow7eva/T4750BSN.pdf,T4750BSN.pdf,80649,,,,2026-08-06,downloaded
Florida,DOT,florida_dot,T5874,T5874,,https://ftp.fdot.gov/public/file/ljy7vtx15kkmnusoie1qbg/T5874BSN.pdf,T5874BSN.pdf,138876,,,,2026-08-06,downloaded
Florida,DOT,florida_dot,T5875,T5875,,https://ftp.fdot.gov/public/file/ahg1ag09xu2h09pyaizm7w/T5875BSN.pdf,T5875BSN.pdf,55223,,,,2026-08-06,downloaded
Florida,DOT,florida_dot,T6618,T6618,,https://ftp.fdot.gov/public/file/ab7sly0v9kwxaqjpr3prew/T6618BSN.pdf,T6618BSN.pdf,91265,,,,2026-08-06,downloaded
Florida,DOT,florida_dot,T7577,T7577,,https://ftp.fdot.gov/public/file/_aj1szf69ksch3rji8axia/T7577BSN.pdf,T7577BSN.pdf,59061,,,,2026-08-06,downloaded
Florida,DOT,florida_dot,T7579,T7579,,https://ftp.fdot.gov/public/file/f8lubazdne6wj7nbn2g7la/T7579BSN.pdf,T7579BSN.pdf,89446,,,,2026-08-06,downloaded
Florida,DOT,florida_dot,T7580,T7580,,https://ftp.fdot.gov/public/file/l3diic0omkwrpudj0cc5ea/T7580BSN.pdf,T7580BSN.pdf,79477,,,,2026-08-06,downloaded
Florida,DOT,florida_dot,T2A37,T2A37,,https://ftp.fdot.gov/public/file/a3oxdpvinks-j6vejyw_cq/T2A37BSN.pdf,T2A37BSN.pdf,59264,,,,2026-08-06,downloaded
Florida,DOT,florida_dot,T1813,T1813,,https://ftp.fdot.gov/public/file/y6xhqsw82ky49tc4ery2cw/T1813BSN.pdf,T1813BSN.pdf,72432,,,,2026-08-06,downloaded
Florida,DOT,florida_dot,T1916,T1916,,https://ftp.fdot.gov/public/file/edkdihxmtkktlcrp6ynvtg/T1916BSN.pdf,T1916BSN.pdf,64876,,,,2026-08-06,downloaded
Florida,DOT,florida_dot,T2A33,T2A33,,https://ftp.fdot.gov/public/file/yqekickk9kkaeea3frandw/T2A33BSN.pdf,T2A33BSN.pdf,131187,,,,2026-08-06,downloaded
Florida,DOT,florida_dot,T2A36,T2A36,,https://ftp.fdot.gov/public/file/htzi0jkvrkg9t83tmxex1g/T2A36BSN.pdf,T2A36BSN.pdf,55890,,,,2026-08-06,downloaded
Florida,DOT,florida_dot,T2A57,T2A57,,https://ftp.fdot.gov/public/file/n3j9frfb4ks9on1fczc7vw/T2A57BSN.pdf,T2A57BSN.pdf,53478,,,,2026-08-06,downloaded
Florida,DOT,florida_dot,T2A58,T2A58,,https://ftp.fdot.gov/public/file/4u18uqqt8us86kdtnpq8rw/T2A58BSN.pdf,T2A58BSN.pdf,54979,,,,2026-08-06,downloaded
Florida,DOT,florida_dot,T2A59,T2A59,,https://ftp.fdot.gov/public/file/cwyie2hudu2myh5hxjkclg/T2A59BSN.pdf,T2A59BSN.pdf,49501,,,,2026-08-06,downloaded
Florida,DOT,florida_dot,T2A60,T2A60,,https://ftp.fdot.gov/public/file/czbll10vxugknbhmoizmbw/T2A60BSN.pdf,T2A60BSN.pdf,83481,,,,2026-08-06,downloaded
Florida,Vertical,florida_vertical,37744,Black Creek Water Resource Development Pump Station Project Construction,,https://vendor.myfloridamarketplace.com/mfmp/bids/detail/attachment/download?attachmentId=1358,download?attachmentId=1358,9842746,CSI,01;02;03;04;05;06;07;08;09;10;11;12;13;14;15;16,gs://specindex-ai-raw-documents/specs/FLORIDA/37744/specbook_download-attachmentId-1358.pdf,2026-08-06,downloaded
Florida,Vertical,florida_vertical,37744,Black Creek Water Resource Develoment Pump Station Project Construction,,https://vendor.myfloridamarketplace.com/mfmp/bids/detail/attachment/download?attachmentId=1364,download?attachmentId=1364,9842746,CSI,01;02;03;04;05;06;07;08;09;10;11;12;13;14;15;16,gs://specindex-ai-raw-documents/specs/FLORIDA/37744/specbook_download-attachmentId-1364.pdf,2026-08-06,downloaded
Florida,Vertical,florida_vertical,37843,Black Creek Water Resource Development Pipeline Construction Two-Step IFB 37843,,https://vendor.myfloridamarketplace.com/mfmp/bids/detail/attachment/download?attachmentId=2148,download?attachmentId=2148,11531607,CSI,00;01;02;03;04;05;06;07;08;09;10;11;12;13;14;15;16,gs://specindex-ai-raw-documents/specs/FLORIDA/37843/specbook_download-attachmentId-2148.pdf,2026-08-06,downloaded
Florida,Vertical,florida_vertical,222029 CBJTC Counterdrug HQ NB,222029 CBJTC Counterdrug HQ New Building Construction,,https://vendor.myfloridamarketplace.com/mfmp/bids/detail/attachment/download?attachmentId=6682,download?attachmentId=6682,6034024,,,,2026-08-06,downloaded
Florida,Vertical,florida_vertical,38620,Construction of Weather Shelter,,https://vendor.myfloridamarketplace.com/mfmp/bids/detail/attachment/download?attachmentId=7317,download?attachmentId=7317,2356998,,,,2026-08-06,downloaded
Florida,Vertical,florida_vertical,39305,Construction of Pole Barns at Lake George and Sunnyhill Field Stations,,https://vendor.myfloridamarketplace.com/mfmp/bids/detail/attachment/download?attachmentId=12604,download?attachmentId=12604,375452,,,,2026-08-06,downloaded
Florida,Vertical,florida_vertical,ITB FFS 23 24 84,Florida Forest Service Picayune Strand 2024 Spring Road Construction,,https://vendor.myfloridamarketplace.com/mfmp/bids/detail/attachment/download?attachmentId=15521,download?attachmentId=15521,1216194,,,,2026-08-06,downloaded
Florida,Vertical,florida_vertical,ITB FFS 24 25 28,Goethe State Forest Tram Road and Beehive Road Construction,,https://vendor.myfloridamarketplace.com/mfmp/bids/detail/attachment/download?attachmentId=19965,download?attachmentId=19965,668020,,,,2026-08-06,downloaded
Florida,Vertical,florida_vertical,DCF ITB 2223 042,Economic Self Sufficiency Facilities Renovations,,https://vendor.myfloridamarketplace.com/mfmp/bids/detail/attachment/download?attachmentId=6353,download?attachmentId=6353,39128529,unreadable,,,2026-08-06,unreadable format
Florida,Vertical,florida_vertical,219022 CBJTC USPFO Whse Reno,"219022 CBJTC USPFO Warehouse Renovation, Starke, FL",,https://vendor.myfloridamarketplace.com/mfmp/bids/detail/attachment/download?attachmentId=9546,download?attachmentId=9546,2729387,,,,2026-08-06,downloaded
Florida,Vertical,florida_vertical,ITB GS 22 23 26,MAYO BUILDING ROOF REPLACEMENT- TALLAHASSEE,,https://vendor.myfloridamarketplace.com/mfmp/bids/detail/attachment/download?attachmentId=3868,download?attachmentId=3868,851774,,,,2026-08-06,downloaded
Florida,Vertical,florida_vertical,F1A04,Roof Replacement at Heartland Operations Center - Labelle,,https://vendor.myfloridamarketplace.com/mfmp/bids/detail/attachment/download?attachmentId=5358,download?attachmentId=5358,295316,DOT SS/SP,,gs://specindex-ai-raw-documents/specs/FLORIDA/F1A04/proposal_download-attachmentId-5358.pdf,2026-08-06,downloaded
Florida,Vertical,florida_vertical,222012 HVAC Sys Rep Snyder RC,222012 HVAC System Replacement – Snyder RC,,https://vendor.myfloridamarketplace.com/mfmp/bids/detail/attachment/download?attachmentId=96,download?attachmentId=96,2144337,,,,2026-08-06,downloaded
Florida,Vertical,florida_vertical,223032,CBJTC SIM Center HVAC Replacement,,https://vendor.myfloridamarketplace.com/mfmp/bids/detail/attachment/download?attachmentId=8928,download?attachmentId=8928,2972491,,,,2026-08-06,downloaded
Florida,Vertical,florida_vertical,DMA-ITB-284,DMA-ITB-284-RFE HVAC Service,,https://vendor.myfloridamarketplace.com/mfmp/bids/detail/attachment/download?attachmentId=8940,download?attachmentId=8940,682531,unreadable,,,2026-08-06,unreadable format
Florida,Vertical,florida_vertical,219037 Brooksville AASF2 HVAC,"219037 Brooksville AASF 2 HVAC System Replacement, Brooksville, FL",,https://vendor.myfloridamarketplace.com/mfmp/bids/detail/attachment/download?attachmentId=9528,download?attachmentId=9528,124576,,,,2026-08-06,downloaded
Florida,Vertical,florida_vertical,23-ITB-003-VW,HVAC Replacement-Tampa,,https://vendor.myfloridamarketplace.com/mfmp/bids/detail/attachment/download?attachmentId=12265,download?attachmentId=12265,616843,CSI,00;01;02;03;04;05;06;07;08;09;10;11;12;13;14;15;21;22;23;25;26;27;28;31;32;33;34;35;40;41;42;43;44;45;46;48,gs://specindex-ai-raw-documents/specs/FLORIDA/23-ITB-003-VW/specbook_download-attachmentId-12265.pdf,2026-08-06,downloaded
Florida,Vertical,florida_vertical,F1A05,District 1 HQ HVAC Improvement Services,,https://vendor.myfloridamarketplace.com/mfmp/bids/detail/attachment/download?attachmentId=13328,download?attachmentId=13328,322559,DOT SS/SP,,gs://specindex-ai-raw-documents/specs/FLORIDA/F1A05/proposal_download-attachmentId-13328.pdf,2026-08-06,downloaded
Florida,Vertical,florida_vertical,DCF ITB 2122 080,North Florida Evaluation and Treatment Center Roof Renovation,,https://vendor.myfloridamarketplace.com/mfmp/bids/detail/attachment/download?attachmentId=3662,download?attachmentId=3662,361389,CSI,00;01;02;07;08,gs://specindex-ai-raw-documents/specs/FLORIDA/DCF-ITB-2122-080/specbook_download-attachmentId-3662.pdf,2026-08-06,downloaded
Florida,Vertical,florida_vertical,DCF ITB 2223 046,Northeast FL State Hospital Roofing Project# 33020300,,https://vendor.myfloridamarketplace.com/mfmp/bids/detail/attachment/download?attachmentId=4226,download?attachmentId=4226,1255245,CSI,00;01;02;05;06;07,gs://specindex-ai-raw-documents/specs/FLORIDA/DCF-ITB-2223-046/specbook_download-attachmentId-4226.pdf,2026-08-06,downloaded
Florida,Vertical,florida_vertical,DCF ITB 2223 070,PATIENT BATHROOM RENOVATIONS FLORIDA STATE HOSPITAL,,https://vendor.myfloridamarketplace.com/mfmp/bids/detail/attachment/download?attachmentId=5609,download?attachmentId=5609,524142,,,,2026-08-06,downloaded
Florida,Vertical,florida_vertical,DCF ITB 2223 070-2,PATIENT BATHROOM RENOVATIONS FLORIDA STATE HOSPITAL,,https://vendor.myfloridamarketplace.com/mfmp/bids/detail/attachment/download?attachmentId=6982,download?attachmentId=6982,524180,,,,2026-08-06,downloaded
Florida,Vertical,florida_vertical,DCF ITB 2324 074,Administration Building Column Renovations Florida State Hospital,,https://vendor.myfloridamarketplace.com/mfmp/bids/detail/attachment/download?attachmentId=12997,download?attachmentId=12997,482694,,,,2026-08-06,downloaded
Florida,Vertical,florida_vertical,DCF ITB 2223 056,"Reroof Buildings 20, 31, 33 & 46 at Northeast Florida State Hospital",,https://vendor.myfloridamarketplace.com/mfmp/bids/detail/attachment/download?attachmentId=5842,download?attachmentId=5842,528712,,,,2026-08-06,downloaded
Florida,Vertical,florida_vertical,USPFO HVAC Upgrade,"223061 USPFO HVAC Upgrade, St. Augustine, FL",,https://vendor.myfloridamarketplace.com/mfmp/bids/detail/attachment/download?attachmentId=10291,download?attachmentId=10291,614721,,,,2026-08-06,downloaded
Georgia,Vertical,georgia_vertical,PE-70750-NONST-2027-000000074,2026-13 Green Acres Water Main Replacement,,https://ssl.doas.state.ga.us/gpr/downloadAttachment?attachmentId=51155319&sourceSystemType=gpr20,downloadAttachment?attachmentId=51155319&sourceSystemType=gpr20,9609044,CSI,00;01;03;31;32;33,gs://specindex-ai-raw-documents/specs/GEORGIA/PE-70750-NONST-2027-000000074/specbook_downloadAttachment-attachmentId-51155319-sourceSystemType-gpr20.pdf,2026-08-06,downloaded
Georgia,Vertical,georgia_vertical,PE-77023-NONST-2027-000000662,"BL109-26, Gwinnett County Sheriff¿s Office Freezer #8 Replacement Project",,https://ssl.doas.state.ga.us/gpr/downloadAttachment?attachmentId=51718825&sourceSystemType=gpr20,downloadAttachment?attachmentId=51718825&sourceSystemType=gpr20,6127537,CSI,26,gs://specindex-ai-raw-documents/specs/GEORGIA/PE-77023-NONST-2027-000000662/specbook_downloadAttachment-attachmentId-51718825-sourceSystemType-gpr20.pdf,2026-08-06,downloaded
Georgia,Vertical,georgia_vertical,PE-64750-NONST-2027-000000204,Bid Ref. #27-003 Ritz Theatre Renovation,,https://ssl.doas.state.ga.us/gpr/downloadAttachment?attachmentId=51026868&sourceSystemType=gpr20,downloadAttachment?attachmentId=51026868&sourceSystemType=gpr20,174912,,,,2026-08-06,downloaded
Georgia,Vertical,georgia_vertical,PE-55390-NONST-2027-000000005,A New Athletic Facility for the Telfair County Middle School,,https://ssl.doas.state.ga.us/gpr/downloadAttachment?attachmentId=51438381&sourceSystemType=gpr20,downloadAttachment?attachmentId=51438381&sourceSystemType=gpr20,61730,,,,2026-08-06,downloaded
Georgia,Vertical,georgia_vertical,PE-66130-NONST-2027-000000016,MCD-CED-RFP-FY27-001 Design-Build Services for Future City Hall Renovation,,https://ssl.doas.state.ga.us/gpr/downloadAttachment?attachmentId=51624576&sourceSystemType=gpr20,downloadAttachment?attachmentId=51624576&sourceSystemType=gpr20,1632905,,,,2026-08-06,downloaded
Georgia,Vertical,georgia_vertical,PE-70750-NONST-2027-000000076,2026-15 LAS Culvert Replacement. Phase 2,,https://ssl.doas.state.ga.us/gpr/downloadAttachment?attachmentId=51954480&sourceSystemType=gpr20,downloadAttachment?attachmentId=51954480&sourceSystemType=gpr20,13827979,CSI,,gs://specindex-ai-raw-documents/specs/GEORGIA/PE-70750-NONST-2027-000000076/specbook_downloadAttachment-attachmentId-51954480-sourceSystemType-gpr20.pdf,2026-08-06,downloaded
Georgia,Vertical,georgia_vertical,PE-63610-NONST-2027-000000077,CCSD CVA Classrooms Remodel,,https://ssl.doas.state.ga.us/gpr/downloadAttachment?attachmentId=51206046&sourceSystemType=gpr20,downloadAttachment?attachmentId=51206046&sourceSystemType=gpr20,43656,,,,2026-08-06,downloaded
Georgia,Vertical,georgia_vertical,PE-63610-NONST-2027-000000078,CCSD Request HR rooms remodel HC-08-10-26B,,https://ssl.doas.state.ga.us/gpr/downloadAttachment?attachmentId=51204922&sourceSystemType=gpr20,downloadAttachment?attachmentId=51204922&sourceSystemType=gpr20,44886,,,,2026-08-06,downloaded
Georgia,Vertical,georgia_vertical,PE-72155-NONST-2027-000000198,26-181 Construction Services for May Park Improvements,,https://ssl.doas.state.ga.us/gpr/downloadAttachment?attachmentId=51481970&sourceSystemType=gpr20,downloadAttachment?attachmentId=51481970&sourceSystemType=gpr20,50802,,,,2026-08-06,downloaded
Georgia,Vertical,georgia_vertical,PE-65600-NONST-2027-000000244,27018-B: Grant Road (250) Culvert Replacement,,https://ssl.doas.state.ga.us/gpr/downloadAttachment?attachmentId=51605242&sourceSystemType=gpr20,downloadAttachment?attachmentId=51605242&sourceSystemType=gpr20,7222149,unreadable,,,2026-08-06,unreadable format
Georgia,Vertical,georgia_vertical,PE-63850-NONST-2027-000000031,Traffic Signal Installation and Related Construction 2026,,https://ssl.doas.state.ga.us/gpr/downloadAttachment?attachmentId=51431293&sourceSystemType=gpr20,downloadAttachment?attachmentId=51431293&sourceSystemType=gpr20,2038410,,,,2026-08-06,downloaded
Georgia,Vertical,georgia_vertical,PE-40900-RFQC-2027-000000219,J-442-CxA Translational Research Building at Augusta University.,,https://ssl.doas.state.ga.us/gpr/downloadAttachment?attachmentId=51113055&sourceSystemType=gpr20,downloadAttachment?attachmentId=51113055&sourceSystemType=gpr20,591210,,,,2026-08-06,downloaded
Georgia,Vertical,georgia_vertical,PE-40900-RFQC-2027-000000216,J-465-CM One Arsenal Place Renovation - Columbus State University,,https://ssl.doas.state.ga.us/gpr/downloadAttachment?attachmentId=50577020&sourceSystemType=gpr20,downloadAttachment?attachmentId=50577020&sourceSystemType=gpr20,385302,,,,2026-08-06,downloaded
Georgia,Vertical,georgia_vertical,PE-65750-NONST-2026-000000044,021-26 Fire Station Concrete Driveway Repair Contract,,https://ssl.doas.state.ga.us/gpr/downloadAttachment?attachmentId=51070038&sourceSystemType=gpr20,downloadAttachment?attachmentId=51070038&sourceSystemType=gpr20,193026,,,,2026-08-06,downloaded
Georgia,Vertical,georgia_vertical,PE-66218-NONST-2027-000000050,Architectural Design & Construction Administration Services For Kingsland Fleet Garage,,https://ssl.doas.state.ga.us/gpr/downloadAttachment?attachmentId=50271779&sourceSystemType=gpr20,downloadAttachment?attachmentId=50271779&sourceSystemType=gpr20,697671,CSI,02,gs://specindex-ai-raw-documents/specs/GEORGIA/PE-66218-NONST-2027-000000050/specbook_downloadAttachment-attachmentId-50271779-sourceSystemType-gpr20.pdf,2026-08-06,downloaded
Georgia,Vertical,georgia_vertical,PE-65600-NONST-2027-000000241,27014-A Fire Station #6 Remodel,,https://ssl.doas.state.ga.us/gpr/downloadAttachment?attachmentId=51532545&sourceSystemType=gpr20,downloadAttachment?attachmentId=51532545&sourceSystemType=gpr20,3920846,unreadable,,,2026-08-06,unreadable format
Georgia,Vertical,georgia_vertical,PE-65600-NONST-2027-000000242,27015-A Fire Station #7 Remodel,,https://ssl.doas.state.ga.us/gpr/downloadAttachment?attachmentId=51533156&sourceSystemType=gpr20,downloadAttachment?attachmentId=51533156&sourceSystemType=gpr20,3963118,unreadable,,,2026-08-06,unreadable format
Georgia,Vertical,georgia_vertical,PE-77023-NONST-2027-000000656,"BL095-26, Gwinnett County Fire Stations 27 & 28 HVAC Replacement Project",,https://ssl.doas.state.ga.us/gpr/downloadAttachment?attachmentId=51161331&sourceSystemType=gpr20,downloadAttachment?attachmentId=51161331&sourceSystemType=gpr20,15051785,CSI,26,gs://specindex-ai-raw-documents/specs/GEORGIA/PE-77023-NONST-2027-000000656/specbook_downloadAttachment-attachmentId-51161331-sourceSystemType-gpr20.pdf,2026-08-06,downloaded
Georgia,Vertical,georgia_vertical,PE-55001-NONST-2027-000000030,Phase III Renovations - Thomas Crossroads Elementary,,https://ssl.doas.state.ga.us/gpr/downloadAttachment?attachmentId=50783889&sourceSystemType=gpr20,downloadAttachment?attachmentId=50783889&sourceSystemType=gpr20,115125,,,,2026-08-06,downloaded
Georgia,Vertical,georgia_vertical,PE-55090-NONST-2027-000000009,LFO High School Firefighter Training Facility,,https://ssl.doas.state.ga.us/gpr/downloadAttachment?attachmentId=50889457&sourceSystemType=gpr20,downloadAttachment?attachmentId=50889457&sourceSystemType=gpr20,75670,,,,2026-08-06,downloaded
Georgia,Vertical,georgia_vertical,PE-63100-NONST-2027-000000098,RFQ # 26-38 Projector System and Audio Visual Renovation for Clayton County GA,,https://ssl.doas.state.ga.us/gpr/downloadAttachment?attachmentId=50655761&sourceSystemType=gpr20,downloadAttachment?attachmentId=50655761&sourceSystemType=gpr20,5907723,,,,2026-08-06,downloaded
Georgia,Vertical,georgia_vertical,PE-77023-NONST-2027-000000687,IWQ 072826 Gwinnett County Central Services Canopy Addition Project,,https://ssl.doas.state.ga.us/gpr/downloadAttachment?attachmentId=51616210&sourceSystemType=gpr20,downloadAttachment?attachmentId=51616210&sourceSystemType=gpr20,1970318,CSI,75,gs://specindex-ai-raw-documents/specs/GEORGIA/PE-77023-NONST-2027-000000687/specbook_downloadAttachment-attachmentId-51616210-sourceSystemType-gpr20.pdf,2026-08-06,downloaded
Georgia,Vertical,georgia_vertical,PE-63610-NONST-2027-000000076,CCSD Lakeside High Roof Replacement,,https://ssl.doas.state.ga.us/gpr/downloadAttachment?attachmentId=50943215&sourceSystemType=gpr20,downloadAttachment?attachmentId=50943215&sourceSystemType=gpr20,133436,,,,2026-08-06,downloaded
Georgia,Vertical,georgia_vertical,PE-66218-NONST-2027-000000049,Renovation of Municipal Services Building,,https://ssl.doas.state.ga.us/gpr/downloadAttachment?attachmentId=50082585&sourceSystemType=gpr20,downloadAttachment?attachmentId=50082585&sourceSystemType=gpr20,557593,CSI,02,gs://specindex-ai-raw-documents/specs/GEORGIA/PE-66218-NONST-2027-000000049/specbook_downloadAttachment-attachmentId-50082585-sourceSystemType-gpr20.pdf,2026-08-06,downloaded
Georgia,Vertical,georgia_vertical,PE-70662-NONST-2027-000000118,RFB No. 27-0003 HVAC Preventive Maintenance & Repair Services,,https://ssl.doas.state.ga.us/gpr/downloadAttachment?attachmentId=51173693&sourceSystemType=gpr20,downloadAttachment?attachmentId=51173693&sourceSystemType=gpr20,1942695,,,,2026-08-06,downloaded
Hawaii,DOT,hawaii_dot,RH1016-22,RH1016-22,,https://hidot.hawaii.gov/administration/files/2026/07/RH1016-22.pdf,RH1016-22.pdf,12635,,,,2026-08-06,downloaded
Hawaii,DOT,hawaii_dot,BO1225-53,BO1225-53,,https://hidot.hawaii.gov/administration/files/2022/08/BO1225-53.pdf,BO1225-53.pdf,7787,,,,2026-08-06,downloaded
Hawaii,DOT,hawaii_dot,BO1320-73,BO1320-73,,https://hidot.hawaii.gov/administration/files/2022/08/BO1320-73.pdf,BO1320-73.pdf,36844,,,,2026-08-06,downloaded
Hawaii,DOT,hawaii_dot,EO1009-23,EO1009-23,,https://hidot.hawaii.gov/administration/files/2022/08/EO1009-23.pdf,EO1009-23.pdf,8199,,,,2026-08-06,downloaded
Hawaii,DOT,hawaii_dot,H. C. 10824,H. C. 10824,,https://hidot.hawaii.gov/administration/files/2022/08/H.-C.-10824.pdf,H.-C.-10824.pdf,9059,,,,2026-08-06,downloaded
Hawaii,DOT,hawaii_dot,BO1321-73,BO1321-73,,https://hidot.hawaii.gov/administration/files/2022/08/BO1321-73.pdf,BO1321-73.pdf,37668,,,,2026-08-06,downloaded
Hawaii,DOT,hawaii_dot,BO1322-73,BO1322-73,,https://hidot.hawaii.gov/administration/files/2022/08/BO1322-73.pdf,BO1322-73.pdf,52879,,,,2026-08-06,downloaded
Hawaii,DOT,hawaii_dot,BO4321-73,BO4321-73,,https://hidot.hawaii.gov/administration/files/2022/08/BO4321-73.pdf,BO4321-73.pdf,7933,,,,2026-08-06,downloaded
Hawaii,DOT,hawaii_dot,EO1010-23,EO1010-23,,https://hidot.hawaii.gov/administration/files/2022/08/EO1010-23.pdf,EO1010-23.pdf,8487,,,,2026-08-06,downloaded
Hawaii,DOT,hawaii_dot,BK1220-33,BK1220-33,,https://hidot.hawaii.gov/administration/files/2022/10/BK1220-33.pdf,BK1220-33.pdf,8054,,,,2026-08-06,downloaded
Hawaii,DOT,hawaii_dot,BK1222-33,BK1222-33,,https://hidot.hawaii.gov/administration/files/2022/10/BK1222-33.pdf,BK1222-33.pdf,47676,,,,2026-08-06,downloaded
Hawaii,DOT,hawaii_dot,STP-5310-22A,STP-5310-22A,,https://hidot.hawaii.gov/administration/files/2022/10/STP-5310-22A.pdf,STP-5310-22A.pdf,60013,,,,2026-08-06,downloaded
Hawaii,DOT,hawaii_dot,BO1325-73,BO1325-73,,https://hidot.hawaii.gov/administration/files/2022/12/BO1325-73.pdf,BO1325-73.pdf,8063,,,,2026-08-06,downloaded
Hawaii,DOT,hawaii_dot,EO1010-23,EO1010-23,,https://hidot.hawaii.gov/administration/files/2022/12/EO1010-23.pdf,EO1010-23.pdf,8490,,,,2026-08-06,downloaded
Hawaii,DOT,hawaii_dot,RH1016-22R,RH1016-22R,,https://hidot.hawaii.gov/administration/files/2022/12/RH1016-22R.pdf,RH1016-22R.pdf,8280,,,,2026-08-06,downloaded
Hawaii,DOT,hawaii_dot,H.C. 50113.3,H.C. 50113.3,,https://hidot.hawaii.gov/administration/files/2022/12/H.C.-50113.3.pdf,H.C.-50113.3.pdf,51558,,,,2026-08-06,downloaded
Illinois,DOT,illinois_dot,62J64,IDOT letting contract 001-62J64,,http://apps.dot.illinois.gov/eplan/desenv/073126/001-62J64/62J64-001.pdf,62J64-001.pdf,2613284,DOT SS/SP,,gs://specindex-ai-raw-documents/specs/ILLINOIS/62J64/proposal_62J64-001.pdf,2026-08-06,downloaded
Illinois,DOT,illinois_dot,62T84,IDOT letting contract 002-62T84,,http://apps.dot.illinois.gov/eplan/desenv/073126/002-62T84/62T84-002.pdf,62T84-002.pdf,15285308,DOT SS/SP,,gs://specindex-ai-raw-documents/specs/ILLINOIS/62T84/proposal_62T84-002.pdf,2026-08-06,downloaded
Illinois,DOT,illinois_dot,62V29,IDOT letting contract 003-62V29,,http://apps.dot.illinois.gov/eplan/desenv/073126/003-62V29/62V29-003.pdf,62V29-003.pdf,745721,DOT SS/SP,,gs://specindex-ai-raw-documents/specs/ILLINOIS/62V29/proposal_62V29-003.pdf,2026-08-06,downloaded
Illinois,DOT,illinois_dot,62V45,IDOT letting contract 004-62V45,,http://apps.dot.illinois.gov/eplan/desenv/073126/004-62V45/62V45-004.pdf,62V45-004.pdf,6675515,DOT SS/SP,,gs://specindex-ai-raw-documents/specs/ILLINOIS/62V45/proposal_62V45-004.pdf,2026-08-06,downloaded
Illinois,DOT,illinois_dot,62V46,IDOT letting contract 005-62V46,,http://apps.dot.illinois.gov/eplan/desenv/073126/005-62V46/62V46-005.pdf,62V46-005.pdf,864493,DOT SS/SP,,gs://specindex-ai-raw-documents/specs/ILLINOIS/62V46/proposal_62V46-005.pdf,2026-08-06,downloaded
Illinois,DOT,illinois_dot,62V64,IDOT letting contract 006-62V64,,http://apps.dot.illinois.gov/eplan/desenv/073126/006-62V64/62V64-006.pdf,62V64-006.pdf,742845,DOT SS/SP,,gs://specindex-ai-raw-documents/specs/ILLINOIS/62V64/proposal_62V64-006.pdf,2026-08-06,downloaded
Illinois,DOT,illinois_dot,62V79,IDOT letting contract 007-62V79,,http://apps.dot.illinois.gov/eplan/desenv/073126/007-62V79/62V79-007.pdf,62V79-007.pdf,754576,DOT SS/SP,,gs://specindex-ai-raw-documents/specs/ILLINOIS/62V79/proposal_62V79-007.pdf,2026-08-06,downloaded
Illinois,DOT,illinois_dot,62V80,IDOT letting contract 008-62V80,,http://apps.dot.illinois.gov/eplan/desenv/073126/008-62V80/62V80-008.pdf,62V80-008.pdf,951387,DOT SS/SP,,gs://specindex-ai-raw-documents/specs/ILLINOIS/62V80/proposal_62V80-008.pdf,2026-08-06,downloaded
Illinois,DOT,illinois_dot,62W20,IDOT letting contract 009-62W20,,http://apps.dot.illinois.gov/eplan/desenv/073126/009-62W20/62W20-009.pdf,62W20-009.pdf,9717774,DOT SS/SP,,gs://specindex-ai-raw-documents/specs/ILLINOIS/62W20/proposal_62W20-009.pdf,2026-08-06,downloaded
Illinois,DOT,illinois_dot,62X43,IDOT letting contract 010-62X43,,http://apps.dot.illinois.gov/eplan/desenv/073126/010-62X43/62X43-010.pdf,62X43-010.pdf,1740637,DOT SS/SP,,gs://specindex-ai-raw-documents/specs/ILLINOIS/62X43/proposal_62X43-010.pdf,2026-08-06,downloaded
Illinois,DOT,illinois_dot,62Y20,IDOT letting contract 011-62Y20,,http://apps.dot.illinois.gov/eplan/desenv/073126/011-62Y20/62Y20-011.pdf,62Y20-011.pdf,1582650,DOT SS/SP,,gs://specindex-ai-raw-documents/specs/ILLINOIS/62Y20/proposal_62Y20-011.pdf,2026-08-06,downloaded
Illinois,DOT,illinois_dot,80B42,IDOT letting contract 012-80B42,,http://apps.dot.illinois.gov/eplan/desenv/073126/012-80B42/80B42-012.pdf,80B42-012.pdf,5305703,DOT SS/SP,,gs://specindex-ai-raw-documents/specs/ILLINOIS/80B42/proposal_80B42-012.pdf,2026-08-06,downloaded
Illinois,DOT,illinois_dot,80B44,IDOT letting contract 013-80B44,,http://apps.dot.illinois.gov/eplan/desenv/073126/013-80B44/80B44-013.pdf,80B44-013.pdf,15012337,DOT SS/SP,,gs://specindex-ai-raw-documents/specs/ILLINOIS/80B44/proposal_80B44-013.pdf,2026-08-06,downloaded
Illinois,DOT,illinois_dot,80C87,IDOT letting contract 014-80C87,,http://apps.dot.illinois.gov/eplan/desenv/073126/014-80C87/80C87-014.pdf,80C87-014.pdf,1152470,DOT SS/SP,,gs://specindex-ai-raw-documents/specs/ILLINOIS/80C87/proposal_80C87-014.pdf,2026-08-06,downloaded
Illinois,DOT,illinois_dot,80D50,IDOT letting contract 015-80D50,,http://apps.dot.illinois.gov/eplan/desenv/073126/015-80D50/80D50-015.pdf,80D50-015.pdf,15553357,DOT SS/SP,,gs://specindex-ai-raw-documents/specs/ILLINOIS/80D50/proposal_80D50-015.pdf,2026-08-06,downloaded
Illinois,DOT,illinois_dot,61K19,IDOT letting contract 016-61K19,,http://apps.dot.illinois.gov/eplan/desenv/073126/016-61K19/61K19-016.pdf,61K19-016.pdf,9891846,CSI,01,gs://specindex-ai-raw-documents/specs/ILLINOIS/61K19/specbook_61K19-016.pdf,2026-08-06,downloaded
Illinois,DOT,illinois_dot,61K67,IDOT letting contract 017-61K67,,http://apps.dot.illinois.gov/eplan/desenv/073126/017-61K67/61K67-017.pdf,61K67-017.pdf,6509928,DOT SS/SP,,gs://specindex-ai-raw-documents/specs/ILLINOIS/61K67/proposal_61K67-017.pdf,2026-08-06,downloaded
Illinois,DOT,illinois_dot,61K85,IDOT letting contract 018-61K85,,http://apps.dot.illinois.gov/eplan/desenv/073126/018-61K85/61K85-018.pdf,61K85-018.pdf,10785567,DOT SS/SP,,gs://specindex-ai-raw-documents/specs/ILLINOIS/61K85/proposal_61K85-018.pdf,2026-08-06,downloaded
Illinois,DOT,illinois_dot,61M13,IDOT letting contract 019-61M13,,http://apps.dot.illinois.gov/eplan/desenv/073126/019-61M13/61M13-019.pdf,61M13-019.pdf,16056322,DOT SS/SP,,gs://specindex-ai-raw-documents/specs/ILLINOIS/61M13/proposal_61M13-019.pdf,2026-08-06,downloaded
Illinois,DOT,illinois_dot,66863,IDOT letting contract 01X-66863,,http://apps.dot.illinois.gov/eplan/desenv/073126/01X-66863/66863-01X.pdf,66863-01X.pdf,13681182,DOT SS/SP,,gs://specindex-ai-raw-documents/specs/ILLINOIS/66863/proposal_66863-01X.pdf,2026-08-06,downloaded
Illinois,DOT,illinois_dot,61M40,IDOT letting contract 020-61M40,,http://apps.dot.illinois.gov/eplan/desenv/073126/020-61M40/61M40-020.pdf,61M40-020.pdf,9561410,DOT SS/SP,,gs://specindex-ai-raw-documents/specs/ILLINOIS/61M40/proposal_61M40-020.pdf,2026-08-06,downloaded
Illinois,DOT,illinois_dot,61M50,IDOT letting contract 021-61M50,,http://apps.dot.illinois.gov/eplan/desenv/073126/021-61M50/61M50-021.pdf,61M50-021.pdf,7829160,DOT SS/SP,,gs://specindex-ai-raw-documents/specs/ILLINOIS/61M50/proposal_61M50-021.pdf,2026-08-06,downloaded
Illinois,DOT,illinois_dot,64T48,IDOT letting contract 022-64T48,,http://apps.dot.illinois.gov/eplan/desenv/073126/022-64T48/64T48-022.pdf,64T48-022.pdf,1720442,DOT SS/SP,,gs://specindex-ai-raw-documents/specs/ILLINOIS/64T48/proposal_64T48-022.pdf,2026-08-06,downloaded
Illinois,DOT,illinois_dot,64T49,IDOT letting contract 023-64T49,,http://apps.dot.illinois.gov/eplan/desenv/073126/023-64T49/64T49-023.pdf,64T49-023.pdf,1437760,DOT SS/SP,,gs://specindex-ai-raw-documents/specs/ILLINOIS/64T49/proposal_64T49-023.pdf,2026-08-06,downloaded
Illinois,DOT,illinois_dot,64V16,IDOT letting contract 024-64V16,,http://apps.dot.illinois.gov/eplan/desenv/073126/024-64V16/64V16-024.pdf,64V16-024.pdf,693515,DOT SS/SP,,gs://specindex-ai-raw-documents/specs/ILLINOIS/64V16/proposal_64V16-024.pdf,2026-08-06,downloaded
Iowa,Vertical,iowa_vertical,RFB952800-01,5JD Building 65/66 Parking Lot Overlay,,https://bidopportunities.iowa.gov/Home/GetBidOpportunityDocument/e04472b7-ed66-4a60-835b-ae7398eb91d2,e04472b7-ed66-4a60-835b-ae7398eb91d2,14689433,CSI,00;01,gs://specindex-ai-raw-documents/specs/IOWA/RFB952800-01/specbook_e04472b7-ed66-4a60-835b-ae7398eb91d2.pdf,2026-08-06,downloaded
Iowa,Vertical,iowa_vertical,RFB951900-01,Independence Mental Health Institute Infirmary Building Roof Replacement,,https://bidopportunities.iowa.gov/Home/GetBidOpportunityDocument/921cd597-a85b-4714-85db-66e458d6978c,921cd597-a85b-4714-85db-66e458d6978c,23702283,CSI,00;01;02;06;07,gs://specindex-ai-raw-documents/specs/IOWA/RFB951900-01/specbook_921cd597-a85b-4714-85db-66e458d6978c.pdf,2026-08-06,downloaded
Iowa,Vertical,iowa_vertical,RFB952500-01,IPBS HVAC - Motivair Units Replacement,,https://bidopportunities.iowa.gov/Home/GetBidOpportunityDocument/d1716d90-7b52-4d97-ac47-db10ba7507fa,d1716d90-7b52-4d97-ac47-db10ba7507fa,14357210,CSI,00;01;23;26,gs://specindex-ai-raw-documents/specs/IOWA/RFB952500-01/specbook_d1716d90-7b52-4d97-ac47-db10ba7507fa.pdf,2026-08-06,downloaded
Iowa,Vertical,iowa_vertical,26-09 Har892022C (Hardin),26-09 Har892022C (Hardin),,https://bidopportunities.iowa.gov/Home/GetBidOpportunityDocument/4be93db0-86ed-4bae-b234-c7f4f0a90992,4be93db0-86ed-4bae-b234-c7f4f0a90992,1966363,,,,2026-08-06,downloaded
Iowa,Vertical,iowa_vertical,26-07 Flo971628B (Floyd),26-07 Floe971628B (Floyd),,https://bidopportunities.iowa.gov/Home/GetBidOpportunityDocument/4a8449ca-8282-448c-84da-2284d5cda923,4a8449ca-8282-448c-84da-2284d5cda923,2586579,,,,2026-08-06,downloaded
Iowa,Vertical,iowa_vertical,005-RFB-2916-2027,Tactical Rifles,,https://bidopportunities.iowa.gov/Home/GetBidOpportunityDocument/4776df37-a366-4fca-90c7-f8820fe70767,4776df37-a366-4fca-90c7-f8820fe70767,131575,,,,2026-08-06,downloaded
Iowa,Vertical,iowa_vertical,26-08 Cal883432B (Calhoun),26-08 Cal883432B (Calhoun),,https://bidopportunities.iowa.gov/Home/GetBidOpportunityDocument/a4b7bc56-d895-4695-b2cc-d0e2b91b8268,a4b7bc56-d895-4695-b2cc-d0e2b91b8268,2747467,,,,2026-08-06,downloaded
Iowa,Vertical,iowa_vertical,005-RFB-2909-2027,Library IMLS 5 Year Evaluation Consultant,,https://bidopportunities.iowa.gov/Home/GetBidOpportunityDocument/93cb3eac-a804-43c5-a788-04b316c55efa,93cb3eac-a804-43c5-a788-04b316c55efa,,,,,2026-08-06,dead link
Iowa,Vertical,iowa_vertical,005-RFB-2909-2027,Library IMLS 5 Year Evaluation Consultant,,https://bidopportunities.iowa.gov/Home/GetBidOpportunityDocument/9b731ee0-0bff-4dad-8b92-a64f6d449ccf,9b731ee0-0bff-4dad-8b92-a64f6d449ccf,602509,,,,2026-08-06,downloaded
Iowa,Vertical,iowa_vertical,005-RFB-2913-2027,Fingerprint Collection and Submission Services,,https://bidopportunities.iowa.gov/Home/GetBidOpportunityDocument/2f273751-dde5-4452-a867-51f301b4385d,2f273751-dde5-4452-a867-51f301b4385d,166502,,,,2026-08-06,downloaded
Iowa,Vertical,iowa_vertical,005-RFB-2961-2027,"F550 Cab/Chassis, SuperCab, Turbo Diesel, 4x4, DRW or equivalent 3 EACH",,https://bidopportunities.iowa.gov/Home/GetBidOpportunityDocument/1e4f1ec0-6b9c-49fb-9fd3-95b8f07ab84e,1e4f1ec0-6b9c-49fb-9fd3-95b8f07ab84e,,,,,2026-08-06,dead link
Iowa,Vertical,iowa_vertical,005-RFB-2942-2027,Mount Pleasant Correctional Facility - Building 20 Automated Valve Refit,,https://bidopportunities.iowa.gov/Home/GetBidOpportunityDocument/b5302e96-ac7a-4c5f-b5fb-67102d5ff2cd,b5302e96-ac7a-4c5f-b5fb-67102d5ff2cd,116554,,,,2026-08-06,downloaded
Iowa,Vertical,iowa_vertical,23-06-92-04,"Stone Entry Portal, Lake Darling State Park, Washington County",,https://bidopportunities.iowa.gov/Home/GetBidOpportunityDocument/5600634e-36dd-4a2f-acfa-2beab8051ab1,5600634e-36dd-4a2f-acfa-2beab8051ab1,275240,DOT SS/SP,,gs://specindex-ai-raw-documents/specs/IOWA/23-06-92-04/proposal_5600634e-36dd-4a2f-acfa-2beab8051ab1.pdf,2026-08-06,downloaded
Iowa,Vertical,iowa_vertical,RFB953500-01,WRC Linden Court Bay Window Replacement,,https://bidopportunities.iowa.gov/Home/GetBidOpportunityDocument/54455713-eebe-4ef8-a363-53e9dfea0574,54455713-eebe-4ef8-a363-53e9dfea0574,3410233,,,,2026-08-06,downloaded
Iowa,Vertical,iowa_vertical,005-RFB-2970-2027,Pump Repair and Maintenance Services,,https://bidopportunities.iowa.gov/Home/GetBidOpportunityDocument/3aae664d-091f-4443-8218-b8b5477a915e,3aae664d-091f-4443-8218-b8b5477a915e,226862,,,,2026-08-06,downloaded
Iowa,Vertical,iowa_vertical,MEDIOMC26022,Civil Money Penalty Grant Opportunity ,,https://bidopportunities.iowa.gov/Home/GetBidOpportunityDocument/2c725b05-9e2c-45c5-9538-82aaae9ced17,2c725b05-9e2c-45c5-9538-82aaae9ced17,460310,,,,2026-08-06,downloaded
Iowa,Vertical,iowa_vertical,Madison062426RFP,Audit Services and Forensic Audit Services,,https://bidopportunities.iowa.gov/Home/GetBidOpportunityDocument/42de8179-0a91-4072-9fe4-223e268e6d52,42de8179-0a91-4072-9fe4-223e268e6d52,107335,,,,2026-08-06,downloaded
Iowa,Vertical,iowa_vertical,005-RFB-2934-2027,Water Treatment Chemicals at Cherokee,,https://bidopportunities.iowa.gov/Home/GetBidOpportunityDocument/db068169-fb59-46ff-8e81-f1712f140481,db068169-fb59-46ff-8e81-f1712f140481,181846,,,,2026-08-06,downloaded
Iowa,Vertical,iowa_vertical,27CRDWBCLULL-0010G,2026 CAN-AM DEFENDER 6X6 LIMITED,,https://bidopportunities.iowa.gov/Home/GetBidOpportunityDocument/b2421f4f-959c-4ff2-9f16-b635e5400133,b2421f4f-959c-4ff2-9f16-b635e5400133,184631,,,,2026-08-06,downloaded
Iowa,Vertical,iowa_vertical,27CRDWBCLULL-0020G,Maxx Timberwolf Tree Shear,,https://bidopportunities.iowa.gov/Home/GetBidOpportunityDocument/75abb558-3839-4b0d-a685-4a35f7a00d5f,75abb558-3839-4b0d-a685-4a35f7a00d5f,177307,,,,2026-08-06,downloaded
Iowa,Vertical,iowa_vertical,27CRDWBKSMIT-0013 ,Migratory Game Bird Stamp,,https://bidopportunities.iowa.gov/Home/GetBidOpportunityDocument/bb0c0985-21d4-4015-ba86-279c8ebf51c3,bb0c0985-21d4-4015-ba86-279c8ebf51c3,181770,,,,2026-08-06,downloaded
Iowa,Vertical,iowa_vertical,005-RFB-2964-2027,Sedans - Triple Net Invoice including Government Incentives percentage,,https://bidopportunities.iowa.gov/Home/GetBidOpportunityDocument/f34dc50a-cdab-49a6-85d4-39c586cba369,f34dc50a-cdab-49a6-85d4-39c586cba369,250178,,,,2026-08-06,downloaded
Iowa,Vertical,iowa_vertical,005-RFB-2965-2027,Truck and Cab Chassis - Triple Net Invoice including Government Incentives percentage,,https://bidopportunities.iowa.gov/Home/GetBidOpportunityDocument/ab808c78-12da-48c7-a218-8746e64a42e5,ab808c78-12da-48c7-a218-8746e64a42e5,250257,,,,2026-08-06,downloaded
Iowa,Vertical,iowa_vertical,26CRDLWBSGWIN-0010,"Purchase of Structure to be Removed, Pikes Peak State Park, Clayton County",,https://bidopportunities.iowa.gov/Home/GetBidOpportunityDocument/77250783-e915-46fc-91c4-1e59cd85bc09,77250783-e915-46fc-91c4-1e59cd85bc09,666276,,,,2026-08-06,downloaded
Iowa,Vertical,iowa_vertical,27CRDLWBMBALM-0001,Alum Applications at Casey Lake (Tama Co.),,https://bidopportunities.iowa.gov/Home/GetBidOpportunityDocument/758e493d-6505-4c5d-8b93-a9dcd8b56184,758e493d-6505-4c5d-8b93-a9dcd8b56184,184490,,,,2026-08-06,downloaded
Maine,Vertical,maine_vertical,3843,3843,,https://www.maine.gov/dafs/bgs/sites/maine.gov.dafs.bgs/files/inline-files/3843_Project_Manual_DAFS.pdf,3843_Project_Manual_DAFS.pdf,3991753,CSI,00;01;03;04;05;06;07;08;09;10;11;12;22;23;26,gs://specindex-ai-raw-documents/specs/MAINE/3843/specbook_3843_Project_Manual_DAFS.pdf,2026-08-06,downloaded
Maine,Vertical,maine_vertical,3337,3337,,https://www.maine.gov/dafs/bgs/sites/maine.gov.dafs.bgs/files/inline-files/3337_Project_Manual_DACF.pdf,3337_Project_Manual_DACF.pdf,3858872,CSI,00;01;31;32;33,gs://specindex-ai-raw-documents/specs/MAINE/3337/specbook_3337_Project_Manual_DACF.pdf,2026-08-06,downloaded
Maine,Vertical,maine_vertical,3548,3548,,https://www.maine.gov/dafs/bgs/sites/maine.gov.dafs.bgs/files/inline-files/3548_Project_Manual_DVEM.pdf,3548_Project_Manual_DVEM.pdf,3369370,CSI,00;01,gs://specindex-ai-raw-documents/specs/MAINE/3548/specbook_3548_Project_Manual_DVEM.pdf,2026-08-06,downloaded
Maine,Vertical,maine_vertical,3831,3831,,https://www.maine.gov/dafs/bgs/sites/maine.gov.dafs.bgs/files/inline-files/3831_Project_Manual.pdf,3831_Project_Manual.pdf,25680487,CSI,00;01;02;03;04;05;06;07;08;09;10;11;12;13;14;21;22;23;26;27;28;31;32;33,gs://specindex-ai-raw-documents/specs/MAINE/3831/specbook_3831_Project_Manual.pdf,2026-08-06,downloaded
Maine,Vertical,maine_vertical,3845,3845,,https://www.maine.gov/dafs/bgs/sites/maine.gov.dafs.bgs/files/inline-files/3845_Project_Manual_DIFW.pdf,3845_Project_Manual_DIFW.pdf,2632837,CSI,00;01;23,gs://specindex-ai-raw-documents/specs/MAINE/3845/specbook_3845_Project_Manual_DIFW.pdf,2026-08-06,downloaded
Maine,Vertical,maine_vertical,3809,3809,,https://www.maine.gov/dafs/bgs/sites/maine.gov.dafs.bgs/files/inline-files/3809_Project%20Manual_MCCS.pdf,3809_Project%20Manual_MCCS.pdf,8882846,CSI,00;01;02;03;04;05;06;07;08;09;10;11;12;13;14;21;22;23;26;27;28;31;32,gs://specindex-ai-raw-documents/specs/MAINE/3809/specbook_3809_Project-20Manual_MCCS.pdf,2026-08-06,downloaded
Maine,Vertical,maine_vertical,3786,3786,,https://www.maine.gov/dafs/bgs/sites/maine.gov.dafs.bgs/files/inline-files/3786%20Project%20Manual%20KVCC.pdf,3786%20Project%20Manual%20KVCC.pdf,7124341,CSI,00;01;02;03;04;05;06;07;08;09;10;11;12;13;21;22;23;26,gs://specindex-ai-raw-documents/specs/MAINE/3786/specbook_3786-20Project-20Manual-20KVCC.pdf,2026-08-06,downloaded
Maine,Vertical,maine_vertical,3560,3560,,https://www.maine.gov/dafs/bgs/sites/maine.gov.dafs.bgs/files/inline-files/3560%20Project%20Manual.pdf,3560%20Project%20Manual.pdf,20833052,CSI,00;01;02;03;04;05;06;07;08;09;10;11;12;13;14;21;22;23;24;26;31;32;33,gs://specindex-ai-raw-documents/specs/MAINE/3560/specbook_3560-20Project-20Manual.pdf,2026-08-06,downloaded
Maine,Vertical,maine_vertical,3779,3779,,https://www.maine.gov/dafs/bgs/sites/maine.gov.dafs.bgs/files/inline-files/3779%20Project%20Manual%20DACF_0.pdf,3779%20Project%20Manual%20DACF_0.pdf,5874145,CSI,00;01;02;03;04;05;06;07;08;09;21;31;32;33,gs://specindex-ai-raw-documents/specs/MAINE/3779/specbook_3779-20Project-20Manual-20DACF_0.pdf,2026-08-06,downloaded
Maine,Vertical,maine_vertical,3674,3674,,https://www.maine.gov/dafs/bgs/sites/maine.gov.dafs.bgs/files/inline-files/3674%20Project%20Manual%20SMCC%20MCCS.pdf,3674%20Project%20Manual%20SMCC%20MCCS.pdf,3349414,CSI,00;01;02;03;04;05;06;07;08;09;10;11;12;21;22;23;24;26;27;28;29;31;32;33,gs://specindex-ai-raw-documents/specs/MAINE/3674/specbook_3674-20Project-20Manual-20SMCC-20MCCS.pdf,2026-08-06,downloaded
Maine,Vertical,maine_vertical,3852,3852,,https://www.maine.gov/dafs/bgs/sites/maine.gov.dafs.bgs/files/inline-files/3852%20Project%20Manual%20DACF.pdf,3852%20Project%20Manual%20DACF.pdf,1353622,CSI,00;01;02;03;07;08,gs://specindex-ai-raw-documents/specs/MAINE/3852/specbook_3852-20Project-20Manual-20DACF.pdf,2026-08-06,downloaded
Maine,Vertical,maine_vertical,3403,3403,,https://www.maine.gov/dafs/bgs/sites/maine.gov.dafs.bgs/files/inline-files/3403%20Project%20Manual%20DOE%20rebid.pdf,3403%20Project%20Manual%20DOE%20rebid.pdf,7964066,CSI,01,gs://specindex-ai-raw-documents/specs/MAINE/3403/specbook_3403-20Project-20Manual-20DOE-20rebid.pdf,2026-08-06,downloaded
Maine,Vertical,maine_vertical,,Project,,https://www.maine.gov/dafs/bgs/sites/maine.gov.dafs.bgs/files/inline-files/Project%20Manual%20Boothbay%20Sprinkler.pdf,Project%20Manual%20Boothbay%20Sprinkler.pdf,24933828,CSI,00;01;02;21;22,gs://specindex-ai-raw-documents/specs/MAINE/unknown/specbook_Project-20Manual-20Boothbay-20Sprinkler.pdf,2026-08-06,downloaded
Maine,Vertical,maine_vertical,3600,3600,,https://www.maine.gov/dafs/bgs/sites/maine.gov.dafs.bgs/files/inline-files/3600%20Project%20Manual%20IFW.pdf,3600%20Project%20Manual%20IFW.pdf,5295472,CSI,00;01,gs://specindex-ai-raw-documents/specs/MAINE/3600/specbook_3600-20Project-20Manual-20IFW.pdf,2026-08-06,downloaded
Maine,Vertical,maine_vertical,3766,3766,,https://www.maine.gov/dafs/bgs/sites/maine.gov.dafs.bgs/files/inline-files/3766%20Drawings%20and%20Project%20Manual.pdf,3766%20Drawings%20and%20Project%20Manual.pdf,28452806,CSI,00;01;26;27;31;32,gs://specindex-ai-raw-documents/specs/MAINE/3766/drawings_3766-20Drawings-20and-20Project-20Manual.pdf,2026-08-06,downloaded
Maine,Vertical,maine_vertical,3466,3466,,https://www.maine.gov/dafs/bgs/sites/maine.gov.dafs.bgs/files/inline-files/3466%20Project%20Manual%20ACF%20Mt%20Battie.pdf,3466%20Project%20Manual%20ACF%20Mt%20Battie.pdf,3962898,CSI,00;01,gs://specindex-ai-raw-documents/specs/MAINE/3466/specbook_3466-20Project-20Manual-20ACF-20Mt-20Battie.pdf,2026-08-06,downloaded
Maine,Vertical,maine_vertical,3799,3799,,https://www.maine.gov/dafs/bgs/sites/maine.gov.dafs.bgs/files/inline-files/3799_Specifications_MJB.pdf,3799_Specifications_MJB.pdf,13946302,CSI,00;01;03;04;05;06;07;08;09;10;12;14;21;22;23;26;31;32;33,gs://specindex-ai-raw-documents/specs/MAINE/3799/specbook_3799_Specifications_MJB.pdf,2026-08-06,downloaded
Maine,Vertical,maine_vertical,3971,3971,,https://www.maine.gov/dafs/bgs/sites/maine.gov.dafs.bgs/files/inline-files/3971_Specifications_and_Drawings_DVEM.pdf,3971_Specifications_and_Drawings_DVEM.pdf,31616838,unreadable,,,2026-08-06,unreadable format
Maine,Vertical,maine_vertical,,Specifications,,https://www.maine.gov/dafs/bgs/sites/maine.gov.dafs.bgs/files/inline-files/Specifications_Yarmouth_Rowe.pdf,Specifications_Yarmouth_Rowe.pdf,1529156,,,,2026-08-06,downloaded
Maine,Vertical,maine_vertical,3820,3820,,https://www.maine.gov/dafs/bgs/sites/maine.gov.dafs.bgs/files/inline-files/3820_Specifications_DOC_MSP.pdf,3820_Specifications_DOC_MSP.pdf,2012178,CSI,00;01;02;03;05;06;07;08;09;10;22;23;26;27;31;32,gs://specindex-ai-raw-documents/specs/MAINE/3820/specbook_3820_Specifications_DOC_MSP.pdf,2026-08-06,downloaded
Maine,Vertical,maine_vertical,3897,3897,,https://www.maine.gov/dafs/bgs/sites/maine.gov.dafs.bgs/files/inline-files/3897_Specifications_DHHS_Bld%20B.pdf,3897_Specifications_DHHS_Bld%20B.pdf,937335,CSI,01;03;06;07;08;09;33,gs://specindex-ai-raw-documents/specs/MAINE/3897/specbook_3897_Specifications_DHHS_Bld-20B.pdf,2026-08-06,downloaded
Maine,Vertical,maine_vertical,3867,3867,,https://www.maine.gov/dafs/bgs/sites/maine.gov.dafs.bgs/files/inline-files/3867_Specifications_DHHS-RPC.pdf,3867_Specifications_DHHS-RPC.pdf,5707042,CSI,01;02,gs://specindex-ai-raw-documents/specs/MAINE/3867/specbook_3867_Specifications_DHHS-RPC.pdf,2026-08-06,downloaded
Maine,Vertical,maine_vertical,3899,3899,,https://www.maine.gov/dafs/bgs/sites/maine.gov.dafs.bgs/files/inline-files/3899_Specifications_DACF%20%282%29_0.pdf,3899_Specifications_DACF%20%282%29_0.pdf,3932689,CSI,00;01,gs://specindex-ai-raw-documents/specs/MAINE/3899/specbook_3899_Specifications_DACF-20-282-29_0.pdf,2026-08-06,downloaded
Maine,Vertical,maine_vertical,3393,3393,,https://www.maine.gov/dafs/bgs/sites/maine.gov.dafs.bgs/files/inline-files/3393%20Specifications.pdf,3393%20Specifications.pdf,8628867,CSI,00;01;03;31;32;35,gs://specindex-ai-raw-documents/specs/MAINE/3393/specbook_3393-20Specifications.pdf,2026-08-06,downloaded
Maine,Vertical,maine_vertical,3894,3894,,https://www.maine.gov/dafs/bgs/sites/maine.gov.dafs.bgs/files/inline-files/3894%20Specifications%20DMR.pdf,3894%20Specifications%20DMR.pdf,16319974,CSI,00;01;02;03;31;32,gs://specindex-ai-raw-documents/specs/MAINE/3894/specbook_3894-20Specifications-20DMR.pdf,2026-08-06,downloaded
Missouri,DOT,missouri_dot,JNW0105,"(1): Job JNW0105 Route VARIOUS VARIOUS County. 19 BRIDGE REHABILITATIONS on various routes in Daviess, Grundy, Harrison, Linn, Mercer, Putnam, and Sullivan Counties, the total length of improvement be",,https://modotweb.modot.mo.gov/BidLettingPlansRoom/Letting/ViewStream/22418?type=plan,22418?type=plan,947598,,,,2026-08-06,downloaded
Missouri,DOT,missouri_dot,JNWM0130,"(1): Job JNWM0130 Route I-35 HARRISON County. Pavement repair at Eagle Rest Area, the total length of improvement being 0.645 miles.",,https://modotweb.modot.mo.gov/BidLettingPlansRoom/Letting/ViewStream/22423?type=plan,22423?type=plan,460566,,,,2026-08-06,downloaded
Missouri,DOT,missouri_dot,JNE0024,"(1): Job JNE0024 Route 11 ADAIR, KNOX, LINN, SULLIVAN County. Resurface from Route 15 near Baring to Route 129 in Linn County, the total length of improvement being 41.787 miles. (2): Job JNE0254 Rout",,https://modotweb.modot.mo.gov/BidLettingPlansRoom/Letting/ViewStream/22388?type=plan,22388?type=plan,487351,,,,2026-08-06,downloaded
Missouri,DOT,missouri_dot,JKU0066,"(1): Job JKU0066 Route 40 JACKSON County. Grading, pavement, coldmill, resurface, signal, wall and ADA improvements from Cliff Avenue to Little Blue Parkway near Independence, the total length of impr",,https://modotweb.modot.mo.gov/BidLettingPlansRoom/Letting/ViewStream/22411?type=plan,22411?type=plan,961531,,,,2026-08-06,downloaded
Missouri,DOT,missouri_dot,JCD0219B,"(1): Job JCD0219B Route 54 COLE County. Tree clearing from just west of Route E to just east of Sandy Fork Road, the total length of improvement being 1.894 miles.",,https://modotweb.modot.mo.gov/BidLettingPlansRoom/Letting/ViewStream/22407?type=plan,22407?type=plan,478824,,,,2026-08-06,downloaded
Missouri,DOT,missouri_dot,JSL0038,"(1): Job JSL0038 Route I-44 FRANKLIN County. Coldmill, resurface, ramp extensions, rest area and weigh scale site improvements on I-44 from the Crawford County line to 0.5 miles east of Route 30, the ",,https://modotweb.modot.mo.gov/BidLettingPlansRoom/Letting/ViewStream/22408?type=plan,22408?type=plan,1536134,,,,2026-08-06,downloaded
Missouri,DOT,missouri_dot,JSLM0078,"(1): Job JSLM0078 Route BB JEFFERSON County. Culvert replacements at Brackman Drive in Cedar Hill, the total length of improvement being 0.054 miles.",,https://modotweb.modot.mo.gov/BidLettingPlansRoom/Letting/ViewStream/22409?type=plan,22409?type=plan,531115,,,,2026-08-06,downloaded
Missouri,DOT,missouri_dot,J8S0745,"(1): Job J8S0745 Route D GREENE County. Coldmill, resurface and turn lanes from Glenstone Ave. to Blackman Rd. in Springfield, the total length of improvement being 2.718 miles. (2): Job J8S3133 Route",,https://modotweb.modot.mo.gov/BidLettingPlansRoom/Letting/ViewStream/22410?type=plan,22410?type=plan,1096949,,,,2026-08-06,downloaded
Missouri,Vertical,missouri_vertical,R2511-01,R2511-01,,https://oa.mo.gov/sites/default/files/bid-opportunities/_R2511-01%20Final%20Bid%20Specs.pdf,_R2511-01%20Final%20Bid%20Specs.pdf,4574081,CSI,00;01;05;23;26,gs://specindex-ai-raw-documents/specs/MISSOURI/R2511-01/specbook__R2511-01-20Final-20Bid-20Specs.pdf,2026-08-06,downloaded
Missouri,Vertical,missouri_vertical,X2514-01,X2514-01,,https://oa.mo.gov/sites/default/files/bid-opportunities/_X2514-01%20Final%20Bid%20Specs.pdf,_X2514-01%20Final%20Bid%20Specs.pdf,5515275,CSI,00;01;03;04;06;07;09;31;32,gs://specindex-ai-raw-documents/specs/MISSOURI/X2514-01/specbook__X2514-01-20Final-20Bid-20Specs.pdf,2026-08-06,downloaded
Missouri,Vertical,missouri_vertical,U2607-01,U2607-01,,https://oa.mo.gov/sites/default/files/bid-opportunities/_U2607-01%20-%20Final%20Bid%20Docs.pdf,_U2607-01%20-%20Final%20Bid%20Docs.pdf,637343,,,,2026-08-06,downloaded
Missouri,Vertical,missouri_vertical,O2512-01,O2512-01,,https://oa.mo.gov/sites/default/files/bid-opportunities/_O2512-01%20-%20Final%20Bid%20Docs.pdf,_O2512-01%20-%20Final%20Bid%20Docs.pdf,647674,,,,2026-08-06,downloaded
Missouri,Vertical,missouri_vertical,R2505-01,R2505-01,,https://oa.mo.gov/sites/default/files/bid-opportunities/_R2505-01%20Final%20Bid%20Specs.pdf,_R2505-01%20Final%20Bid%20Specs.pdf,4838893,CSI,00;01;02;03,gs://specindex-ai-raw-documents/specs/MISSOURI/R2505-01/specbook__R2505-01-20Final-20Bid-20Specs.pdf,2026-08-06,downloaded
Missouri,Vertical,missouri_vertical,R2410-01,R2410-01,,https://oa.mo.gov/sites/default/files/bid-opportunities/_R2410-01%20Final%20Bid%20Specs.pdf,_R2410-01%20Final%20Bid%20Specs.pdf,11092378,CSI,00;01;02;07;08;09;10;12;22;23;26,gs://specindex-ai-raw-documents/specs/MISSOURI/R2410-01/specbook__R2410-01-20Final-20Bid-20Specs.pdf,2026-08-06,downloaded
Missouri,Vertical,missouri_vertical,T2601-01,T2601-01,,https://oa.mo.gov/sites/default/files/bid-opportunities/T2601-01%20Bid%20Documents.pdf,T2601-01%20Bid%20Documents.pdf,1705729,,,,2026-08-06,downloaded
Missouri,Vertical,missouri_vertical,C2502-01,C2502-01,,https://oa.mo.gov/sites/default/files/bid-opportunities/C2502-01%20Bid%20Documents.pdf,C2502-01%20Bid%20Documents.pdf,1714224,,,,2026-08-06,downloaded
Missouri,Vertical,missouri_vertical,,C250201 Boonville Correctional Center DWG.pdf,,https://oa.mo.gov/sites/default/files/bid-opportunities/C250201%20Boonville%20Correctional%20Center%20DWG.pdf,C250201%20Boonville%20Correctional%20Center%20DWG.pdf,35518595,,,,2026-08-06,downloaded
Missouri,Vertical,missouri_vertical,C2511-01,C2511-01,,https://oa.mo.gov/sites/default/files/bid-opportunities/_C2511-01%20-%20Final%20Bid%20Docs.pdf,_C2511-01%20-%20Final%20Bid%20Docs.pdf,370350,,,,2026-08-06,downloaded
Missouri,Vertical,missouri_vertical,T2147-01,T2147-01,,https://oa.mo.gov/sites/default/files/bid-opportunities/_T2147-01%20-%20Final%20Bid%20Docs.pdf,_T2147-01%20-%20Final%20Bid%20Docs.pdf,562701,,,,2026-08-06,downloaded
Missouri,Vertical,missouri_vertical,R2507-01,R2507-01,,https://oa.mo.gov/sites/default/files/bid-opportunities/_R2507-01%20Final%20Bid%20Specs.pdf,_R2507-01%20Final%20Bid%20Specs.pdf,6465097,CSI,00;01;02;03;09;22;23;26;28;31,gs://specindex-ai-raw-documents/specs/MISSOURI/R2507-01/specbook__R2507-01-20Final-20Bid-20Specs.pdf,2026-08-06,downloaded
Missouri,Vertical,missouri_vertical,U2610-01,U2610-01,,https://oa.mo.gov/sites/default/files/bid-opportunities/_U2610-01%20Final%20Bid%20Specs.pdf,_U2610-01%20Final%20Bid%20Specs.pdf,7511496,CSI,00;01;02;03;04;05;06;07;08;09;10;22;26;31;32,gs://specindex-ai-raw-documents/specs/MISSOURI/U2610-01/specbook__U2610-01-20Final-20Bid-20Specs.pdf,2026-08-06,downloaded
Missouri,Vertical,missouri_vertical,T2613-01,T2613-01,,https://oa.mo.gov/sites/default/files/bid-opportunities/_T2613-01%20-%20Final%20Bid%20Docs.pdf,_T2613-01%20-%20Final%20Bid%20Docs.pdf,634050,,,,2026-08-06,downloaded
Missouri,Vertical,missouri_vertical,T2504-01,T2504-01,,https://oa.mo.gov/sites/default/files/bid-opportunities/T2504-01%20Bid%20Documents.pdf,T2504-01%20Bid%20Documents.pdf,1710048,,,,2026-08-06,downloaded
Missouri,Vertical,missouri_vertical,,T250401_Final Plans 7-1-26 - Signed.pdf,,https://oa.mo.gov/sites/default/files/bid-opportunities/T250401_Final%20Plans%207-1-26%20-%20Signed.pdf,T250401_Final%20Plans%207-1-26%20-%20Signed.pdf,8658308,,,,2026-08-06,downloaded
Missouri,Vertical,missouri_vertical,T2505-01,T2505-01,,https://oa.mo.gov/sites/default/files/bid-opportunities/_T2505-01%20Final%20Bid%20Specs.pdf,_T2505-01%20Final%20Bid%20Specs.pdf,22417231,CSI,00;01;02;03;04;05;06;07;08;09;10;11;12;13;14;21;22;23;26;27;28;31;32;33,gs://specindex-ai-raw-documents/specs/MISSOURI/T2505-01/specbook__T2505-01-20Final-20Bid-20Specs.pdf,2026-08-06,downloaded
Missouri,Vertical,missouri_vertical,T2421-01,T2421-01,,https://oa.mo.gov/sites/default/files/bid-opportunities/_REBID%20T2421-01%20-%20Final%20Bid%20Docs.pdf,_REBID%20T2421-01%20-%20Final%20Bid%20Docs.pdf,356362,,,,2026-08-06,downloaded
Missouri,Vertical,missouri_vertical,T2523-01,T2523-01,,https://oa.mo.gov/sites/default/files/bid-opportunities/T2523-01%20Bid%20Documents.pdf,T2523-01%20Bid%20Documents.pdf,1743307,,,,2026-08-06,downloaded
Missouri,Vertical,missouri_vertical,R2513-01,R2513-01,,https://oa.mo.gov/sites/default/files/bid-opportunities/_R2513-01%20Final%20Bid%20Specs.pdf,_R2513-01%20Final%20Bid%20Specs.pdf,5874215,CSI,00;01;02;07;08;09;23;26,gs://specindex-ai-raw-documents/specs/MISSOURI/R2513-01/specbook__R2513-01-20Final-20Bid-20Specs.pdf,2026-08-06,downloaded
Missouri,Vertical,missouri_vertical,X2534-01,X2534-01,,https://oa.mo.gov/sites/default/files/bid-opportunities/_X2534-01%20-%20Final%20Bid%20Specs.pdf,_X2534-01%20-%20Final%20Bid%20Specs.pdf,22228546,CSI,00;01;02;03;06;07;08;09;10;22;23;26;31;32;33,gs://specindex-ai-raw-documents/specs/MISSOURI/X2534-01/specbook__X2534-01-20--20Final-20Bid-20Specs.pdf,2026-08-06,downloaded
Missouri,Vertical,missouri_vertical,U2419-01,U2419-01,,https://oa.mo.gov/sites/default/files/bid-opportunities/_U2419-01%20-%20Final%20Bid%20Docs.pdf,_U2419-01%20-%20Final%20Bid%20Docs.pdf,801003,,,,2026-08-06,downloaded
Missouri,Vertical,missouri_vertical,T2612-01,T2612-01,,https://oa.mo.gov/sites/default/files/bid-opportunities/_T2612-01%20Final%20Bid%20Specs.pdf,_T2612-01%20Final%20Bid%20Specs.pdf,11881999,CSI,00;01;02;03;05;06;07;08;09;10;11;12;13;21;22;23;26;27;28;31;32;33,gs://specindex-ai-raw-documents/specs/MISSOURI/T2612-01/specbook__T2612-01-20Final-20Bid-20Specs.pdf,2026-08-06,downloaded
Missouri,Vertical,missouri_vertical,,Bid Tab_1.pdf,,https://oa.mo.gov/sites/default/files/bid-opportunities/Bid%20Tab_1.pdf,Bid%20Tab_1.pdf,136653,,,,2026-08-06,downloaded
Missouri,Vertical,missouri_vertical,H2501-01,H2501-01,,https://oa.mo.gov/sites/default/files/bid-opportunities/_H2501-01%20Final%20Bid%20Specs.pdf,_H2501-01%20Final%20Bid%20Specs.pdf,8903115,CSI,00;01;31;32;33,gs://specindex-ai-raw-documents/specs/MISSOURI/H2501-01/specbook__H2501-01-20Final-20Bid-20Specs.pdf,2026-08-06,downloaded
North Carolina,DOT,north_carolina_dot,,Catawba_ I-5716_C205195 - Extended Advertisement,,https://connect.ncdot.gov/letting/Central%20Letting/07-21-2026%20Central%20Letting/Catawba_%20I-5716_C205195%20-%20Extended%20Advertisement.pdf,Catawba_%20I-5716_C205195%20-%20Extended%20Advertisement.pdf,122646,,,,2026-08-06,downloaded
North Carolina,DOT,north_carolina_dot,,ROCKINGHAM_HB-0035_C205194,,https://connect.ncdot.gov/letting/Central%20Letting/07-21-2026%20Central%20Letting/ROCKINGHAM_HB-0035_C205194.pdf,ROCKINGHAM_HB-0035_C205194.pdf,1034726,,,,2026-08-06,downloaded
North Carolina,DOT,north_carolina_dot,,NASH_I-5934_C205183,,https://connect.ncdot.gov/letting/Central%20Letting/07-21-2026%20Central%20Letting/NASH_I-5934_C205183.pdf,NASH_I-5934_C205183.pdf,1034752,,,,2026-08-06,downloaded
North Carolina,DOT,north_carolina_dot,,POLK_18314.1075015_C205225,,https://connect.ncdot.gov/letting/Central%20Letting/07-21-2026%20Central%20Letting/POLK_18314.1075015_C205225.pdf,POLK_18314.1075015_C205225.pdf,1034862,,,,2026-08-06,downloaded
North Carolina,DOT,north_carolina_dot,,CARTERET_ONSLOW_15BPR.131.3_C205185,,https://connect.ncdot.gov/letting/Central%20Letting/07-21-2026%20Central%20Letting/CARTERET_ONSLOW_15BPR.131.3_C205185.pdf,CARTERET_ONSLOW_15BPR.131.3_C205185.pdf,1034816,,,,2026-08-06,downloaded
North Carolina,DOT,north_carolina_dot,,PITT_2026CPT.02.26.20741_C205201,,https://connect.ncdot.gov/letting/Central%20Letting/07-21-2026%20Central%20Letting/PITT_2026CPT.02.26.20741_C205201.pdf,PITT_2026CPT.02.26.20741_C205201.pdf,1034783,,,,2026-08-06,downloaded
North Carolina,DOT,north_carolina_dot,,New Hanover_2026CPT.03.09.10651_C205213,,https://connect.ncdot.gov/letting/Central%20Letting/06-16-2026%20Central%20Letting/New%20Hanover_2026CPT.03.09.10651_C205213.pdf,New%20Hanover_2026CPT.03.09.10651_C205213.pdf,1034334,,,,2026-08-06,downloaded
North Carolina,DOT,north_carolina_dot,C204970,Brunswick HE-0016 C204970,,https://connect.ncdot.gov/letting/Central%20Letting/06-16-2026%20Central%20Letting/Brunswick%20HE-0016%20C204970.pdf,Brunswick%20HE-0016%20C204970.pdf,16134325,CSI,10,gs://specindex-ai-raw-documents/specs/NORTH CAROLINA/C204970/specbook_Brunswick-20HE-0016-20C204970.pdf,2026-08-06,downloaded
North Carolina,DOT,north_carolina_dot,,Pamlico_B-5995_C204742_Addednum No.1,,https://connect.ncdot.gov/letting/Central%20Letting/06-16-2026%20Central%20Letting/Pamlico_B-5995_C204742_Addednum%20No.1.pdf,Pamlico_B-5995_C204742_Addednum%20No.1.pdf,229278,,,,2026-08-06,downloaded
North Carolina,DOT,north_carolina_dot,,Pamlico_B-5995_C204742,,https://connect.ncdot.gov/letting/Central%20Letting/06-16-2026%20Central%20Letting/Pamlico_B-5995_C204742.pdf,Pamlico_B-5995_C204742.pdf,1034246,,,,2026-08-06,downloaded
North Carolina,DOT,north_carolina_dot,,Brunswick_HE-0016_C204970,,https://connect.ncdot.gov/letting/Central%20Letting/06-16-2026%20Central%20Letting/Brunswick_HE-0016_C204970.pdf,Brunswick_HE-0016_C204970.pdf,1034278,,,,2026-08-06,downloaded
North Carolina,DOT,north_carolina_dot,C205182,Carteret R-5858 C205182,,https://connect.ncdot.gov/letting/Central%20Letting/06-16-2026%20Central%20Letting/Carteret%20R-5858%20C205182.pdf,Carteret%20R-5858%20C205182.pdf,21635498,CSI,10,gs://specindex-ai-raw-documents/specs/NORTH CAROLINA/C205182/specbook_Carteret-20R-5858-20C205182.pdf,2026-08-06,downloaded
North Carolina,DOT,north_carolina_dot,C205213,New_Hanover_2026CPT.03.09.10654 C205213,,https://connect.ncdot.gov/letting/Central%20Letting/06-16-2026%20Central%20Letting/New_Hanover_2026CPT.03.09.10654%20C205213.pdf,New_Hanover_2026CPT.03.09.10654%20C205213.pdf,4763603,CSI,01;03;06;07;08;09;10;11;15;16;17,gs://specindex-ai-raw-documents/specs/NORTH CAROLINA/C205213/specbook_New_Hanover_2026CPT.03.09.10654-20C205213.pdf,2026-08-06,downloaded
North Carolina,DOT,north_carolina_dot,,Rockingham_BP7.R001.3_C205186_Addedndum No.1,,https://connect.ncdot.gov/letting/Central%20Letting/06-16-2026%20Central%20Letting/Rockingham_BP7.R001.3_C205186_Addedndum%20No.1.pdf,Rockingham_BP7.R001.3_C205186_Addedndum%20No.1.pdf,1403613,,,,2026-08-06,downloaded
North Carolina,DOT,north_carolina_dot,C204742,Pamlico_B-5995 C204742,,https://connect.ncdot.gov/letting/Central%20Letting/06-16-2026%20Central%20Letting/Pamlico_B-5995%20C204742.pdf,Pamlico_B-5995%20C204742.pdf,62297157,unreadable,,,2026-08-06,unreadable format
North Carolina,DOT,north_carolina_dot,,FORSYTH_BR-0168_C205160_Addendun No.2,,https://connect.ncdot.gov/letting/Central%20Letting/06-16-2026%20Central%20Letting/FORSYTH_BR-0168_C205160_Addendun%20No.2.pdf,FORSYTH_BR-0168_C205160_Addendun%20No.2.pdf,3232160,,,,2026-08-06,downloaded
North Carolina,DOT,north_carolina_dot,,Carteret_R-5858_C205182,,https://connect.ncdot.gov/letting/Central%20Letting/06-16-2026%20Central%20Letting/Carteret_R-5858_C205182.pdf,Carteret_R-5858_C205182.pdf,1034225,,,,2026-08-06,downloaded
North Carolina,DOT,north_carolina_dot,,Buncombe_2026CPT.13.09.20111_C205211,,https://connect.ncdot.gov/letting/Central%20Letting/06-16-2026%20Central%20Letting/Buncombe_2026CPT.13.09.20111_C205211.pdf,Buncombe_2026CPT.13.09.20111_C205211.pdf,5024447,CSI,01;03;06;07;08;09;10;11;15;16;17,gs://specindex-ai-raw-documents/specs/NORTH CAROLINA/unknown/specbook_Buncombe_2026CPT.13.09.20111_C205211.pdf,2026-08-06,downloaded
North Carolina,DOT,north_carolina_dot,C205211,Buncombe C205211 2026cpt.13.09.20111,,https://connect.ncdot.gov/letting/Central%20Letting/06-16-2026%20Central%20Letting/Buncombe%20C205211%202026cpt.13.09.20111.pdf,Buncombe%20C205211%202026cpt.13.09.20111.pdf,1034339,,,,2026-08-06,downloaded
North Carolina,DOT,north_carolina_dot,,Catawba_I-5716_C205195_Addendum No.2,,https://connect.ncdot.gov/letting/Central%20Letting/08-18-2026%20Central%20Letting/Catawba_I-5716_C205195_Addendum%20No.2.pdf,Catawba_I-5716_C205195_Addendum%20No.2.pdf,214240,,,,2026-08-06,downloaded
North Carolina,DOT,north_carolina_dot,,Catawba_I-5716_C205195_Addendum No.1,,https://connect.ncdot.gov/letting/Central%20Letting/08-18-2026%20Central%20Letting/Catawba_I-5716_C205195_Addendum%20No.1.pdf,Catawba_I-5716_C205195_Addendum%20No.1.pdf,9737343,CSI,02;03;05;06;08,gs://specindex-ai-raw-documents/specs/NORTH CAROLINA/unknown/addendum_Catawba_I-5716_C205195_Addendum-20No.1.pdf,2026-08-06,downloaded
North Carolina,DOT,north_carolina_dot,,Polk_18314.1075015_C205225_Addendum No.1,,https://connect.ncdot.gov/letting/Central%20Letting/07-21-2026%20Central%20Letting/Polk_18314.1075015_C205225_Addendum%20No.1.pdf,Polk_18314.1075015_C205225_Addendum%20No.1.pdf,752271,,,,2026-08-06,downloaded
North Carolina,DOT,north_carolina_dot,,Rockingham_HB-0035_C205194_Addendum No.1,,https://connect.ncdot.gov/letting/Central%20Letting/07-21-2026%20Central%20Letting/Rockingham_HB-0035_C205194_Addendum%20No.1.pdf,Rockingham_HB-0035_C205194_Addendum%20No.1.pdf,610880,,,,2026-08-06,downloaded
North Carolina,DOT,north_carolina_dot,,Nash_I-5934_C205183_Addendum No.1,,https://connect.ncdot.gov/letting/Central%20Letting/07-21-2026%20Central%20Letting/Nash_I-5934_C205183_Addendum%20No.1.pdf,Nash_I-5934_C205183_Addendum%20No.1.pdf,676093,,,,2026-08-06,downloaded
North Carolina,DOT,north_carolina_dot,,Pender_2026CPT.03.11.10711_C205212_Addendum No.1,,https://connect.ncdot.gov/letting/Central%20Letting/06-16-2026%20Central%20Letting/Pender_2026CPT.03.11.10711_C205212_Addendum%20No.1.pdf,Pender_2026CPT.03.11.10711_C205212_Addendum%20No.1.pdf,360743,,,,2026-08-06,downloaded
North Carolina,Vertical,north_carolina_vertical,SCO-DOTDurhamCountySaltShed (8-2026),SCO-DOTDurhamCountySaltShed (8-2026),,https://evp.nc.gov/_entity/annotation/2b053107-ad91-f111-ab0f-001dd802e1e9/863ea987-6d3e-ed11-9daf-001dd805ec0b,863ea987-6d3e-ed11-9daf-001dd805ec0b,89328,CSI,05,gs://specindex-ai-raw-documents/specs/NORTH CAROLINA/SCO-DOTDurhamCountySaltShed-8-2026-/specbook_863ea987-6d3e-ed11-9daf-001dd805ec0b.pdf,2026-08-06,downloaded
North Carolina,Vertical,north_carolina_vertical,287-25000-CB-Rev,287-25000-CB-Rev,,https://evp.nc.gov/_entity/annotation/fa440def-ab91-f111-ab0e-001dd812e0a9/863ea987-6d3e-ed11-9daf-001dd805ec0b,863ea987-6d3e-ed11-9daf-001dd805ec0b,186613,unreadable,,,2026-08-06,unreadable format
North Carolina,Vertical,north_carolina_vertical,SCO-DOTRenovations for D5 DMV (8-2026),SCO-DOTRenovations for D5 DMV (8-2026),,https://evp.nc.gov/_entity/annotation/de641bfc-a191-f111-ab0f-001dd802e1e9/863ea987-6d3e-ed11-9daf-001dd805ec0b,863ea987-6d3e-ed11-9daf-001dd805ec0b,90361,CSI,01;05,gs://specindex-ai-raw-documents/specs/NORTH CAROLINA/SCO-DOTRenovations-for-D5-DMV-8-2026-/specbook_863ea987-6d3e-ed11-9daf-001dd805ec0b.pdf,2026-08-06,downloaded
North Carolina,Vertical,north_carolina_vertical,274-PR-2026FRPMBT-DB,274-PR-2026FRPMBT-DB,,https://evp.nc.gov/_entity/annotation/4adb9c0a-9f91-f111-ab0f-001dd800b811/863ea987-6d3e-ed11-9daf-001dd805ec0b,863ea987-6d3e-ed11-9daf-001dd805ec0b,600126,,,,2026-08-06,downloaded
North Carolina,Vertical,north_carolina_vertical,120-080526,120-080526,,https://evp.nc.gov/_entity/annotation/a8ebaa81-2791-f111-ab0f-001dd802e1e9/863ea987-6d3e-ed11-9daf-001dd805ec0b,863ea987-6d3e-ed11-9daf-001dd805ec0b,132966,,,,2026-08-06,downloaded
North Carolina,Vertical,north_carolina_vertical,173-27002,173-27002,,https://evp.nc.gov/_entity/annotation/af3f3827-1591-f111-ab0f-001dd802e1e9/863ea987-6d3e-ed11-9daf-001dd805ec0b,863ea987-6d3e-ed11-9daf-001dd805ec0b,431192,,,,2026-08-06,downloaded
North Carolina,Vertical,north_carolina_vertical,549-RFB-2027-02,549-RFB-2027-02,,https://evp.nc.gov/_entity/annotation/498f8b10-0391-f111-ab0f-001dd80bcb64/863ea987-6d3e-ed11-9daf-001dd805ec0b,863ea987-6d3e-ed11-9daf-001dd805ec0b,3279734,,,,2026-08-06,downloaded
North Carolina,Vertical,north_carolina_vertical,Doc2327812740,Doc2327812740,,https://evp.nc.gov/_entity/annotation/f8e3894a-f790-f111-ab0f-001dd800b811/863ea987-6d3e-ed11-9daf-001dd805ec0b,863ea987-6d3e-ed11-9daf-001dd805ec0b,,,,,2026-08-06,dead link
North Carolina,Vertical,north_carolina_vertical,70020321,70020321,,https://evp.nc.gov/_entity/annotation/7c4a1db4-208d-f111-ab0f-001dd812e0a9/863ea987-6d3e-ed11-9daf-001dd805ec0b,863ea987-6d3e-ed11-9daf-001dd805ec0b,173281,,,,2026-08-06,downloaded
North Carolina,Vertical,north_carolina_vertical,494-26-0826,494-26-0826,,https://evp.nc.gov/_entity/annotation/7f288edf-5c90-f111-ab0f-001dd803db57/863ea987-6d3e-ed11-9daf-001dd805ec0b,863ea987-6d3e-ed11-9daf-001dd805ec0b,120299,,,,2026-08-06,downloaded
Ohio,DOT,ohio_dot,1088002,1088002 IR 71-10.07 SW Replace,,https://contracts.dot.state.oh.us/document/downloadDocument.do?documentId=1088002&cabinetId=1003,downloadDocument.do?documentId=1088002&cabinetId=1003,2117347,DOT SS/SP,,gs://specindex-ai-raw-documents/specs/OHIO/1088002/proposal_downloadDocument.do-documentId-1088002-cabinetId-1003.pdf,2026-08-06,downloaded
Ohio,DOT,ohio_dot,1088003,1088003 US 6/US 24-11.32/04.62,,https://contracts.dot.state.oh.us/document/downloadDocument.do?documentId=1088003&cabinetId=1003,downloadDocument.do?documentId=1088003&cabinetId=1003,2278585,DOT SS/SP,,gs://specindex-ai-raw-documents/specs/OHIO/1088003/proposal_downloadDocument.do-documentId-1088003-cabinetId-1003.pdf,2026-08-06,downloaded
Ohio,DOT,ohio_dot,1088086,1088086 IR 680-04.58 (PART 1 AND PART 2),,https://contracts.dot.state.oh.us/document/downloadDocument.do?documentId=1088086&cabinetId=1003,downloadDocument.do?documentId=1088086&cabinetId=1003,2440581,CSI,03,gs://specindex-ai-raw-documents/specs/OHIO/1088086/specbook_downloadDocument.do-documentId-1088086-cabinetId-1003.pdf,2026-08-06,downloaded
Ohio,DOT,ohio_dot,1088448,1088448 SR 327/SR 32-13.58/17.51,,https://contracts.dot.state.oh.us/document/downloadDocument.do?documentId=1088448&cabinetId=1003,downloadDocument.do?documentId=1088448&cabinetId=1003,5491796,DOT SS/SP,,gs://specindex-ai-raw-documents/specs/OHIO/1088448/proposal_downloadDocument.do-documentId-1088448-cabinetId-1003.pdf,2026-08-06,downloaded
Ohio,DOT,ohio_dot,1088449,1088449 SR 13-13.71,,https://contracts.dot.state.oh.us/document/downloadDocument.do?documentId=1088449&cabinetId=1003,downloadDocument.do?documentId=1088449&cabinetId=1003,1923847,DOT SS/SP,,gs://specindex-ai-raw-documents/specs/OHIO/1088449/proposal_downloadDocument.do-documentId-1088449-cabinetId-1003.pdf,2026-08-06,downloaded
Ohio,DOT,ohio_dot,1088450,1088450 SR 682-04.70,,https://contracts.dot.state.oh.us/document/downloadDocument.do?documentId=1088450&cabinetId=1003,downloadDocument.do?documentId=1088450&cabinetId=1003,1914126,DOT SS/SP,,gs://specindex-ai-raw-documents/specs/OHIO/1088450/proposal_downloadDocument.do-documentId-1088450-cabinetId-1003.pdf,2026-08-06,downloaded
Ohio,DOT,ohio_dot,1088451,1088451 SR 149-15.10,,https://contracts.dot.state.oh.us/document/downloadDocument.do?documentId=1088451&cabinetId=1003,downloadDocument.do?documentId=1088451&cabinetId=1003,1882100,DOT SS/SP,,gs://specindex-ai-raw-documents/specs/OHIO/1088451/proposal_downloadDocument.do-documentId-1088451-cabinetId-1003.pdf,2026-08-06,downloaded
Ohio,DOT,ohio_dot,1088452,1088452 SR 122-00.00,,https://contracts.dot.state.oh.us/document/downloadDocument.do?documentId=1088452&cabinetId=1003,downloadDocument.do?documentId=1088452&cabinetId=1003,3194968,DOT SS/SP,,gs://specindex-ai-raw-documents/specs/OHIO/1088452/proposal_downloadDocument.do-documentId-1088452-cabinetId-1003.pdf,2026-08-06,downloaded
Ohio,DOT,ohio_dot,1088453,1088453 IR 480-13.04 Ramps,,https://contracts.dot.state.oh.us/document/downloadDocument.do?documentId=1088453&cabinetId=1003,downloadDocument.do?documentId=1088453&cabinetId=1003,1841506,DOT SS/SP,,gs://specindex-ai-raw-documents/specs/OHIO/1088453/proposal_downloadDocument.do-documentId-1088453-cabinetId-1003.pdf,2026-08-06,downloaded
Ohio,DOT,ohio_dot,1088454,1088454 IR 480-18.42 Deck Sealing,,https://contracts.dot.state.oh.us/document/downloadDocument.do?documentId=1088454&cabinetId=1003,downloadDocument.do?documentId=1088454&cabinetId=1003,1975650,DOT SS/SP,,gs://specindex-ai-raw-documents/specs/OHIO/1088454/proposal_downloadDocument.do-documentId-1088454-cabinetId-1003.pdf,2026-08-06,downloaded
Ohio,DOT,ohio_dot,1088455,1088455 BP FY26,,https://contracts.dot.state.oh.us/document/downloadDocument.do?documentId=1088455&cabinetId=1003,downloadDocument.do?documentId=1088455&cabinetId=1003,1844926,DOT SS/SP,,gs://specindex-ai-raw-documents/specs/OHIO/1088455/proposal_downloadDocument.do-documentId-1088455-cabinetId-1003.pdf,2026-08-06,downloaded
Ohio,DOT,ohio_dot,1088456,1088456 PPM FY2026,,https://contracts.dot.state.oh.us/document/downloadDocument.do?documentId=1088456&cabinetId=1003,downloadDocument.do?documentId=1088456&cabinetId=1003,1847514,DOT SS/SP,,gs://specindex-ai-raw-documents/specs/OHIO/1088456/proposal_downloadDocument.do-documentId-1088456-cabinetId-1003.pdf,2026-08-06,downloaded
Ohio,DOT,ohio_dot,1088457,1088457 IR 275-36.66,,https://contracts.dot.state.oh.us/document/downloadDocument.do?documentId=1088457&cabinetId=1003,downloadDocument.do?documentId=1088457&cabinetId=1003,1937525,DOT SS/SP,,gs://specindex-ai-raw-documents/specs/OHIO/1088457/proposal_downloadDocument.do-documentId-1088457-cabinetId-1003.pdf,2026-08-06,downloaded
Ohio,DOT,ohio_dot,1088458,1088458 SR 126-06.86,,https://contracts.dot.state.oh.us/document/downloadDocument.do?documentId=1088458&cabinetId=1003,downloadDocument.do?documentId=1088458&cabinetId=1003,1922350,DOT SS/SP,,gs://specindex-ai-raw-documents/specs/OHIO/1088458/proposal_downloadDocument.do-documentId-1088458-cabinetId-1003.pdf,2026-08-06,downloaded
Ohio,DOT,ohio_dot,1088459,1088459 SR 126-VAR,,https://contracts.dot.state.oh.us/document/downloadDocument.do?documentId=1088459&cabinetId=1003,downloadDocument.do?documentId=1088459&cabinetId=1003,1831730,DOT SS/SP,,gs://specindex-ai-raw-documents/specs/OHIO/1088459/proposal_downloadDocument.do-documentId-1088459-cabinetId-1003.pdf,2026-08-06,downloaded
Ohio,DOT,ohio_dot,1088460,1088460 SR 128-00.00,,https://contracts.dot.state.oh.us/document/downloadDocument.do?documentId=1088460&cabinetId=1003,downloadDocument.do?documentId=1088460&cabinetId=1003,1878743,DOT SS/SP,,gs://specindex-ai-raw-documents/specs/OHIO/1088460/proposal_downloadDocument.do-documentId-1088460-cabinetId-1003.pdf,2026-08-06,downloaded
Ohio,DOT,ohio_dot,1088461,1088461 SR 73-21.04,,https://contracts.dot.state.oh.us/document/downloadDocument.do?documentId=1088461&cabinetId=1003,downloadDocument.do?documentId=1088461&cabinetId=1003,5190776,DOT SS/SP,,gs://specindex-ai-raw-documents/specs/OHIO/1088461/proposal_downloadDocument.do-documentId-1088461-cabinetId-1003.pdf,2026-08-06,downloaded
Ohio,DOT,ohio_dot,1088462,1088462 SR 213-04.51,,https://contracts.dot.state.oh.us/document/downloadDocument.do?documentId=1088462&cabinetId=1003,downloadDocument.do?documentId=1088462&cabinetId=1003,1891024,DOT SS/SP,,gs://specindex-ai-raw-documents/specs/OHIO/1088462/proposal_downloadDocument.do-documentId-1088462-cabinetId-1003.pdf,2026-08-06,downloaded
Ohio,DOT,ohio_dot,1088463,1088463 SR 378-04.84,,https://contracts.dot.state.oh.us/document/downloadDocument.do?documentId=1088463&cabinetId=1003,downloadDocument.do?documentId=1088463&cabinetId=1003,10154552,DOT SS/SP,,gs://specindex-ai-raw-documents/specs/OHIO/1088463/proposal_downloadDocument.do-documentId-1088463-cabinetId-1003.pdf,2026-08-06,downloaded
Ohio,DOT,ohio_dot,1088464,1088464 PAVE-FY26,,https://contracts.dot.state.oh.us/document/downloadDocument.do?documentId=1088464&cabinetId=1003,downloadDocument.do?documentId=1088464&cabinetId=1003,1841307,DOT SS/SP,,gs://specindex-ai-raw-documents/specs/OHIO/1088464/proposal_downloadDocument.do-documentId-1088464-cabinetId-1003.pdf,2026-08-06,downloaded
Ohio,DOT,ohio_dot,1088465,1088465 US 20A-09.77 Roundabout,,https://contracts.dot.state.oh.us/document/downloadDocument.do?documentId=1088465&cabinetId=1003,downloadDocument.do?documentId=1088465&cabinetId=1003,2311586,DOT SS/SP,,gs://specindex-ai-raw-documents/specs/OHIO/1088465/proposal_downloadDocument.do-documentId-1088465-cabinetId-1003.pdf,2026-08-06,downloaded
Ohio,DOT,ohio_dot,1088466,1088466 /MIA-NW-FY26,,https://contracts.dot.state.oh.us/document/downloadDocument.do?documentId=1088466&cabinetId=1003,downloadDocument.do?documentId=1088466&cabinetId=1003,1571634,DOT SS/SP,,gs://specindex-ai-raw-documents/specs/OHIO/1088466/proposal_downloadDocument.do-documentId-1088466-cabinetId-1003.pdf,2026-08-06,downloaded
Ohio,DOT,ohio_dot,1088467,1088467 SR 49/SR 500/SR 613-Varies,,https://contracts.dot.state.oh.us/document/downloadDocument.do?documentId=1088467&cabinetId=1003,downloadDocument.do?documentId=1088467&cabinetId=1003,2066030,DOT SS/SP,,gs://specindex-ai-raw-documents/specs/OHIO/1088467/proposal_downloadDocument.do-documentId-1088467-cabinetId-1003.pdf,2026-08-06,downloaded
Ohio,DOT,ohio_dot,1088468,1088468 SR 82/VAR-10.64/VAR,,https://contracts.dot.state.oh.us/document/downloadDocument.do?documentId=1088468&cabinetId=1003,downloadDocument.do?documentId=1088468&cabinetId=1003,2077044,DOT SS/SP,,gs://specindex-ai-raw-documents/specs/OHIO/1088468/proposal_downloadDocument.do-documentId-1088468-cabinetId-1003.pdf,2026-08-06,downloaded
Ohio,DOT,ohio_dot,1088469,1088469 IR 71-10.76,,https://contracts.dot.state.oh.us/document/downloadDocument.do?documentId=1088469&cabinetId=1003,downloadDocument.do?documentId=1088469&cabinetId=1003,1951211,DOT SS/SP,,gs://specindex-ai-raw-documents/specs/OHIO/1088469/proposal_downloadDocument.do-documentId-1088469-cabinetId-1003.pdf,2026-08-06,downloaded
South Dakota,DOT,south_dakota_dot,09ML,09ML,,https://apps.sd.gov/HC65C2C/EBS/lettings/specprov/09ML_SpecProv.pdf,09ML_SpecProv.pdf,12764699,DOT SS/SP,,gs://specindex-ai-raw-documents/specs/SOUTH DAKOTA/09ML/proposal_09ML_SpecProv.pdf,2026-08-06,downloaded
South Dakota,DOT,south_dakota_dot,09M7,09M7,,https://apps.sd.gov/HC65C2C/EBS/lettings/specprov/09M7_SpecProv.pdf,09M7_SpecProv.pdf,12753849,DOT SS/SP,,gs://specindex-ai-raw-documents/specs/SOUTH DAKOTA/09M7/proposal_09M7_SpecProv.pdf,2026-08-06,downloaded
South Dakota,DOT,south_dakota_dot,09LX,09LX,,https://apps.sd.gov/HC65C2C/EBS/lettings/specprov/09LX_SpecProv.pdf,09LX_SpecProv.pdf,12185845,,,,2026-08-06,downloaded
South Dakota,DOT,south_dakota_dot,04L5,04L5,,https://apps.sd.gov/HC65C2C/EBS/lettings/specprov/04L5_SpecProv.pdf,04L5_SpecProv.pdf,2593504,,,,2026-08-06,downloaded
South Dakota,DOT,south_dakota_dot,09V7,09V7,,https://apps.sd.gov/HC65C2C/EBS/lettings/specprov/09V7_SpecProv.pdf,09V7_SpecProv.pdf,3604059,DOT SS/SP,,gs://specindex-ai-raw-documents/specs/SOUTH DAKOTA/09V7/proposal_09V7_SpecProv.pdf,2026-08-06,downloaded
South Dakota,DOT,south_dakota_dot,09MJ,09MJ,,https://apps.sd.gov/HC65C2C/EBS/lettings/specprov/09MJ_SpecProv.pdf,09MJ_SpecProv.pdf,12418482,DOT SS/SP,,gs://specindex-ai-raw-documents/specs/SOUTH DAKOTA/09MJ/proposal_09MJ_SpecProv.pdf,2026-08-06,downloaded
South Dakota,DOT,south_dakota_dot,09QH,09QH,,https://apps.sd.gov/HC65C2C/EBS/lettings/specprov/09QH_SpecProv.pdf,09QH_SpecProv.pdf,2475980,,,,2026-08-06,downloaded
South Dakota,DOT,south_dakota_dot,080J,080J,,https://apps.sd.gov/HC65C2C/EBS/lettings/specprov/080J_SpecProv.pdf,080J_SpecProv.pdf,4295099,DOT SS/SP,,gs://specindex-ai-raw-documents/specs/SOUTH DAKOTA/080J/proposal_080J_SpecProv.pdf,2026-08-06,downloaded
South Dakota,DOT,south_dakota_dot,09VP,09VP,,https://apps.sd.gov/HC65C2C/EBS/lettings/specprov/09VP_SpecProv.pdf,09VP_SpecProv.pdf,2537747,,,,2026-08-06,downloaded
South Dakota,DOT,south_dakota_dot,09X8,09X8,,https://apps.sd.gov/HC65C2C/EBS/lettings/specprov/09X8_SpecProv.pdf,09X8_SpecProv.pdf,2504893,,,,2026-08-06,downloaded
South Dakota,DOT,south_dakota_dot,09UU,09UU,,https://apps.sd.gov/HC65C2C/EBS/lettings/specprov/09UU_SpecProv.pdf,09UU_SpecProv.pdf,2652059,,,,2026-08-06,downloaded
South Dakota,DOT,south_dakota_dot,06TK,06TK,,https://apps.sd.gov/HC65C2C/EBS/lettings/specprov/06TK_SpecProv.pdf,06TK_SpecProv.pdf,2427743,,,,2026-08-06,downloaded
South Dakota,DOT,south_dakota_dot,09G4,09G4,,https://apps.sd.gov/HC65C2C/EBS/lettings/specprov/09G4_SpecProv.pdf,09G4_SpecProv.pdf,2474950,,,,2026-08-06,downloaded
South Dakota,DOT,south_dakota_dot,09M2,09M2,,https://apps.sd.gov/HC65C2C/EBS/lettings/specprov/09M2_SpecProv.pdf,09M2_SpecProv.pdf,2933877,,,,2026-08-06,downloaded
South Dakota,DOT,south_dakota_dot,0A5M,0A5M,,https://apps.sd.gov/HC65C2C/EBS/lettings/specprov/0A5M_SpecProv.pdf,0A5M_SpecProv.pdf,2436391,,,,2026-08-06,downloaded
South Dakota,DOT,south_dakota_dot,09MP,09MP,,https://apps.sd.gov/HC65C2C/EBS/lettings/specprov/09MP_SpecProv.pdf,09MP_SpecProv.pdf,12448759,DOT SS/SP,,gs://specindex-ai-raw-documents/specs/SOUTH DAKOTA/09MP/proposal_09MP_SpecProv.pdf,2026-08-06,downloaded
South Dakota,DOT,south_dakota_dot,09TA,09TA,,https://apps.sd.gov/HC65C2C/EBS/lettings/specprov/09TA_SpecProv.pdf,09TA_SpecProv.pdf,2787367,DOT SS/SP,,gs://specindex-ai-raw-documents/specs/SOUTH DAKOTA/09TA/proposal_09TA_SpecProv.pdf,2026-08-06,downloaded
South Dakota,DOT,south_dakota_dot,06U4,06U4,,https://apps.sd.gov/HC65C2C/EBS/lettings/specprov/06U4_SpecProv.pdf,06U4_SpecProv.pdf,2878376,DOT SS/SP,,gs://specindex-ai-raw-documents/specs/SOUTH DAKOTA/06U4/proposal_06U4_SpecProv.pdf,2026-08-06,downloaded
South Dakota,DOT,south_dakota_dot,05X0,05X0,,https://apps.sd.gov/HC65C2C/EBS/lettings/specprov/05X0_SpecProv.pdf,05X0_SpecProv.pdf,17972785,DOT SS/SP,,gs://specindex-ai-raw-documents/specs/SOUTH DAKOTA/05X0/proposal_05X0_SpecProv.pdf,2026-08-06,downloaded
South Dakota,DOT,south_dakota_dot,0AL0,0AL0,,https://apps.sd.gov/HC65C2C/EBS/lettings/specprov/0AL0_SpecProv.pdf,0AL0_SpecProv.pdf,12565365,DOT SS/SP,,gs://specindex-ai-raw-documents/specs/SOUTH DAKOTA/0AL0/proposal_0AL0_SpecProv.pdf,2026-08-06,downloaded
Texas,DOT,texas_dot,0911-00-161,Angelina 0911-00-161 Proposal,,https://ftp.txdot.gov/plans/State-Let-Construction/2026/08%20August/08%20Proposals/Angelina%200911-00-161%20Proposal.pdf,Angelina%200911-00-161%20Proposal.pdf,4564278,,,,2026-08-06,downloaded
Texas,DOT,texas_dot,0283-02-040,Archer 0283-02-040 Proposal,,https://ftp.txdot.gov/plans/State-Let-Construction/2026/08%20August/08%20Proposals/Archer%200283-02-040%20Proposal.pdf,Archer%200283-02-040%20Proposal.pdf,5534354,,,,2026-08-06,downloaded
Texas,DOT,texas_dot,0914-18-130,Bastrop 0914-18-130 Proposal,,https://ftp.txdot.gov/plans/State-Let-Construction/2026/08%20August/08%20Proposals/Bastrop%200914-18-130%20Proposal.pdf,Bastrop%200914-18-130%20Proposal.pdf,4746855,CSI,02,gs://specindex-ai-raw-documents/specs/TEXAS/0914-18-130/drawings_Bastrop-200914-18-130-20Proposal.pdf,2026-08-06,downloaded
Texas,DOT,texas_dot,0320-05-018,Bell 0320-05-018 Proposal,,https://ftp.txdot.gov/plans/State-Let-Construction/2026/08%20August/08%20Proposals/Bell%200320-05-018%20Proposal.pdf,Bell%200320-05-018%20Proposal.pdf,5340847,,,,2026-08-06,downloaded
Texas,DOT,texas_dot,3534-01-021,Bell 3534-01-021 Proposal,,https://ftp.txdot.gov/plans/State-Let-Construction/2026/08%20August/08%20Proposals/Bell%203534-01-021%20Proposal.pdf,Bell%203534-01-021%20Proposal.pdf,5309180,,,,2026-08-06,downloaded
Texas,DOT,texas_dot,0025-02-234,Bexar 0025-02-234 Proposal,,https://ftp.txdot.gov/plans/State-Let-Construction/2026/08%20August/08%20Proposals/Bexar%200025-02-234%20Proposal.pdf,Bexar%200025-02-234%20Proposal.pdf,8138105,,,,2026-08-06,downloaded
Texas,DOT,texas_dot,0915-12-820,Bexar 0915-12-820 Proposal,,https://ftp.txdot.gov/plans/State-Let-Construction/2026/08%20August/08%20Proposals/Bexar%200915-12-820%20Proposal.pdf,Bexar%200915-12-820%20Proposal.pdf,4660342,,,,2026-08-06,downloaded
Texas,DOT,texas_dot,0252-03-056,Blanco 0252-03-056 Proposal,,https://ftp.txdot.gov/plans/State-Let-Construction/2026/08%20August/08%20Proposals/Blanco%200252-03-056%20Proposal.pdf,Blanco%200252-03-056%20Proposal.pdf,6033032,DOT SS/SP,,gs://specindex-ai-raw-documents/specs/TEXAS/0252-03-056/drawings_Blanco-200252-03-056-20Proposal.pdf,2026-08-06,downloaded
Texas,DOT,texas_dot,0610-05-060,Bowie 0610-05-060 Proposal,,https://ftp.txdot.gov/plans/State-Let-Construction/2026/08%20August/08%20Proposals/Bowie%200610-05-060%20Proposal.pdf,Bowie%200610-05-060%20Proposal.pdf,5419789,,,,2026-08-06,downloaded
Texas,DOT,texas_dot,0186-03-071,Burleson 0186-03-071 Proposal,,https://ftp.txdot.gov/plans/State-Let-Construction/2026/08%20August/08%20Proposals/Burleson%200186-03-071%20Proposal.pdf,Burleson%200186-03-071%20Proposal.pdf,5114519,,,,2026-08-06,downloaded
Texas,DOT,texas_dot,0327-08-109,Cameron 0327-08-109 Proposal,,https://ftp.txdot.gov/plans/State-Let-Construction/2026/08%20August/08%20Proposals/Cameron%200327-08-109%20Proposal.pdf,Cameron%200327-08-109%20Proposal.pdf,4434436,,,,2026-08-06,downloaded
Texas,DOT,texas_dot,0919-00-098,Cass 0919-00-098 Proposal,,https://ftp.txdot.gov/plans/State-Let-Construction/2026/08%20August/08%20Proposals/Cass%200919-00-098%20Proposal.pdf,Cass%200919-00-098%20Proposal.pdf,4371641,,,,2026-08-06,downloaded
Texas,DOT,texas_dot,0389-02-061,Chambers 0389-02-061 Proposal,,https://ftp.txdot.gov/plans/State-Let-Construction/2026/08%20August/08%20Proposals/Chambers%200389-02-061%20Proposal.pdf,Chambers%200389-02-061%20Proposal.pdf,5212384,,,,2026-08-06,downloaded
Texas,DOT,texas_dot,0920-39-028,Chambers 0920-39-028 Proposal,,https://ftp.txdot.gov/plans/State-Let-Construction/2026/08%20August/08%20Proposals/Chambers%200920-39-028%20Proposal.pdf,Chambers%200920-39-028%20Proposal.pdf,4414887,,,,2026-08-06,downloaded
Texas,DOT,texas_dot,0920-39-033,Chambers 0920-39-033 Proposal,,https://ftp.txdot.gov/plans/State-Let-Construction/2026/08%20August/08%20Proposals/Chambers%200920-39-033%20Proposal.pdf,Chambers%200920-39-033%20Proposal.pdf,5742095,,,,2026-08-06,downloaded
Texas,DOT,texas_dot,1023-01-039,Chambers 1023-01-039 Proposal,,https://ftp.txdot.gov/plans/State-Let-Construction/2026/08%20August/08%20Proposals/Chambers%201023-01-039%20Proposal.pdf,Chambers%201023-01-039%20Proposal.pdf,8101138,,,,2026-08-06,downloaded
Texas,DOT,texas_dot,1012-03-027,Collin 1012-03-027 Proposal,,https://ftp.txdot.gov/plans/State-Let-Construction/2026/08%20August/08%20Proposals/Collin%201012-03-027%20Proposal.pdf,Collin%201012-03-027%20Proposal.pdf,5356302,DOT SS/SP,,gs://specindex-ai-raw-documents/specs/TEXAS/1012-03-027/drawings_Collin-201012-03-027-20Proposal.pdf,2026-08-06,downloaded
Texas,DOT,texas_dot,0140-13-023,Crockett 0140-13-023 Proposal,,https://ftp.txdot.gov/plans/State-Let-Construction/2026/08%20August/08%20Proposals/Crockett%200140-13-023%20Proposal.pdf,Crockett%200140-13-023%20Proposal.pdf,6094088,,,,2026-08-06,downloaded
Texas,DOT,texas_dot,0581-01-177,Dallas 0581-01-177 Proposal,,https://ftp.txdot.gov/plans/State-Let-Construction/2026/08%20August/08%20Proposals/Dallas%200581-01-177%20Proposal.pdf,Dallas%200581-01-177%20Proposal.pdf,4723822,,,,2026-08-06,downloaded
Texas,DOT,texas_dot,0918-47-401,Dallas 0918-47-401 Proposal,,https://ftp.txdot.gov/plans/State-Let-Construction/2026/08%20August/08%20Proposals/Dallas%200918-47-401%20Proposal.pdf,Dallas%200918-47-401%20Proposal.pdf,5269164,,,,2026-08-06,downloaded
Texas,DOT,texas_dot,0237-06-054,Duval 0237-06-054 Proposal,,https://ftp.txdot.gov/plans/State-Let-Construction/2026/08%20August/08%20Proposals/Duval%200237-06-054%20Proposal.pdf,Duval%200237-06-054%20Proposal.pdf,5239214,,,,2026-08-06,downloaded
Texas,DOT,texas_dot,2552-04-055,El Paso 2552-04-055 Proposal,,https://ftp.txdot.gov/plans/State-Let-Construction/2026/08%20August/08%20Proposals/El%20Paso%202552-04-055%20Proposal.pdf,El%20Paso%202552-04-055%20Proposal.pdf,5359801,,,,2026-08-06,downloaded
Texas,DOT,texas_dot,0913-28-101,Fayette 0913-28-101 Proposal,,https://ftp.txdot.gov/plans/State-Let-Construction/2026/08%20August/08%20Proposals/Fayette%200913-28-101%20Proposal.pdf,Fayette%200913-28-101%20Proposal.pdf,5106133,,,,2026-08-06,downloaded
Texas,DOT,texas_dot,0027-08-147,Fort Bend 0027-08-147 Proposal,,https://ftp.txdot.gov/plans/State-Let-Construction/2026/08%20August/08%20Proposals/Fort%20Bend%200027-08-147%20Proposal.pdf,Fort%20Bend%200027-08-147%20Proposal.pdf,5791409,,,,2026-08-06,downloaded
Texas,DOT,texas_dot,3510-04-069,Fort Bend 3510-04-069 Proposal,,https://ftp.txdot.gov/plans/State-Let-Construction/2026/08%20August/08%20Proposals/Fort%20Bend%203510-04-069%20Proposal.pdf,Fort%20Bend%203510-04-069%20Proposal.pdf,7196582,DOT SS/SP,,gs://specindex-ai-raw-documents/specs/TEXAS/3510-04-069/drawings_Fort-20Bend-203510-04-069-20Proposal.pdf,2026-08-06,downloaded
Texas,Vertical,texas_vertical,HHS0017304,As needed Electrical Services for the Lufkin State Supported Living Center.,,https://www.txsmartbuy.gov/core/media/media.nl?id=33329775&c=852252&h=t7aAvTOkWl40pCQFhO1BDMmkZEX42Bwf8ARurv4bxGttYBEu&_xt=.pdf,media.nl?id=33329775&c=852252&h=t7aAvTOkWl40pCQFhO1BDMmkZEX42Bwf8ARurv4bxGttYBEu&_xt=.pdf,413240,CSI,01,gs://specindex-ai-raw-documents/specs/TEXAS/HHS0017304/specbook_media.nl-id-33329775-c-852252-h-t7aAvTOkWl40pCQFhO1BDMmkZEX42Bwf8ARurv4bxGttYBEu-_xt-.pdf,2026-08-06,downloaded
Texas,Vertical,texas_vertical,601340000066930,Portable Building for the TxDOT Fort Davis Maintenance Facility,,https://www.txsmartbuy.gov/core/media/media.nl?id=33584705&c=852252&h=UUPRcAkakRNGbtqTh1eIN0FbiK-qqpu1fwLOq4VKdst-DxaE&_xt=.pdf,media.nl?id=33584705&c=852252&h=UUPRcAkakRNGbtqTh1eIN0FbiK-qqpu1fwLOq4VKdst-DxaE&_xt=.pdf,2647398,CSI,01,gs://specindex-ai-raw-documents/specs/TEXAS/601340000066930/specbook_media.nl-id-33584705-c-852252-h-UUPRcAkakRNGbtqTh1eIN0FbiK-qqpu1fwLOq4VKdst-DxaE-_xt-.pdf,2026-08-06,downloaded
Texas,Vertical,texas_vertical,TMD26-ANG-WJ-25269002,Ellington HVAC Replacement Projects,,https://www.txsmartbuy.gov/core/media/media.nl?id=33390433&c=852252&h=DGWG4qkUbfqBAfcb1xuM0VFblpLaBaOTg7mlvwBpJ0NykTeX&_xt=.pdf,media.nl?id=33390433&c=852252&h=DGWG4qkUbfqBAfcb1xuM0VFblpLaBaOTg7mlvwBpJ0NykTeX&_xt=.pdf,748429,CSI,,gs://specindex-ai-raw-documents/specs/TEXAS/TMD26-ANG-WJ-25269002/specbook_media.nl-id-33390433-c-852252-h-DGWG4qkUbfqBAfcb1xuM0VFblpLaBaOTg7mlvwBpJ0NykTeX-_xt-.pdf,2026-08-06,downloaded
Texas,Vertical,texas_vertical,HHS0017423,"HVAC Repair Services, System Diagnostics, and Preventive Maintenance Austin State Supported Living Center",,https://www.txsmartbuy.gov/core/media/media.nl?id=33465376&c=852252&h=qww-ZFLPftxQWmhqkPm_g_q7fO5qkU7okzYeoeW4ANwvueGc&_xt=.pdf,media.nl?id=33465376&c=852252&h=qww-ZFLPftxQWmhqkPm_g_q7fO5qkU7okzYeoeW4ANwvueGc&_xt=.pdf,421581,CSI,01,gs://specindex-ai-raw-documents/specs/TEXAS/HHS0017423/specbook_media.nl-id-33465376-c-852252-h-qww-ZFLPftxQWmhqkPm_g_q7fO5qkU7okzYeoeW4ANwvueGc-_xt-.pdf,2026-08-06,downloaded
Texas,Vertical,texas_vertical,HHS0017306,"Electrical repairs, maintenance, and installation services for the Denton State Supported Living Center",,https://www.txsmartbuy.gov/core/media/media.nl?id=33484315&c=852252&h=o-q7cGjJQFV-9lfMlwivM8VKl5eW_wrsTNmsejw-4jCBnA-t&_xt=.pdf,media.nl?id=33484315&c=852252&h=o-q7cGjJQFV-9lfMlwivM8VKl5eW_wrsTNmsejw-4jCBnA-t&_xt=.pdf,631272,CSI,01,gs://specindex-ai-raw-documents/specs/TEXAS/HHS0017306/specbook_media.nl-id-33484315-c-852252-h-o-q7cGjJQFV-9lfMlwivM8VKl5eW_wrsTNmsejw-4jCBnA-t-_xt-.pdf,2026-08-06,downloaded
Texas,Vertical,texas_vertical,HHS0017619,As Needed Plumbing Services at Austin State Hospital (ASH),,https://www.txsmartbuy.gov/core/media/media.nl?id=33512381&c=852252&h=hLIeEuSKlvt0YmqiYOT381XbSXWaP-iy2BKvLiTIT4zYW9NY&_xt=.pdf,media.nl?id=33512381&c=852252&h=hLIeEuSKlvt0YmqiYOT381XbSXWaP-iy2BKvLiTIT4zYW9NY&_xt=.pdf,452061,CSI,01,gs://specindex-ai-raw-documents/specs/TEXAS/HHS0017619/specbook_media.nl-id-33512381-c-852252-h-hLIeEuSKlvt0YmqiYOT381XbSXWaP-iy2BKvLiTIT4zYW9NY-_xt-.pdf,2026-08-06,downloaded
Texas,Vertical,texas_vertical,HHS0017486,"As needed plumbing maintenance, boiler maintenance, repairs, parts and services for Richmond State Supported Living Center.",,https://www.txsmartbuy.gov/core/media/media.nl?id=33442598&c=852252&h=Zup54H6abf3ZS3aEUp4ZdivpAB2NQUNwCCiBuR6woIEYg1A3&_xt=.pdf,media.nl?id=33442598&c=852252&h=Zup54H6abf3ZS3aEUp4ZdivpAB2NQUNwCCiBuR6woIEYg1A3&_xt=.pdf,634440,CSI,01,gs://specindex-ai-raw-documents/specs/TEXAS/HHS0017486/specbook_media.nl-id-33442598-c-852252-h-Zup54H6abf3ZS3aEUp4ZdivpAB2NQUNwCCiBuR6woIEYg1A3-_xt-.pdf,2026-08-06,downloaded
Texas,Vertical,texas_vertical,HHS0017408,"Boiler Preventative Maintenance, Inspections, and Parts Richmond State Supported Living Center",,https://www.txsmartbuy.gov/core/media/media.nl?id=33366755&c=852252&h=coRpBUhIDvSjG5cEXful4UAzdOcRgAUy-vFsezQz2eRHenA1&_xt=.pdf,media.nl?id=33366755&c=852252&h=coRpBUhIDvSjG5cEXful4UAzdOcRgAUy-vFsezQz2eRHenA1&_xt=.pdf,434602,CSI,01,gs://specindex-ai-raw-documents/specs/TEXAS/HHS0017408/specbook_media.nl-id-33366755-c-852252-h-coRpBUhIDvSjG5cEXful4UAzdOcRgAUy-vFsezQz2eRHenA1-_xt-.pdf,2026-08-06,downloaded
Texas,Vertical,texas_vertical,717-26-760,Campus-Wide Restrooms Renovations,,https://www.txsmartbuy.gov/core/media/media.nl?id=33460041&c=852252&h=nk7DjPqa_yct_Ar-8WG6F6DNdiVUUwm42d7pZUBcRculcHEF&_xt=.pdf,media.nl?id=33460041&c=852252&h=nk7DjPqa_yct_Ar-8WG6F6DNdiVUUwm42d7pZUBcRculcHEF&_xt=.pdf,6574472,CSI,01;02;03;05;07;08;09;22;31,gs://specindex-ai-raw-documents/specs/TEXAS/717-26-760/specbook_media.nl-id-33460041-c-852252-h-nk7DjPqa_yct_Ar-8WG6F6DNdiVUUwm42d7pZUBcRculcHEF-_xt-.pdf,2026-08-06,downloaded
Texas,Vertical,texas_vertical,808-26-261616,Invitation for Bid for Scraping and Painting Historical Building at Starr Family Home State Historic Site,,https://www.txsmartbuy.gov/core/media/media.nl?id=33226149&c=852252&h=gM25Pn-x-lLeTdZFs6FfVHPU1UgIUOpwoH8jHFsC_cbuMvTl&_xt=.pdf,media.nl?id=33226149&c=852252&h=gM25Pn-x-lLeTdZFs6FfVHPU1UgIUOpwoH8jHFsC_cbuMvTl&_xt=.pdf,261209,,,,2026-08-06,downloaded
Texas,Vertical,texas_vertical,2025-06844,Central Campus Garage Elevator and Lighting Improvements,,https://www.txsmartbuy.gov/core/media/media.nl?id=33525278&c=852252&h=b6_ZlVGbs3YFnndZG1sRuk5pKoJ7M170KYw_fFBYXZc_HqGL&_xt=.pdf,media.nl?id=33525278&c=852252&h=b6_ZlVGbs3YFnndZG1sRuk5pKoJ7M170KYw_fFBYXZc_HqGL&_xt=.pdf,94058,,,,2026-08-06,downloaded
Texas,Vertical,texas_vertical,HHS0017792,Fire Alarm Inspections and Maintenance - SGSSLC,,https://www.txsmartbuy.gov/core/media/media.nl?id=33584819&c=852252&h=W3xQEbJTMG7WafYbv8fvVZHUeVZWVP3CuGohZig0eWvltKqi&_xt=.pdf,media.nl?id=33584819&c=852252&h=W3xQEbJTMG7WafYbv8fvVZHUeVZWVP3CuGohZig0eWvltKqi&_xt=.pdf,335028,CSI,01,gs://specindex-ai-raw-documents/specs/TEXAS/HHS0017792/specbook_media.nl-id-33584819-c-852252-h-W3xQEbJTMG7WafYbv8fvVZHUeVZWVP3CuGohZig0eWvltKqi-_xt-.pdf,2026-08-06,downloaded
Texas,Vertical,texas_vertical,IW257966,Emergency Roof Replacement #3 at Estelle Unit,,https://www.txsmartbuy.gov/core/media/media.nl?id=33405207&c=852252&h=J1q4Uh71Wk3ZQM4S-6Gn98c7nHaz9riJKiPtYIFPwnNXmScQ&_xt=.pdf,media.nl?id=33405207&c=852252&h=J1q4Uh71Wk3ZQM4S-6Gn98c7nHaz9riJKiPtYIFPwnNXmScQ&_xt=.pdf,338169,,,,2026-08-06,downloaded
Texas,Vertical,texas_vertical,TAMUS-RFP-02-3484,"CMAR RFP - Reynolds Medical Sciences Building Level 2 HVAC Upgrade - College Station, Texas",,https://www.txsmartbuy.gov/core/media/media.nl?id=33400742&c=852252&h=Jw1GSpvaBBxF-I9txwuXUKsY69NaqrUP8qKB62tEPjbyPeGQ&_xt=.pdf,media.nl?id=33400742&c=852252&h=Jw1GSpvaBBxF-I9txwuXUKsY69NaqrUP8qKB62tEPjbyPeGQ&_xt=.pdf,147267,,,,2026-08-06,downloaded
Texas,Vertical,texas_vertical,FY26-ENG-49,RFQ Construction Materials Quality Testing and Subsurface Exploration Services FY2026-FY2030,,https://www.txsmartbuy.gov/core/media/media.nl?id=33471687&c=852252&h=Sa9a1GZZm8wUJmAhCX_sDYgHgomnsj1PKOIetw9WClqDEaUb&_xt=.pdf,media.nl?id=33471687&c=852252&h=Sa9a1GZZm8wUJmAhCX_sDYgHgomnsj1PKOIetw9WClqDEaUb&_xt=.pdf,862219,unreadable,,,2026-08-06,unreadable format
Utah,DOT,utah_dot,F-0089(640)353,"US-89; State St & 1870 N Intersection, Lehi",,https://contractorzone.udot.utah.gov/project-files/download/dcd89098-c16d-4ffe-9331-a89b9ecff88a/project-files?file_name=F-0089%28640%29353_Adv_Set.pdf,project-files?file_name=F-0089%28640%29353_Adv_Set.pdf,4031763,CSI,,gs://specindex-ai-raw-documents/specs/UTAH/F-0089-640-353/specbook_project-files-file_name-F-0089-28640-29353_Adv_Set.pdf,2026-08-06,downloaded
Utah,DOT,utah_dot,F-2186(3)3,Holladay Signal Optimization Enhancements,,https://contractorzone.udot.utah.gov/project-files/download/9d1881bd-89de-42c2-af22-ffc23c55d384/project-files?file_name=F-2186%283%293_Adv_Set.pdf,project-files?file_name=F-2186%283%293_Adv_Set.pdf,2456115,CSI,,gs://specindex-ai-raw-documents/specs/UTAH/F-2186-3-3/specbook_project-files-file_name-F-2186-283-293_Adv_Set.pdf,2026-08-06,downloaded
Utah,DOT,utah_dot,F-R399(293),American Fork Art Dye Trail,,https://contractorzone.udot.utah.gov/project-files/download/9f3fa8b3-e4c3-4f6f-b815-8b7706f3242e/project-files?file_name=F-R399%28293%29_Adv_Set.pdf,project-files?file_name=F-R399%28293%29_Adv_Set.pdf,2410995,CSI,,gs://specindex-ai-raw-documents/specs/UTAH/F-R399-293-/specbook_project-files-file_name-F-R399-28293-29_Adv_Set.pdf,2026-08-06,downloaded
Utah,DOT,utah_dot,F-0134(37)2,SR-134 & 2200 South Improvements,,https://contractorzone.udot.utah.gov/project-files/download/2c1a0cae-462e-40fb-a317-80d6f680cc30/project-files?file_name=F-0134%2837%292_Adv_Set.pdf,project-files?file_name=F-0134%2837%292_Adv_Set.pdf,1745791,CSI,,gs://specindex-ai-raw-documents/specs/UTAH/F-0134-37-2/specbook_project-files-file_name-F-0134-2837-292_Adv_Set.pdf,2026-08-06,downloaded
Utah,DOT,utah_dot,F-0198(46)12,SR-198; Spanish Fork Main to US-6,,https://contractorzone.udot.utah.gov/project-files/download/5530d9ec-d42c-4ae0-b720-7ff80a3ef76e/project-files?file_name=F-0198%2846%2912_Adv_Set.pdf,project-files?file_name=F-0198%2846%2912_Adv_Set.pdf,2055358,CSI,,gs://specindex-ai-raw-documents/specs/UTAH/F-0198-46-12/specbook_project-files-file_name-F-0198-2846-2912_Adv_Set.pdf,2026-08-06,downloaded
Utah,DOT,utah_dot,S-I15-1(143)17,I-15; SB Passing Lane MP 15.0 to 20.3,,https://contractorzone.udot.utah.gov/project-files/download/2fc51d26-3437-438e-a911-3ffdf0561167/project-files?file_name=S-I15-1%28143%2917_Adv_Set.pdf,project-files?file_name=S-I15-1%28143%2917_Adv_Set.pdf,18792214,CSI,,gs://specindex-ai-raw-documents/specs/UTAH/S-I15-1-143-17/specbook_project-files-file_name-S-I15-1-28143-2917_Adv_Set.pdf,2026-08-06,downloaded
Utah,DOT,utah_dot,F-I15-1(136)6,I-15; Widening from Exit 6 to Exit 8,,https://contractorzone.udot.utah.gov/project-files/download/a43243e8-6b11-4d54-a695-ac7977ac94e8/project-files?file_name=F-I15-1%28136%296_Adv_Set.pdf,project-files?file_name=F-I15-1%28136%296_Adv_Set.pdf,12091081,DOT SS/SP,,gs://specindex-ai-raw-documents/specs/UTAH/F-I15-1-136-6/proposal_project-files-file_name-F-I15-1-28136-296_Adv_Set.pdf,2026-08-06,downloaded
Vermont,DOT,vermont_dot,C03284,JAMAICA ER P23-1(216),,https://vtrans.exevision.com/icxpublic/DocumentHandler.ashx?boxFileId=2390185009267&fileName=PROPOSAL.pdf,DocumentHandler.ashx?boxFileId=2390185009267&fileName=PROPOSAL.pdf,15234475,CSI,01;05,gs://specindex-ai-raw-documents/specs/VERMONT/C03284/proposal_DocumentHandler.ashx-boxFileId-2390185009267-fileName-PROPOSAL.pdf,2026-08-06,downloaded
Vermont,DOT,vermont_dot,C03283,READING ER P23-1(404),,https://vtrans.exevision.com/icxpublic/DocumentHandler.ashx?boxFileId=2380648977585&fileName=PROPOSAL.pdf,DocumentHandler.ashx?boxFileId=2380648977585&fileName=PROPOSAL.pdf,11632898,CSI,01;02;05,gs://specindex-ai-raw-documents/specs/VERMONT/C03283/proposal_DocumentHandler.ashx-boxFileId-2380648977585-fileName-PROPOSAL.pdf,2026-08-06,downloaded
Vermont,DOT,vermont_dot,C03282,SOUTH BURLINGTON IM CULV(173),,https://vtrans.exevision.com/icxpublic/DocumentHandler.ashx?boxFileId=2348580279950&fileName=PROPOSAL.pdf,DocumentHandler.ashx?boxFileId=2348580279950&fileName=PROPOSAL.pdf,19657562,DOT SS/SP,,gs://specindex-ai-raw-documents/specs/VERMONT/C03282/proposal_DocumentHandler.ashx-boxFileId-2348580279950-fileName-PROPOSAL.pdf,2026-08-06,downloaded
Washington,DOT,washington_dot,23A802,23A802-ThorntonCreekFishPassageDemo1,,https://ftp.wsdot.wa.gov/contracts/23A802-ThorntonCreekFishPassageDemo1/Plans&Specifications/ThorntonCreekFishPassageDemo1Specs.pdf,ThorntonCreekFishPassageDemo1Specs.pdf,152557862,CSI,19;32;88,gs://specindex-ai-raw-documents/specs/WASHINGTON/23A802/drawings_ThorntonCreekFishPassageDemo1Specs.pdf,2026-08-06,downloaded
Washington,DOT,washington_dot,25A818,25A818-MudCreektoSnoqualmieRiverFishPassageDemo,,https://ftp.wsdot.wa.gov/contracts/25A818-MudCreektoSnoqualmieRiverFishPassageDemo/Plans&Specifications/MudCreektoSnoqualmieRiverFishPassageDemoSpecs.pdf,MudCreektoSnoqualmieRiverFishPassageDemoSpecs.pdf,28193419,CSI,01;03;08;32,gs://specindex-ai-raw-documents/specs/WASHINGTON/25A818/drawings_MudCreektoSnoqualmieRiverFishPassageDemoSpecs.pdf,2026-08-06,downloaded
Washington,DOT,washington_dot,9641,9641-GrassCrBrtoConnerCrBrChipSeal,,https://ftp.wsdot.wa.gov/contracts/9641-GrassCrBrtoConnerCrBrChipSeal/Plans&Specifications/GrassCRBRtoConnerCRBRChipSealSpecs.pdf,GrassCRBRtoConnerCRBRChipSealSpecs.pdf,6125763,CSI,01;02;05;08;09;32,gs://specindex-ai-raw-documents/specs/WASHINGTON/9641/drawings_GrassCRBRtoConnerCRBRChipSealSpecs.pdf,2026-08-06,downloaded
Washington,DOT,washington_dot,9642,9642-HoodCanalBridgeCenterlockRehabilitation,,https://ftp.wsdot.wa.gov/contracts/9642-HoodCanalBridgeCenterlockRehabilitation/Plans&Specifications/9642_HoodCanalBridgeCenterlockRehabilitationSpecs.pdf,9642_HoodCanalBridgeCenterlockRehabilitationSpecs.pdf,6464224,CSI,01;06;09;32,gs://specindex-ai-raw-documents/specs/WASHINGTON/9642/drawings_9642_HoodCanalBridgeCenterlockRehabilitationSpecs.pdf,2026-08-06,downloaded
Washington,DOT,washington_dot,9662,9662-AlaskanWayViaductReplacementSouthAccessSurfaceStreets,,https://ftp.wsdot.wa.gov/contracts/9662-AlaskanWayViaductReplacementSouthAccessSurfaceStreets/Plans&Specifications/9662_AlaskanWayViaduct-ReplacementSouthAccessSurfaceStreetsSpecsVOL1.pdf,9662_AlaskanWayViaduct-ReplacementSouthAccessSurfaceStreetsSpecsVOL1.pdf,5160476,CSI,01;02;03;05;06;07;08;09;32,gs://specindex-ai-raw-documents/specs/WASHINGTON/9662/drawings_9662_AlaskanWayViaduct-ReplacementSouthAccessSurfaceStreetsSpecsVOL1.pdf,2026-08-06,downloaded
Washington,DOT,washington_dot,9664,9664-I5toPortofVancouverIntersectionImprovementsADA,,https://ftp.wsdot.wa.gov/contracts/9664-I5toPortofVancouverIntersectionImprovementsADA/Plans&Specifications/9664_I-5ToPortOfVancouverIntersectionImprovements&amp;ADASpecs.pdf,9664_I-5ToPortOfVancouverIntersectionImprovements&amp;ADASpecs.pdf,,,,,2026-08-06,dead link
Washington,DOT,washington_dot,9664,9664-I5toPortofVancouverIntersectionImprovementsADA,,https://ftp.wsdot.wa.gov/contracts/9664-I5toPortofVancouverIntersectionImprovementsADA/Plans&Specifications/9664_I-5ToPortOfVancouverIntersectionImprovements&amp;ADAPlans.pdf,9664_I-5ToPortOfVancouverIntersectionImprovements&amp;ADAPlans.pdf,,,,,2026-08-06,dead link
Washington,DOT,washington_dot,9672,9672-KammDitchFishPassage,,https://ftp.wsdot.wa.gov/contracts/9672-KammDitchFishPassage/Plans&Specifications/9672_KammDitchFishPassageSpecs.pdf,9672_KammDitchFishPassageSpecs.pdf,13290462,CSI,01;02;05;06;07;08;09;32,gs://specindex-ai-raw-documents/specs/WASHINGTON/9672/drawings_9672_KammDitchFishPassageSpecs.pdf,2026-08-06,downloaded
Washington,DOT,washington_dot,9674,9674-MercerSttoSR520PortageBayI5InterchangeImprove,,https://ftp.wsdot.wa.gov/contracts/9674-MercerSttoSR520PortageBayI5InterchangeImprove/Plans&Specifications/9674_I-5MercerStToSR520PortageBayI-5InterchangeImprovementsSpecsVol1.pdf,9674_I-5MercerStToSR520PortageBayI-5InterchangeImprovementsSpecsVol1.pdf,8920362,CSI,01;02;03;05;06;07;08;32,gs://specindex-ai-raw-documents/specs/WASHINGTON/9674/drawings_9674_I-5MercerStToSR520PortageBayI-5InterchangeImprovementsSpecsVol1.pdf,2026-08-06,downloaded
Washington,DOT,washington_dot,9692,9692-KramerParkwayUndercrossing,,https://ftp.wsdot.wa.gov/contracts/9692-KramerParkwayUndercrossing/Plans&Specifications/9692_KramerParkwayUndercrossingSpecs.pdf,9692_KramerParkwayUndercrossingSpecs.pdf,4575986,CSI,01;02;05;06;07;08;09;32,gs://specindex-ai-raw-documents/specs/WASHINGTON/9692/drawings_9692_KramerParkwayUndercrossingSpecs.pdf,2026-08-06,downloaded
Washington,DOT,washington_dot,9693,9693-SofCosmopolisStabilizeSlope,,https://ftp.wsdot.wa.gov/contracts/9693-SofCosmopolisStabilizeSlope/Plans&Specifications/9693_SofCosmopolisStabilizeSlopeSpecs.pdf,9693_SofCosmopolisStabilizeSlopeSpecs.pdf,8463126,CSI,01;02;05;06;08;09;32,gs://specindex-ai-raw-documents/specs/WASHINGTON/9693/drawings_9693_SofCosmopolisStabilizeSlopeSpecs.pdf,2026-08-06,downloaded
Washington,DOT,washington_dot,9696,9696-HighpointtoSR18FiberExtension,,https://ftp.wsdot.wa.gov/contracts/9696-HighpointtoSR18FiberExtension/Plans&Specifications/HighpointToSR18FiberExtensionSpecs.pdf,HighpointToSR18FiberExtensionSpecs.pdf,2740650,CSI,01;06;08;09;32,gs://specindex-ai-raw-documents/specs/WASHINGTON/9696/drawings_HighpointToSR18FiberExtensionSpecs.pdf,2026-08-06,downloaded
Washington,DOT,washington_dot,9710,9710-SignalRemovalandADACompliance,,https://ftp.wsdot.wa.gov/contracts/9710-SignalRemovalandADACompliance/Plans&Specifications/SignalRemovalAndAdaCompliance(SmallWorksRoster)Specs.pdf,SignalRemovalAndAdaCompliance(SmallWorksRoster)Specs.pdf,3713503,CSI,01;05;06;07;32,gs://specindex-ai-raw-documents/specs/WASHINGTON/9710/drawings_SignalRemovalAndAdaCompliance-SmallWorksRoster-Specs.pdf,2026-08-06,downloaded
Washington,DOT,washington_dot,9713,9713-IndianCreekRemoveFishBarrier,,https://ftp.wsdot.wa.gov/contracts/9713-IndianCreekRemoveFishBarrier/Plans&Specifications/9713_IndianCreekRemoveFishBarrierSpecs.pdf,9713_IndianCreekRemoveFishBarrierSpecs.pdf,42138275,CSI,01;02;05;06;07;08;09;32,gs://specindex-ai-raw-documents/specs/WASHINGTON/9713/drawings_9713_IndianCreekRemoveFishBarrierSpecs.pdf,2026-08-06,downloaded
Washington,DOT,washington_dot,9717,9717-WestofWhitePassRepairCableNetPost,,https://ftp.wsdot.wa.gov/contracts/9717-WestofWhitePassRepairCableNetPost/Plans&Specifications/9717_WestOfWhitePassRepairCableNetPostSpecs.pdf,9717_WestOfWhitePassRepairCableNetPostSpecs.pdf,2720325,CSI,01;02;08;09;32,gs://specindex-ai-raw-documents/specs/WASHINGTON/9717/drawings_9717_WestOfWhitePassRepairCableNetPostSpecs.pdf,2026-08-06,downloaded
Washington,DOT,washington_dot,9724,9724-I205toSE164thAvenueAuxiliaryLanes,,https://ftp.wsdot.wa.gov/contracts/9724-I205toSE164thAvenueAuxiliaryLanes/Plans&Specifications/I-205ToSE164ThAvenueAuxilaryLanesSpecsVol%201Of2.pdf,I-205ToSE164ThAvenueAuxilaryLanesSpecsVol%201Of2.pdf,5524380,CSI,01;02;05;06;07;08;09;32,gs://specindex-ai-raw-documents/specs/WASHINGTON/9724/drawings_I-205ToSE164ThAvenueAuxilaryLanesSpecsVol-201Of2.pdf,2026-08-06,downloaded
Washington,DOT,washington_dot,9734,9734-SouthLakeStevesRoadIntersectionImprovements,,https://ftp.wsdot.wa.gov/contracts/9734-SouthLakeStevesRoadIntersectionImprovements/Plans&Specifications/9734_SouthLakeStevensRoadIntersectionImprovementsSpecs.pdf,9734_SouthLakeStevensRoadIntersectionImprovementsSpecs.pdf,51551367,CSI,01;02;05;06;07;08;09;32,gs://specindex-ai-raw-documents/specs/WASHINGTON/9734/drawings_9734_SouthLakeStevensRoadIntersectionImprovementsSpecs.pdf,2026-08-06,downloaded
Washington,DOT,washington_dot,9737,9737-BainbridgeFerryTerminalOHLWalkwayReplacementCabRehab,,https://ftp.wsdot.wa.gov/contracts/9737-BainbridgeFerryTerminalOHLWalkwayReplacementCabRehab/Plans&Specifications/9737_BainbridgeFerryTerminalOhlWalkwayReplacement&amp;CabRebhabSpecsVOL1.pdf,9737_BainbridgeFerryTerminalOhlWalkwayReplacement&amp;CabRebhabSpecsVOL1.pdf,,,,,2026-08-06,dead link
Washington,DOT,washington_dot,9737,9737-BainbridgeFerryTerminalOHLWalkwayReplacementCabRehab,,https://ftp.wsdot.wa.gov/contracts/9737-BainbridgeFerryTerminalOHLWalkwayReplacementCabRehab/Plans&Specifications/9737_BainbridgeFerryTerminalOhlWalkwayReplacement&amp;CabRebhabSpecsVOL2.pdf,9737_BainbridgeFerryTerminalOhlWalkwayReplacement&amp;CabRebhabSpecsVOL2.pdf,,,,,2026-08-06,dead link
Washington,DOT,washington_dot,9737,9737-BainbridgeFerryTerminalOHLWalkwayReplacementCabRehab,,https://ftp.wsdot.wa.gov/contracts/9737-BainbridgeFerryTerminalOHLWalkwayReplacementCabRehab/Plans&Specifications/9737_BainbridgeFerryTerminalOhlWalkwayReplacement&amp;CabRebhabSpecsVOL3.pdf,9737_BainbridgeFerryTerminalOhlWalkwayReplacement&amp;CabRebhabSpecsVOL3.pdf,,,,,2026-08-06,dead link
Washington,DOT,washington_dot,9738,9738-UnnamedTributaryto FourmileCreekFishPassage,,https://ftp.wsdot.wa.gov/contracts/9738-UnnamedTributaryto%20FourmileCreekFishPassage/Plans&Specifications/9738_UnnamedTributaryToFourmileCreekFish%20PassageSpecs.pdf,9738_UnnamedTributaryToFourmileCreekFish%20PassageSpecs.pdf,21042274,CSI,01;02;05;06;07;08;09;32,gs://specindex-ai-raw-documents/specs/WASHINGTON/9738/drawings_9738_UnnamedTributaryToFourmileCreekFish-20PassageSpecs.pdf,2026-08-06,downloaded
Washington,DOT,washington_dot,9740,9740-2021CWBranchFencingPCC,,https://ftp.wsdot.wa.gov/contracts/9740-2021CWBranchFencingPCC/Plans&Specifications/2021CWBranchFencing-PCCSpecs.pdf,2021CWBranchFencing-PCCSpecs.pdf,16390425,CSI,01;02;08;09;32,gs://specindex-ai-raw-documents/specs/WASHINGTON/9740/drawings_2021CWBranchFencing-PCCSpecs.pdf,2026-08-06,downloaded
Washington,DOT,washington_dot,9741,9741-MukilteoPedestrianandTrafficImprovements,,https://ftp.wsdot.wa.gov/contracts/9741-MukilteoPedestrianandTrafficImprovements/Plans&Specifications/MukilteoPedestrianAndTrafficImprovementsSpecs.pdf,MukilteoPedestrianAndTrafficImprovementsSpecs.pdf,9873071,CSI,01;02;05;06;07;08;09;32,gs://specindex-ai-raw-documents/specs/WASHINGTON/9741/drawings_MukilteoPedestrianAndTrafficImprovementsSpecs.pdf,2026-08-06,downloaded
Wisconsin,Vertical,wisconsin_vertical,,,,https://wisbuildnet.wisconsin.gov/public/bidlist_public_past.aspx,,,,,,2026-08-06,no active solicitations
